"Feature1","Feature2","CommonTickerCount","ScorePearson","RankPearson","EqualScoreCount","EqualRankCount","ExactScoreVector","ExactRankVector"
"F01","F02","180","0.76083595","0.78591932","2","6","False","False"
"F01","F03","180","0.59708234","0.62644938","7","3","False","False"
"F01","F04","180","0.75134771","0.7758758","12","4","False","False"
"F01","F05","180","0.09394539","0.04947066","4","1","False","False"
"F01","F06","180","-0.16444052","-0.18203237","2","2","False","False"
"F01","F07","180","-0.09973602","-0.13578197","4","1","False","False"
"F01","F08","180","0.21633523","0.25573835","2","5","False","False"
"F01","F09","180","0.21765334","0.22260152","6","2","False","False"
"F01","F10","180","0.66355498","0.66492587","2","3","False","False"
"F01","F11","180","0.67592628","0.7291151","1","1","False","False"
"F01","F12","180","0.86646592","0.87302077","11","7","False","False"
"F01","F13","180","0.72431825","0.77423377","4","4","False","False"
"F01","F14","180","0.65354509","0.69781783","4","2","False","False"
"F01","F15","180","0.71308993","0.75592457","2","3","False","False"
"F01","F16","180","0.82680281","0.87851271","5","0","False","False"
"F01","F17","180","0.79689227","0.82786506","3","5","False","False"
"F01","F18","180","0.81551843","0.8519872","2","6","False","False"
"F01","F19","180","0.80867292","0.8577631","4","5","False","False"
"F01","F20","180","0.83657608","0.85819933","5","4","False","False"
"F01","F21","180","0.81516022","0.83528092","3","5","False","False"
"F01","F22","180","0.2963533","0.28923938","3","2","False","False"
"F01","F23","180","0.83381963","0.86674074","3","3","False","False"
"F01","F24","180","0.81114959","0.84860438","7","10","False","False"
"F01","F25","180","0.80529979","0.83832011","2","3","False","False"
"F01","F26","180","0.84463574","0.87126763","3","8","False","False"
"F01","F27","180","0.87032876","0.89170036","8","5","False","False"
"F01","F28","180","0.70846825","0.72159429","5","3","False","False"
"F01","F29","180","0.36261642","0.34316903","4","1","False","False"
"F01","F30","180","0.4221916","0.42681564","5","2","False","False"
"F01","F31","180","0.66977136","0.71063304","3","3","False","False"
"F01","F32","180","0.42826474","0.44831836","5","4","False","False"
"F01","F33","180","0.69933319","0.72510057","7","0","False","False"
"F01","F34","180","0.52987529","0.56586726","2","3","False","False"
"F01","F35","180","0.57469838","0.58465591","6","8","False","False"
"F01","F36","180","0.71838341","0.74909514","9","4","False","False"
"F01","F37","180","0.84054823","0.83607313","5","3","False","False"
"F01","F38","180","0.87213001","0.87130673","3","6","False","False"
"F01","F39","180","0.75503833","0.78793173","1","5","False","False"
"F01","F40","180","0.81727431","0.84850561","11","0","False","False"
"F01","F41","180","0.23271977","0.23538792","2","0","False","False"
"F01","F42","180","0.7566121","0.78381637","3","7","False","False"
"F01","F43","180","0.72546606","0.76963281","2","4","False","False"
"F01","F44","180","0.69634095","0.67308662","3","4","False","False"
"F01","F45","180","0.50116535","0.55520849","2","1","False","False"
"F01","F46","180","0.60571463","0.63230964","4","3","False","False"
"F01","F47","180","-0.08637053","-0.10262868","1","1","False","False"
"F01","F48","180","0.62486501","0.65035135","4","4","False","False"
"F01","F49","180","0.32427778","0.36177043","1","4","False","False"
"F01","F50","180","0.15635525","0.13350824","3","0","False","False"
"F01","F51","180","0.36986487","0.35817361","3","2","False","False"
"F01","F52","180","0.08653316","0.11554678","4","1","False","False"
"F02","F03","180","0.58534072","0.55512001","6","1","False","False"
"F02","F04","180","0.62421063","0.63913907","7","1","False","False"
"F02","F05","180","0.07525362","-0.03115734","1","0","False","False"
"F02","F06","180","-0.18201679","-0.21938949","2","0","False","False"
"F02","F07","180","-0.10725148","-0.19708221","3","2","False","False"
"F02","F08","180","0.29082245","0.32685165","2","1","False","False"
"F02","F09","180","0.29710521","0.28824758","5","4","False","False"
"F02","F10","180","0.61955462","0.64062265","3","2","False","False"
"F02","F11","180","0.5674139","0.64777308","5","4","False","False"
"F02","F12","180","0.74237454","0.75718181","12","3","False","False"
"F02","F13","180","0.65896455","0.71832876","8","3","False","False"
"F02","F14","180","0.63107123","0.66900007","8","2","False","False"
"F02","F15","180","0.69497498","0.74793872","7","4","False","False"
"F02","F16","180","0.7068469","0.73917096","8","1","False","False"
"F02","F17","180","0.71910816","0.74330072","7","1","False","False"
"F02","F18","180","0.70988016","0.73383129","6","7","False","False"
"F02","F19","180","0.70860169","0.78921777","11","3","False","False"
"F02","F20","180","0.84260039","0.82905645","10","6","False","False"
"F02","F21","180","0.87991004","0.88078439","7","6","False","False"
"F02","F22","180","0.4220416","0.45590708","9","3","False","False"
"F02","F23","180","0.82022285","0.84153009","19","9","False","False"
"F02","F24","180","0.78400501","0.76752369","10","6","False","False"
"F02","F25","180","0.74005683","0.7168143","11","7","False","False"
"F02","F26","180","0.77437098","0.8103995","10","7","False","False"
"F02","F27","180","0.79886746","0.77899729","7","5","False","False"
"F02","F28","180","0.76186245","0.78182043","7","3","False","False"
"F02","F29","180","0.50850828","0.53934175","9","2","False","False"
"F02","F30","180","0.40527424","0.43611428","8","0","False","False"
"F02","F31","180","0.50792906","0.57916808","7","1","False","False"
"F02","F32","180","0.48423961","0.51111248","8","1","False","False"
"F02","F33","180","0.6541035","0.66017675","6","1","False","False"
"F02","F34","180","0.66685026","0.69289381","8","4","False","False"
"F02","F35","180","0.65631001","0.68954392","10","5","False","False"
"F02","F36","180","0.68196469","0.67210511","5","2","False","False"
"F02","F37","180","0.70922808","0.73238886","10","1","False","False"
"F02","F38","180","0.79796961","0.82446166","16","3","False","False"
"F02","F39","180","0.75363051","0.77742523","12","7","False","False"
"F02","F40","180","0.71642532","0.73224071","9","2","False","False"
"F02","F41","180","0.31106733","0.28192845","3","1","False","False"
"F02","F42","180","0.75530704","0.77092297","6","5","False","False"
"F02","F43","180","0.73755669","0.77955904","13","8","False","False"
"F02","F44","180","0.50722683","0.5177238","8","3","False","False"
"F02","F45","180","0.54797745","0.60345278","7","0","False","False"
"F02","F46","180","0.73225464","0.74502505","9","4","False","False"
"F02","F47","180","0.07758885","0.05380619","4","1","False","False"
"F02","F48","180","0.6060085","0.64971964","13","8","False","False"
"F02","F49","180","0.38001204","0.42804408","7","4","False","False"
"F02","F50","180","0.07973765","0.04539029","1","2","False","False"
"F02","F51","180","0.30423337","0.33048757","4","4","False","False"
"F02","F52","180","-0.07485576","-0.08733603","0","2","False","False"
"F03","F04","180","0.65528054","0.60618538","6","3","False","False"
"F03","F05","180","0.42089346","0.33042172","3","3","False","False"
"F03","F06","180","0.13124447","0.13438069","0","2","False","False"
"F03","F07","180","0.27959755","0.19839707","4","0","False","False"
"F03","F08","180","0.40074722","0.29932817","5","4","False","False"
"F03","F09","180","0.44457267","0.34564441","10","1","False","False"
"F03","F10","180","0.5581321","0.48544502","12","4","False","False"
"F03","F11","180","0.54240997","0.47850654","5","2","False","False"
"F03","F12","180","0.54132554","0.52335977","7","2","False","False"
"F03","F13","180","0.66898389","0.58886591","6","4","False","False"
"F03","F14","180","0.51568396","0.42854821","6","1","False","False"
"F03","F15","180","0.62217614","0.54216077","8","2","False","False"
"F03","F16","180","0.70208465","0.64538617","8","5","False","False"
"F03","F17","180","0.69651844","0.61954587","7","3","False","False"
"F03","F18","180","0.64771595","0.63808142","6","3","False","False"
"F03","F19","180","0.70769615","0.64426063","7","0","False","False"
"F03","F20","180","0.56036599","0.55603568","2","1","False","False"
"F03","F21","180","0.60523387","0.57745815","3","2","False","False"
"F03","F22","180","0.18972242","0.2188154","7","2","False","False"
"F03","F23","180","0.68278775","0.63180345","7","5","False","False"
"F03","F24","180","0.58818721","0.57199914","12","4","False","False"
"F03","F25","180","0.63022676","0.57965369","6","2","False","False"
"F03","F26","180","0.55029128","0.55107256","12","4","False","False"
"F03","F27","180","0.54808924","0.54465467","9","3","False","False"
"F03","F28","180","0.58188604","0.52822618","5","1","False","False"
"F03","F29","180","0.36894357","0.35788553","5","1","False","False"
"F03","F30","180","0.48356229","0.39213556","9","3","False","False"
"F03","F31","180","0.55082542","0.47947776","12","2","False","False"
"F03","F32","180","0.55635127","0.45994218","4","2","False","False"
"F03","F33","180","0.59138998","0.53410496","5","2","False","False"
"F03","F34","180","0.52817665","0.45389467","5","1","False","False"
"F03","F35","180","0.56114023","0.50893752","5","3","False","False"
"F03","F36","180","0.44852495","0.45610461","10","0","False","False"
"F03","F37","180","0.55182946","0.52860479","5","3","False","False"
"F03","F38","180","0.59452695","0.5633713","8","3","False","False"
"F03","F39","180","0.64458636","0.60597138","7","1","False","False"
"F03","F40","180","0.62592899","0.61006204","17","3","False","False"
"F03","F41","180","0.57903022","0.49145344","5","1","False","False"
"F03","F42","180","0.76121718","0.7538031","6","3","False","False"
"F03","F43","180","0.67907774","0.62475179","9","1","False","False"
"F03","F44","180","0.33977834","0.35866951","5","0","False","False"
"F03","F45","180","0.624997","0.53147114","8","1","False","False"
"F03","F46","180","0.60303773","0.57818863","6","5","False","False"
"F03","F47","180","0.28586809","0.17394981","11","2","False","False"
"F03","F48","180","0.63198484","0.57017398","3","3","False","False"
"F03","F49","180","0.52693628","0.44834717","3","2","False","False"
"F03","F50","180","0.02318537","-0.0257189","5","2","False","False"
"F03","F51","180","0.31518369","0.27939134","5","1","False","False"
"F03","F52","180","0.26406423","0.19525294","4","2","False","False"
"F04","F05","180","0.31574797","0.18034096","3","0","False","False"
"F04","F06","180","-0.03498576","-0.09424982","4","0","False","False"
"F04","F07","180","0.12324683","-0.00416474","3","2","False","False"
"F04","F08","180","0.48149088","0.40576355","3","1","False","False"
"F04","F09","180","0.53102624","0.45199132","8","7","False","False"
"F04","F10","180","0.63636549","0.60982129","7","7","False","False"
"F04","F11","180","0.63916823","0.61914462","7","2","False","False"
"F04","F12","180","0.73631237","0.76461208","7","3","False","False"
"F04","F13","180","0.80469035","0.79719333","9","9","False","False"
"F04","F14","180","0.66766335","0.64501785","1","2","False","False"
"F04","F15","180","0.73915858","0.71966007","9","7","False","False"
"F04","F16","180","0.82749191","0.81997798","7","4","False","False"
"F04","F17","180","0.77313889","0.74510119","2","6","False","False"
"F04","F18","180","0.73103075","0.74332953","7","3","False","False"
"F04","F19","180","0.81674188","0.81957262","7","4","False","False"
"F04","F20","180","0.63287182","0.67437267","7","6","False","False"
"F04","F21","180","0.69093569","0.73395269","3","1","False","False"
"F04","F22","180","0.3683351","0.39015607","3","2","False","False"
"F04","F23","180","0.7722872","0.77161847","8","3","False","False"
"F04","F24","180","0.63661124","0.69243701","4","4","False","False"
"F04","F25","180","0.70888803","0.75404591","2","3","False","False"
"F04","F26","180","0.64651522","0.71612704","2","3","False","False"
"F04","F27","180","0.66986915","0.72216015","11","3","False","False"
"F04","F28","180","0.66296024","0.66066237","2","6","False","False"
"F04","F29","180","0.41536519","0.4071031","2","2","False","False"
"F04","F30","180","0.60159718","0.55404385","5","0","False","False"
"F04","F31","180","0.70957138","0.71006924","7","2","False","False"
"F04","F32","180","0.66520408","0.61308682","9","4","False","False"
"F04","F33","180","0.69725494","0.68599854","3","2","False","False"
"F04","F34","180","0.65453482","0.62218381","4","5","False","False"
"F04","F35","180","0.70120932","0.68173503","5","2","False","False"
"F04","F36","180","0.48020483","0.51049724","5","1","False","False"
"F04","F37","180","0.69527739","0.73314608","4","4","False","False"
"F04","F38","180","0.75563042","0.74126156","4","8","False","False"
"F04","F39","180","0.62785168","0.64940482","5","3","False","False"
"F04","F40","180","0.75448826","0.79713366","10","1","False","False"
"F04","F41","180","0.49897045","0.38079982","2","0","False","False"
"F04","F42","180","0.83907546","0.82115086","7","10","False","False"
"F04","F43","180","0.68890175","0.70158544","7","4","False","False"
"F04","F44","180","0.4945389","0.57032007","5","0","False","False"
"F04","F45","180","0.70806537","0.65903886","9","3","False","False"
"F04","F46","180","0.68825707","0.65657994","3","5","False","False"
"F04","F47","180","0.20151276","0.09051102","5","2","False","False"
"F04","F48","180","0.81472218","0.77002994","12","4","False","False"
"F04","F49","180","0.53766655","0.47346523","2","3","False","False"
"F04","F50","180","0.03803174","0.06475097","3","0","False","False"
"F04","F51","180","0.43424402","0.44012675","2","1","False","False"
"F04","F52","180","0.22693984","0.1880058","4","0","False","False"
"F05","F06","180","0.6985707","0.75521878","13","3","False","False"
"F05","F07","180","0.91114564","0.91466198","9","5","False","False"
"F05","F08","180","0.4420449","0.22191631","4","5","False","False"
"F05","F09","180","0.52502185","0.36569853","4","0","False","False"
"F05","F10","180","0.10475816","-0.04829573","2","1","False","False"
"F05","F11","180","0.07727752","-0.10395794","3","2","False","False"
"F05","F12","180","0.03611216","-0.01910141","3","2","False","False"
"F05","F13","180","0.27667868","0.0965894","2","1","False","False"
"F05","F14","180","0.08426378","-0.13135796","1","1","False","False"
"F05","F15","180","0.14892364","-0.02682799","4","2","False","False"
"F05","F16","180","0.30680905","0.17430373","0","2","False","False"
"F05","F17","180","0.30527405","0.17307942","2","1","False","False"
"F05","F18","180","0.1526127","0.08053129","2","2","False","False"
"F05","F19","180","0.29860315","0.12425281","2","1","False","False"
"F05","F20","180","0.0562055","-0.04241695","1","0","False","False"
"F05","F21","180","0.12760205","0.02251921","0","2","False","False"
"F05","F22","180","-0.06044171","-0.16163256","4","0","False","False"
"F05","F23","180","0.28546422","0.1695505","2","1","False","False"
"F05","F24","180","0.1259081","0.05625071","2","2","False","False"
"F05","F25","180","0.09405097","0.01971872","0","1","False","False"
"F05","F26","180","-0.0662546","-0.08465693","5","2","False","False"
"F05","F27","180","0.00672347","-0.0242456","3","0","False","False"
"F05","F28","180","0.15629873","0.06791362","2","1","False","False"
"F05","F29","180","0.0953093","0.01744498","4","1","False","False"
"F05","F30","180","0.21106364","0.12221365","2","0","False","False"
"F05","F31","180","0.12078254","0.02135251","1","0","False","False"
"F05","F32","180","0.40802292","0.24800971","0","2","False","False"
"F05","F33","180","0.18485375","0.08722697","2","1","False","False"
"F05","F34","180","0.15670575","-0.00201858","5","0","False","False"
"F05","F35","180","0.23689864","0.11438419","2","1","False","False"
"F05","F36","180","-0.05675295","-0.15735259","2","0","False","False"
"F05","F37","180","0.04461986","0.01658076","1","1","False","False"
"F05","F38","180","0.08912783","0.02936305","1","0","False","False"
"F05","F39","180","0.08730505","-0.00529234","0","0","False","False"
"F05","F40","180","0.09138959","0.06355957","3","2","False","False"
"F05","F41","180","0.78138289","0.67759705","5","1","False","False"
"F05","F42","180","0.42793585","0.33679435","2","1","False","False"
"F05","F43","180","0.15461241","0.02822309","2","1","False","False"
"F05","F44","180","-0.2873659","-0.27650853","2","2","False","False"
"F05","F45","180","0.5364072","0.34418346","5","2","False","False"
"F05","F46","180","0.28855533","0.19030217","4","1","False","False"
"F05","F47","180","0.52028815","0.44676893","3","2","False","False"
"F05","F48","180","0.40615171","0.293828","4","1","False","False"
"F05","F49","180","0.54146329","0.45564987","4","2","False","False"
"F05","F50","180","0.01766167","-0.01275965","9","1","False","False"
"F05","F51","180","0.32932206","0.29786928","1","2","False","False"
"F05","F52","180","0.25995673","0.26489295","5","0","False","False"
"F06","F07","180","0.86610698","0.87553114","10","4","False","False"
"F06","F08","180","0.14275621","0.08495941","3","0","False","False"
"F06","F09","180","0.2005465","0.16597837","2","0","False","False"
"F06","F10","180","-0.21688691","-0.27097544","2","0","False","False"
"F06","F11","180","-0.26648864","-0.36028067","1","1","False","False"
"F06","F12","180","-0.25317666","-0.25714168","2","1","False","False"
"F06","F13","180","-0.09427124","-0.1821764","3","0","False","False"
"F06","F14","180","-0.26384357","-0.36139593","0","2","False","False"
"F06","F15","180","-0.26088011","-0.31325041","0","1","False","False"
"F06","F16","180","-0.05264802","-0.08138111","4","2","False","False"
"F06","F17","180","-0.02215677","-0.05364569","2","2","False","False"
"F06","F18","180","-0.1167474","-0.12267663","6","1","False","False"
"F06","F19","180","-0.06133971","-0.14028622","5","1","False","False"
"F06","F20","180","-0.19367943","-0.21199214","3","1","False","False"
"F06","F21","180","-0.17719403","-0.19460889","1","2","False","False"
"F06","F22","180","-0.27877279","-0.28465899","2","0","False","False"
"F06","F23","180","-0.02608608","-0.06766258","1","0","False","False"
"F06","F24","180","-0.14308738","-0.18129983","1","1","False","False"
"F06","F25","180","-0.19529212","-0.2131074","1","0","False","False"
"F06","F26","180","-0.32073931","-0.30413696","1","0","False","False"
"F06","F27","180","-0.23535959","-0.23665339","1","2","False","False"
"F06","F28","180","-0.14358142","-0.15779911","3","1","False","False"
"F06","F29","180","-0.14597456","-0.1484552","3","0","False","False"
"F06","F30","180","-0.08053271","-0.12217455","4","3","False","False"
"F06","F31","180","-0.15466676","-0.20091361","2","0","False","False"
"F06","F32","180","0.04319895","-0.0276881","2","3","False","False"
"F06","F33","180","-0.13781701","-0.17464325","0","0","False","False"
"F06","F34","180","-0.19369566","-0.22641851","2","2","False","False"
"F06","F35","180","-0.12446789","-0.13482926","1","2","False","False"
"F06","F36","180","-0.25014998","-0.26416453","3","0","False","False"
"F06","F37","180","-0.23798485","-0.23406072","2","1","False","False"
"F06","F38","180","-0.17367716","-0.18047471","3","0","False","False"
"F06","F39","180","-0.21823393","-0.22942889","1","0","False","False"
"F06","F40","180","-0.211337","-0.20604545","3","0","False","False"
"F06","F41","180","0.51369939","0.50080147","0","2","False","False"
"F06","F42","180","0.04740671","0.03554019","5","1","False","False"
"F06","F43","180","-0.17389026","-0.20557425","2","1","False","False"
"F06","F44","180","-0.41870313","-0.44439232","3","0","False","False"
"F06","F45","180","0.14774981","0.08467134","2","2","False","False"
"F06","F46","180","-0.02373113","-0.02299042","2","1","False","False"
"F06","F47","180","0.35663517","0.36585286","2","2","False","False"
"F06","F48","180","0.01091717","-0.00927601","3","1","False","False"
"F06","F49","180","0.20679413","0.17826065","3","1","False","False"
"F06","F50","180","-0.09458308","-0.10253197","1","0","False","False"
"F06","F51","180","-0.00120338","0.0242703","0","1","False","False"
"F06","F52","180","0.10336125","0.13413171","4","2","False","False"
"F07","F08","180","0.33176545","0.15666121","5","0","False","False"
"F07","F09","180","0.39719125","0.28010124","4","1","False","False"
"F07","F10","180","-0.08737832","-0.21123286","2","1","False","False"
"F07","F11","180","-0.12468498","-0.29433624","4","1","False","False"
"F07","F12","180","-0.17667227","-0.20957025","3","0","False","False"
"F07","F13","180","0.06676421","-0.09588568","0","0","False","False"
"F07","F14","180","-0.10264789","-0.2935996","1","0","False","False"
"F07","F15","180","-0.07795019","-0.22208916","3","0","False","False"
"F07","F16","180","0.11010089","0.00205356","4","0","False","False"
"F07","F17","180","0.12993414","0.01722687","1","1","False","False"
"F07","F18","180","-0.01879214","-0.07794479","4","2","False","False"
"F07","F19","180","0.080101","-0.07086638","1","0","False","False"
"F07","F20","180","-0.13414314","-0.20787267","1","1","False","False"
"F07","F21","180","-0.08276321","-0.16559976","3","0","False","False"
"F07","F22","180","-0.21623148","-0.28069385","2","0","False","False"
"F07","F23","180","0.09002932","-0.01316296","5","1","False","False"
"F07","F24","180","-0.05625876","-0.1175633","7","1","False","False"
"F07","F25","180","-0.10012813","-0.15929504","3","0","False","False"
"F07","F26","180","-0.25977136","-0.26824079","2","0","False","False"
"F07","F27","180","-0.16656513","-0.18928568","1","1","False","False"
"F07","F28","180","-0.06014296","-0.1221869","1","2","False","False"
"F07","F29","180","-0.07170087","-0.11753449","2","0","False","False"
"F07","F30","180","0.05988689","-0.01488112","1","1","False","False"
"F07","F31","180","-0.06258259","-0.14472257","3","2","False","False"
"F07","F32","180","0.23836239","0.09821702","4","0","False","False"
"F07","F33","180","0.01244727","-0.06540737","3","1","False","False"
"F07","F34","180","-0.03584886","-0.1583197","3","0","False","False"
"F07","F35","180","0.02678166","-0.04781012","1","1","False","False"
"F07","F36","180","-0.20785212","-0.28903567","3","1","False","False"
"F07","F37","180","-0.17186403","-0.18793584","3","0","False","False"
"F07","F38","180","-0.09442353","-0.13540953","1","2","False","False"
"F07","F39","180","-0.10365919","-0.17587786","5","1","False","False"
"F07","F40","180","-0.10446686","-0.12763357","1","0","False","False"
"F07","F41","180","0.70619795","0.61383582","7","1","False","False"
"F07","F42","180","0.22295429","0.14534399","4","2","False","False"
"F07","F43","180","-0.04975123","-0.14836055","2","0","False","False"
"F07","F44","180","-0.43363839","-0.44278733","6","0","False","False"
"F07","F45","180","0.362276","0.19915635","2","1","False","False"
"F07","F46","180","0.11988622","0.0526045","5","2","False","False"
"F07","F47","180","0.48157852","0.44250543","6","3","False","False"
"F07","F48","180","0.21376484","0.1256438","1","0","False","False"
"F07","F49","180","0.39075807","0.31767236","1","3","False","False"
"F07","F50","180","-0.08103631","-0.0877167","2","3","False","False"
"F07","F51","180","0.12227038","0.12547507","6","1","False","False"
"F07","F52","180","0.253732","0.26096279","1","1","False","False"
"F08","F09","180","0.88536313","0.85852032","11","6","False","False"
"F08","F10","180","0.34382213","0.24523802","5","2","False","False"
"F08","F11","180","0.33119552","0.22924987","3","2","False","False"
"F08","F12","180","0.20276391","0.23295163","4","4","False","False"
"F08","F13","180","0.54639459","0.45327119","4","3","False","False"
"F08","F14","180","0.36625406","0.27794273","5","2","False","False"
"F08","F15","180","0.44996416","0.36723767","7","4","False","False"
"F08","F16","180","0.42018031","0.36829943","5","1","False","False"
"F08","F17","180","0.36534386","0.27106804","4","4","False","False"
"F08","F18","180","0.24355474","0.2396967","5","3","False","False"
"F08","F19","180","0.49626156","0.42425178","9","3","False","False"
"F08","F20","180","0.27677265","0.32968096","5","3","False","False"
"F08","F21","180","0.32867803","0.39088655","7","2","False","False"
"F08","F22","180","0.52291579","0.56844553","3","4","False","False"
"F08","F23","180","0.43429384","0.39549163","4","2","False","False"
"F08","F24","180","0.2057935","0.2566787","4","3","False","False"
"F08","F25","180","0.2482317","0.25420332","7","2","False","False"
"F08","F26","180","0.13179716","0.20867311","7","1","False","False"
"F08","F27","180","0.13250972","0.18633908","9","1","False","False"
"F08","F28","180","0.37398797","0.3493791","7","4","False","False"
"F08","F29","180","0.57819589","0.61928866","11","1","False","False"
"F08","F30","180","0.3917382","0.29859358","2","2","False","False"
"F08","F31","180","0.24591717","0.20447956","3","2","False","False"
"F08","F32","180","0.6499461","0.54738727","4","5","False","False"
"F08","F33","180","0.28474758","0.20610718","3","1","False","False"
"F08","F34","180","0.579193","0.52879204","7","3","False","False"
"F08","F35","180","0.67383417","0.66205336","9","4","False","False"
"F08","F36","180","0.20114618","0.27564225","3","0","False","False"
"F08","F37","180","0.17584067","0.20705989","5","0","False","False"
"F08","F38","180","0.23340144","0.23506693","6","1","False","False"
"F08","F39","180","0.26704951","0.23392697","3","1","False","False"
"F08","F40","180","0.18940693","0.2135354","4","1","False","False"
"F08","F41","180","0.72013783","0.59194625","4","1","False","False"
"F08","F42","180","0.53326705","0.50160602","5","1","False","False"
"F08","F43","180","0.37409321","0.32333508","2","4","False","False"
"F08","F44","180","-0.19330883","-0.12046668","1","1","False","False"
"F08","F45","180","0.77537118","0.69075589","11","2","False","False"
"F08","F46","180","0.65498998","0.66744447","7","1","False","False"
"F08","F47","180","0.61359768","0.49897836","4","2","False","False"
"F08","F48","180","0.64982759","0.60694054","3","2","False","False"
"F08","F49","180","0.67672782","0.58167639","8","3","False","False"
"F08","F50","180","0.0094847","-0.0469212","0","2","False","False"
"F08","F51","180","0.2956202","0.27467309","7","0","False","False"
"F08","F52","180","0.29001808","0.22811609","6","0","False","False"
"F09","F10","180","0.32522037","0.21823719","3","2","False","False"
"F09","F11","180","0.31965444","0.2136424","5","3","False","False"
"F09","F12","180","0.22997883","0.22558927","5","1","False","False"
"F09","F13","180","0.56949324","0.46770168","5","5","False","False"
"F09","F14","180","0.35879603","0.24636357","0","2","False","False"
"F09","F15","180","0.4380876","0.34503534","3","4","False","False"
"F09","F16","180","0.4830769","0.40267498","9","2","False","False"
"F09","F17","180","0.39645798","0.29610173","7","7","False","False"
"F09","F18","180","0.25171136","0.23036513","5","3","False","False"
"F09","F19","180","0.51493419","0.41736473","2","3","False","False"
"F09","F20","180","0.28284551","0.28089139","5","3","False","False"
"F09","F21","180","0.34692961","0.36060784","3","3","False","False"
"F09","F22","180","0.46920905","0.46697532","4","4","False","False"
"F09","F23","180","0.46823382","0.39593609","4","2","False","False"
"F09","F24","180","0.28556203","0.28053952","3","2","False","False"
"F09","F25","180","0.32042776","0.28783193","3","2","False","False"
"F09","F26","180","0.17010455","0.18544194","6","1","False","False"
"F09","F27","180","0.14055953","0.18324845","7","3","False","False"
"F09","F28","180","0.42541532","0.37524203","9","3","False","False"
"F09","F29","180","0.58270211","0.58260234","3","1","False","False"
"F09","F30","180","0.47364529","0.4065537","6","2","False","False"
"F09","F31","180","0.29439372","0.23975843","8","2","False","False"
"F09","F32","180","0.68513901","0.61845324","4","6","False","False"
"F09","F33","180","0.3342086","0.25965616","6","1","False","False"
"F09","F34","180","0.60747185","0.53213782","12","4","False","False"
"F09","F35","180","0.70175962","0.65992778","9","2","False","False"
"F09","F36","180","0.16540408","0.17994177","5","1","False","False"
"F09","F37","180","0.24537848","0.25319712","3","2","False","False"
"F09","F38","180","0.27547711","0.24977314","5","5","False","False"
"F09","F39","180","0.2839401","0.22765929","5","3","False","False"
"F09","F40","180","0.21944194","0.24437174","5","1","False","False"
"F09","F41","180","0.78431829","0.71903454","9","0","False","False"
"F09","F42","180","0.5609186","0.51853864","5","9","False","False"
"F09","F43","180","0.41268027","0.34309289","3","5","False","False"
"F09","F44","180","-0.18398516","-0.12348118","5","3","False","False"
"F09","F45","180","0.82427149","0.74595101","9","4","False","False"
"F09","F46","180","0.6727659","0.63928928","3","3","False","False"
"F09","F47","180","0.69832688","0.62573125","4","2","False","False"
"F09","F48","180","0.70794951","0.66082492","2","9","False","False"
"F09","F49","180","0.77078442","0.71130179","5","4","False","False"
"F09","F50","180","-0.04088526","-0.06678807","1","2","False","False"
"F09","F51","180","0.41730912","0.41282138","3","1","False","False"
"F09","F52","180","0.32819156","0.29969855","5","1","False","False"
"F10","F11","180","0.79178879","0.76629114","7","8","False","False"
"F10","F12","180","0.65778951","0.6766999","8","3","False","False"
"F10","F13","180","0.72776601","0.69247199","11","1","False","False"
"F10","F14","180","0.68945306","0.64812288","5","2","False","False"
"F10","F15","180","0.81674489","0.77046411","7","3","False","False"
"F10","F16","180","0.72311933","0.69430332","12","6","False","False"
"F10","F17","180","0.70033557","0.65889276","12","1","False","False"
"F10","F18","180","0.66248771","0.64645205","7","1","False","False"
"F10","F19","180","0.72663465","0.67750857","7","8","False","False"
"F10","F20","180","0.59251881","0.61874338","5","1","False","False"
"F10","F21","180","0.62076689","0.63947241","6","3","False","False"
"F10","F22","180","0.32679925","0.34772884","6","2","False","False"
"F10","F23","180","0.69169038","0.64836569","4","1","False","False"
"F10","F24","180","0.58535461","0.61001471","7","5","False","False"
"F10","F25","180","0.69986921","0.71897898","11","4","False","False"
"F10","F26","180","0.56950034","0.61799232","8","0","False","False"
"F10","F27","180","0.55733511","0.58901612","8","1","False","False"
"F10","F28","180","0.66423054","0.63503195","5","2","False","False"
"F10","F29","180","0.33736517","0.34162989","2","4","False","False"
"F10","F30","180","0.61399669","0.54953342","5","0","False","False"
"F10","F31","180","0.66759111","0.63318004","10","2","False","False"
"F10","F32","180","0.56518932","0.48404375","4","0","False","False"
"F10","F33","180","0.69423386","0.67121207","7","3","False","False"
"F10","F34","180","0.59692208","0.56324166","10","1","False","False"
"F10","F35","180","0.50548905","0.47403726","2","1","False","False"
"F10","F36","180","0.51594526","0.54471229","2","1","False","False"
"F10","F37","180","0.56467836","0.58650164","9","1","False","False"
"F10","F38","180","0.59155132","0.57979567","8","1","False","False"
"F10","F39","180","0.7937743","0.78685762","10","3","False","False"
"F10","F40","180","0.62951927","0.65665607","4","2","False","False"
"F10","F41","180","0.29891523","0.16675","3","3","False","False"
"F10","F42","180","0.593442","0.56357912","8","1","False","False"
"F10","F43","180","0.81130414","0.7916376","6","0","False","False"
"F10","F44","180","0.42969791","0.47859708","3","3","False","False"
"F10","F45","180","0.57070367","0.49783224","4","3","False","False"
"F10","F46","180","0.50031185","0.46527773","5","0","False","False"
"F10","F47","180","0.11868475","-0.02862434","3","1","False","False"
"F10","F48","180","0.58348011","0.53140941","4","1","False","False"
"F10","F49","180","0.39045612","0.2869389","5","3","False","False"
"F10","F50","180","0.16598771","0.1465786","3","1","False","False"
"F10","F51","180","0.3233308","0.30919473","6","4","False","False"
"F10","F52","180","0.17154113","0.11506116","3","2","False","False"
"F11","F12","180","0.65179703","0.71026678","16","1","False","False"
"F11","F13","180","0.75680836","0.73824501","17","2","False","False"
"F11","F14","180","0.74386799","0.72994228","8","1","False","False"
"F11","F15","180","0.84039188","0.81472062","10","5","False","False"
"F11","F16","180","0.74182214","0.73686431","5","7","False","False"
"F11","F17","180","0.69356918","0.68063418","11","5","False","False"
"F11","F18","180","0.71393227","0.7090116","9","1","False","False"
"F11","F19","180","0.75177768","0.70182207","10","6","False","False"
"F11","F20","180","0.60231881","0.68641419","6","1","False","False"
"F11","F21","180","0.56098412","0.6248485","6","2","False","False"
"F11","F22","180","0.35973031","0.37786146","2","2","False","False"
"F11","F23","180","0.65964003","0.64402193","6","4","False","False"
"F11","F24","180","0.56081079","0.66450611","8","3","False","False"
"F11","F25","180","0.68672233","0.76769448","16","4","False","False"
"F11","F26","180","0.54637369","0.64705083","13","3","False","False"
"F11","F27","180","0.56318094","0.64060413","5","4","False","False"
"F11","F28","180","0.6690557","0.64087163","8","3","False","False"
"F11","F29","180","0.32871651","0.35869008","2","5","False","False"
"F11","F30","180","0.67534031","0.5786907","5","6","False","False"
"F11","F31","180","0.64170808","0.65338642","7","1","False","False"
"F11","F32","180","0.55785601","0.45173411","4","1","False","False"
"F11","F33","180","0.72977621","0.73952488","9","3","False","False"
"F11","F34","180","0.59079492","0.55275986","11","2","False","False"
"F11","F35","180","0.48206762","0.47043427","8","1","False","False"
"F11","F36","180","0.54890806","0.62245337","3","3","False","False"
"F11","F37","180","0.5768876","0.66720372","5","4","False","False"
"F11","F38","180","0.61188762","0.66616048","8","5","False","False"
"F11","F39","180","0.79583938","0.82292046","10","5","False","False"
"F11","F40","180","0.6254315","0.68133173","5","1","False","False"
"F11","F41","180","0.23686088","0.07049395","1","1","False","False"
"F11","F42","180","0.56188798","0.5673385","2","2","False","False"
"F11","F43","180","0.78630654","0.76924185","8","2","False","False"
"F11","F44","180","0.48891084","0.5931788","4","2","False","False"
"F11","F45","180","0.51687509","0.44167207","8","3","False","False"
"F11","F46","180","0.473074","0.46152659","4","0","False","False"
"F11","F47","180","0.04358549","-0.15448831","6","0","False","False"
"F11","F48","180","0.56429495","0.52347089","6","3","False","False"
"F11","F49","180","0.38762369","0.27709909","8","6","False","False"
"F11","F50","180","0.14395879","0.13081885","4","2","False","False"
"F11","F51","180","0.35816589","0.34953548","2","1","False","False"
"F11","F52","180","0.20514297","0.11082235","5","2","False","False"
"F12","F13","180","0.72052169","0.77334486","16","4","False","False"
"F12","F14","180","0.67596751","0.70367398","10","3","False","False"
"F12","F15","180","0.70547307","0.74339743","8","5","False","False"
"F12","F16","180","0.8116168","0.84666193","8","1","False","False"
"F12","F17","180","0.75920527","0.79322613","7","6","False","False"
"F12","F18","180","0.81093781","0.82505221","10","3","False","False"
"F12","F19","180","0.77381952","0.83058942","10","6","False","False"
"F12","F20","180","0.82166937","0.83840654","8","4","False","False"
"F12","F21","180","0.80661316","0.81830921","12","6","False","False"
"F12","F22","180","0.36592139","0.34557239","8","3","False","False"
"F12","F23","180","0.76850269","0.79837855","10","4","False","False"
"F12","F24","180","0.76344123","0.80234164","8","7","False","False"
"F12","F25","180","0.79469504","0.81503544","4","3","False","False"
"F12","F26","180","0.82268885","0.83698057","8","3","False","False"
"F12","F27","180","0.83064666","0.84487587","17","2","False","False"
"F12","F28","180","0.69527595","0.69963888","5","3","False","False"
"F12","F29","180","0.34288668","0.31380598","2","2","False","False"
"F12","F30","180","0.42096083","0.4297396","4","0","False","False"
"F12","F31","180","0.67012194","0.69804212","10","3","False","False"
"F12","F32","180","0.41548112","0.42387728","8","1","False","False"
"F12","F33","180","0.69984009","0.70920913","7","7","False","False"
"F12","F34","180","0.50870679","0.51841929","10","2","False","False"
"F12","F35","180","0.57575367","0.54923094","7","3","False","False"
"F12","F36","180","0.67429017","0.68212188","12","1","False","False"
"F12","F37","180","0.81045125","0.81240162","11","5","False","False"
"F12","F38","180","0.83098019","0.81985246","14","2","False","False"
"F12","F39","180","0.69994699","0.72951017","12","6","False","False"
"F12","F40","180","0.85482181","0.85637005","10","4","False","False"
"F12","F41","180","0.16533128","0.15237302","5","1","False","False"
"F12","F42","180","0.73571007","0.73943023","7","4","False","False"
"F12","F43","180","0.68294012","0.7170818","8","4","False","False"
"F12","F44","180","0.73635962","0.74144881","12","0","False","False"
"F12","F45","180","0.50645675","0.56150087","4","2","False","False"
"F12","F46","180","0.54264044","0.53115631","6","1","False","False"
"F12","F47","180","-0.11317476","-0.16329311","2","0","False","False"
"F12","F48","180","0.58790863","0.59364178","7","3","False","False"
"F12","F49","180","0.2636917","0.2850911","7","1","False","False"
"F12","F50","180","0.11502222","0.13776968","1","2","False","False"
"F12","F51","180","0.32906784","0.34014836","3","1","False","False"
"F12","F52","180","0.03151917","0.01295925","3","1","False","False"
"F13","F14","180","0.81150392","0.79416237","9","4","False","False"
"F13","F15","180","0.87012802","0.85419715","12","6","False","False"
"F13","F16","180","0.84715395","0.82084221","4","5","False","False"
"F13","F17","180","0.80895851","0.77991502","4","3","False","False"
"F13","F18","180","0.73316876","0.75485663","13","9","False","False"
"F13","F19","180","0.87342677","0.85418892","9","5","False","False"
"F13","F20","180","0.67936815","0.7402389","13","2","False","False"
"F13","F21","180","0.7395509","0.78865809","8","3","False","False"
"F13","F22","180","0.43707807","0.48176384","6","1","False","False"
"F13","F23","180","0.81646364","0.80068726","10","5","False","False"
"F13","F24","180","0.67071541","0.72636604","16","2","False","False"
"F13","F25","180","0.76838157","0.81613219","13","2","False","False"
"F13","F26","180","0.66158542","0.75187094","14","6","False","False"
"F13","F27","180","0.62600742","0.71164748","8","4","False","False"
"F13","F28","180","0.72792064","0.72797514","9","2","False","False"
"F13","F29","180","0.46018655","0.45614782","6","1","False","False"
"F13","F30","180","0.63358587","0.57083243","7","1","False","False"
"F13","F31","180","0.69110826","0.67446526","4","4","False","False"
"F13","F32","180","0.71470519","0.65463337","7","3","False","False"
"F13","F33","180","0.78061386","0.75697398","11","6","False","False"
"F13","F34","180","0.77806807","0.77012871","10","3","False","False"
"F13","F35","180","0.73876407","0.7221725","9","4","False","False"
"F13","F36","180","0.57810093","0.61690999","9","2","False","False"
"F13","F37","180","0.66773733","0.71756947","8","1","False","False"
"F13","F38","180","0.69622948","0.72620348","16","6","False","False"
"F13","F39","180","0.73769135","0.77724004","13","1","False","False"
"F13","F40","180","0.71451547","0.79357182","7","2","False","False"
"F13","F41","180","0.51017021","0.37182218","7","2","False","False"
"F13","F42","180","0.80555951","0.80715248","7","5","False","False"
"F13","F43","180","0.77891042","0.79308003","12","3","False","False"
"F13","F44","180","0.41266898","0.52608208","4","0","False","False"
"F13","F45","180","0.76752381","0.70823174","5","2","False","False"
"F13","F46","180","0.71115458","0.68181322","3","4","False","False"
"F13","F47","180","0.31805922","0.15202938","4","2","False","False"
"F13","F48","180","0.80300268","0.76491661","11","5","False","False"
"F13","F49","180","0.58397564","0.50762678","3","3","False","False"
"F13","F50","180","0.12343334","0.1019085","2","1","False","False"
"F13","F51","180","0.43939426","0.46048746","5","3","False","False"
"F13","F52","180","0.26220507","0.1763326","5","2","False","False"
"F14","F15","180","0.8406641","0.83608136","10","5","False","False"
"F14","F16","180","0.72395711","0.71143965","11","4","False","False"
"F14","F17","180","0.73598205","0.7255512","8","5","False","False"
"F14","F18","180","0.67932293","0.6845417","7","2","False","False"
"F14","F19","180","0.73325175","0.72450796","13","7","False","False"
"F14","F20","180","0.64396024","0.6747698","7","3","False","False"
"F14","F21","180","0.7023721","0.73187856","17","2","False","False"
"F14","F22","180","0.36672206","0.37970925","2","2","False","False"
"F14","F23","180","0.72847414","0.69036904","6","4","False","False"
"F14","F24","180","0.63163175","0.68579071","3","0","False","False"
"F14","F25","180","0.73663672","0.75830941","6","0","False","False"
"F14","F26","180","0.61625406","0.68540181","7","5","False","False"
"F14","F27","180","0.60722066","0.67609083","13","1","False","False"
"F14","F28","180","0.60698449","0.60085599","7","3","False","False"
"F14","F29","180","0.36277534","0.3488297","5","2","False","False"
"F14","F30","180","0.48827355","0.40715248","2","2","False","False"
"F14","F31","180","0.53744457","0.56323343","9","3","False","False"
"F14","F32","180","0.54670381","0.48025351","3","1","False","False"
"F14","F33","180","0.69848259","0.68766114","4","3","False","False"
"F14","F34","180","0.71268313","0.70956305","6","3","False","False"
"F14","F35","180","0.55021029","0.54132741","11","1","False","False"
"F14","F36","180","0.61542276","0.65558196","6","1","False","False"
"F14","F37","180","0.57240084","0.62199862","9","1","False","False"
"F14","F38","180","0.63343286","0.67067091","8","2","False","False"
"F14","F39","180","0.72118994","0.74635637","11","2","False","False"
"F14","F40","180","0.6410966","0.69924175","10","2","False","False"
"F14","F41","180","0.27084223","0.08818996","7","2","False","False"
"F14","F42","180","0.64980871","0.633036","3","3","False","False"
"F14","F43","180","0.71864213","0.71432657","12","4","False","False"
"F14","F44","180","0.43693212","0.55475786","4","1","False","False"
"F14","F45","180","0.57591403","0.50062245","3","3","False","False"
"F14","F46","180","0.55010533","0.53224071","4","1","False","False"
"F14","F47","180","0.09682706","-0.08480509","3","1","False","False"
"F14","F48","180","0.5903129","0.54531724","7","0","False","False"
"F14","F49","180","0.35018357","0.25535562","3","3","False","False"
"F14","F50","180","0.0794049","0.0896324","3","0","False","False"
"F14","F51","180","0.22586386","0.24122761","3","1","False","False"
"F14","F52","180","0.22596412","0.11546035","2","0","False","False"
"F15","F16","180","0.79754431","0.78835561","7","6","False","False"
"F15","F17","180","0.80829709","0.79828801","11","8","False","False"
"F15","F18","180","0.74600587","0.75382368","10","0","False","False"
"F15","F19","180","0.8387843","0.80873895","10","7","False","False"
"F15","F20","180","0.68899476","0.75118985","12","3","False","False"
"F15","F21","180","0.73064858","0.7879914","13","3","False","False"
"F15","F22","180","0.46945844","0.52518288","9","2","False","False"
"F15","F23","180","0.78085413","0.77243948","9","5","False","False"
"F15","F24","180","0.65860946","0.72352439","8","4","False","False"
"F15","F25","180","0.76740064","0.8169141","10","1","False","False"
"F15","F26","180","0.65676234","0.75269196","11","1","False","False"
"F15","F27","180","0.62785278","0.68551704","8","6","False","False"
"F15","F28","180","0.7444474","0.73370166","4","2","False","False"
"F15","F29","180","0.43797259","0.46331883","7","3","False","False"
"F15","F30","180","0.65242429","0.57276253","4","3","False","False"
"F15","F31","180","0.68635426","0.66400403","5","1","False","False"
"F15","F32","180","0.67140897","0.60466681","6","2","False","False"
"F15","F33","180","0.79226887","0.7841847","8","2","False","False"
"F15","F34","180","0.76521141","0.75875387","6","2","False","False"
"F15","F35","180","0.67333875","0.67201045","7","3","False","False"
"F15","F36","180","0.57874175","0.62008087","6","2","False","False"
"F15","F37","180","0.63996791","0.69777874","9","2","False","False"
"F15","F38","180","0.69321501","0.72105723","10","1","False","False"
"F15","F39","180","0.81520391","0.84342521","7","3","False","False"
"F15","F40","180","0.69395306","0.74188298","8","5","False","False"
"F15","F41","180","0.36496096","0.21898413","0","2","False","False"
"F15","F42","180","0.73800857","0.74459294","2","6","False","False"
"F15","F43","180","0.82725204","0.83312036","16","6","False","False"
"F15","F44","180","0.45392302","0.53497124","3","0","False","False"
"F15","F45","180","0.66795129","0.61149007","7","4","False","False"
"F15","F46","180","0.65262735","0.63427472","8","0","False","False"
"F15","F47","180","0.18339853","0.02245131","2","2","False","False"
"F15","F48","180","0.709785","0.67339321","7","5","False","False"
"F15","F49","180","0.48535916","0.41743881","8","2","False","False"
"F15","F50","180","0.15719772","0.15278455","1","3","False","False"
"F15","F51","180","0.37134936","0.39716864","4","3","False","False"
"F15","F52","180","0.17482347","0.09294114","10","0","False","False"
"F16","F17","180","0.88779432","0.87833781","9","5","False","False"
"F16","F18","180","0.84095097","0.85661286","10","5","False","False"
"F16","F19","180","0.87233347","0.86290112","8","11","False","False"
"F16","F20","180","0.76363039","0.79491137","10","0","False","False"
"F16","F21","180","0.8043428","0.83297838","4","4","False","False"
"F16","F22","180","0.33498611","0.34326574","6","2","False","False"
"F16","F23","180","0.85797495","0.85740095","10","4","False","False"
"F16","F24","180","0.76876189","0.81434201","6","2","False","False"
"F16","F25","180","0.81367156","0.840742","6","1","False","False"
"F16","F26","180","0.74271603","0.79040094","5","5","False","False"
"F16","F27","180","0.7637116","0.81528442","10","2","False","False"
"F16","F28","180","0.74433073","0.74328632","3","2","False","False"
"F16","F29","180","0.36367403","0.37619268","5","2","False","False"
"F16","F30","180","0.59072705","0.53479223","5","0","False","False"
"F16","F31","180","0.75408593","0.75957488","4","2","False","False"
"F16","F32","180","0.63545843","0.57936973","8","3","False","False"
"F16","F33","180","0.79771422","0.79145858","11","5","False","False"
"F16","F34","180","0.64850129","0.62615924","4","1","False","False"
"F16","F35","180","0.67255239","0.65821579","4","5","False","False"
"F16","F36","180","0.69789699","0.72022593","7","1","False","False"
"F16","F37","180","0.76407691","0.79430229","8","10","False","False"
"F16","F38","180","0.7960655","0.81684003","6","6","False","False"
"F16","F39","180","0.74978179","0.77078716","5","1","False","False"
"F16","F40","180","0.79050332","0.83805879","9","1","False","False"
"F16","F41","180","0.48238721","0.37999115","2","4","False","False"
"F16","F42","180","0.81321867","0.82538144","10","4","False","False"
"F16","F43","180","0.77037312","0.77315555","2","0","False","False"
"F16","F44","180","0.50650121","0.54618352","7","0","False","False"
"F16","F45","180","0.74805129","0.70900748","7","8","False","False"
"F16","F46","180","0.67753698","0.67142813","6","2","False","False"
"F16","F47","180","0.17832278","0.05402224","4","3","False","False"
"F16","F48","180","0.75950943","0.73009867","6","1","False","False"
"F16","F49","180","0.55533344","0.48588742","3","2","False","False"
"F16","F50","180","0.10706773","0.09703386","5","2","False","False"
"F16","F51","180","0.41865022","0.41527413","9","2","False","False"
"F16","F52","180","0.28451434","0.22167762","5","5","False","False"
"F17","F18","180","0.84607663","0.85304485","14","1","False","False"
"F17","F19","180","0.85812237","0.847592","14","6","False","False"
"F17","F20","180","0.74381179","0.75579905","9","3","False","False"
"F17","F21","180","0.81181111","0.8354085","12","3","False","False"
"F17","F22","180","0.28482502","0.30458347","3","2","False","False"
"F17","F23","180","0.83900566","0.82616542","8","6","False","False"
"F17","F24","180","0.72306969","0.76655452","9","3","False","False"
"F17","F25","180","0.76593795","0.78542753","9","2","False","False"
"F17","F26","180","0.72248723","0.77468029","12","1","False","False"
"F17","F27","180","0.74189257","0.78326903","5","6","False","False"
"F17","F28","180","0.71836953","0.71057337","6","3","False","False"
"F17","F29","180","0.33101552","0.33411937","7","0","False","False"
"F17","F30","180","0.56096077","0.49772318","6","3","False","False"
"F17","F31","180","0.71655603","0.73173658","13","3","False","False"
"F17","F32","180","0.59945344","0.53039703","4","4","False","False"
"F17","F33","180","0.78839745","0.77806517","11","6","False","False"
"F17","F34","180","0.66035255","0.62767987","8","2","False","False"
"F17","F35","180","0.63603443","0.61947797","8","5","False","False"
"F17","F36","180","0.66098997","0.67119767","6","5","False","False"
"F17","F37","180","0.73338163","0.76709775","6","5","False","False"
"F17","F38","180","0.79968611","0.8221797","12","2","False","False"
"F17","F39","180","0.73431719","0.75810365","6","2","False","False"
"F17","F40","180","0.74791513","0.78403037","6","2","False","False"
"F17","F41","180","0.45345927","0.33892198","2","2","False","False"
"F17","F42","180","0.79892526","0.79027542","6","5","False","False"
"F17","F43","180","0.74139639","0.74564236","4","4","False","False"
"F17","F44","180","0.46020735","0.49733016","3","0","False","False"
"F17","F45","180","0.69368061","0.64047862","10","4","False","False"
"F17","F46","180","0.65545475","0.64178318","7","0","False","False"
"F17","F47","180","0.17342484","0.05422801","4","0","False","False"
"F17","F48","180","0.6989565","0.65734128","10","5","False","False"
"F17","F49","180","0.49829937","0.44471126","10","6","False","False"
"F17","F50","180","0.09521482","0.06740331","4","2","False","False"
"F17","F51","180","0.408419","0.41123286","8","3","False","False"
"F17","F52","180","0.21734747","0.15372697","7","1","False","False"
"F18","F19","180","0.82255822","0.84311656","11","3","False","False"
"F18","F20","180","0.75121225","0.77538813","9","1","False","False"
"F18","F21","180","0.75198484","0.76876035","7","0","False","False"
"F18","F22","180","0.24622558","0.28035845","3","1","False","False"
"F18","F23","180","0.77677537","0.80532732","15","4","False","False"
"F18","F24","180","0.73550482","0.79918516","15","7","False","False"
"F18","F25","180","0.769927","0.82163647","12","4","False","False"
"F18","F26","180","0.76213081","0.81121228","7","5","False","False"
"F18","F27","180","0.79307768","0.82871694","10","1","False","False"
"F18","F28","180","0.70313956","0.71498297","12","2","False","False"
"F18","F29","180","0.25739979","0.28681749","3","3","False","False"
"F18","F30","180","0.50447807","0.47461753","5","4","False","False"
"F18","F31","180","0.71420949","0.7436711","9","4","False","False"
"F18","F32","180","0.48910466","0.46496703","6","3","False","False"
"F18","F33","180","0.75868619","0.75530109","5","1","False","False"
"F18","F34","180","0.52672152","0.53152875","5","0","False","False"
"F18","F35","180","0.55949669","0.57126249","4","4","False","False"
"F18","F36","180","0.67387504","0.67131496","9","0","False","False"
"F18","F37","180","0.73656474","0.76163462","13","3","False","False"
"F18","F38","180","0.80481182","0.81704991","14","5","False","False"
"F18","F39","180","0.73892484","0.77156702","11","2","False","False"
"F18","F40","180","0.81239952","0.83710403","13","5","False","False"
"F18","F41","180","0.28810895","0.24899945","2","3","False","False"
"F18","F42","180","0.74644487","0.76359147","10","6","False","False"
"F18","F43","180","0.72849978","0.73613795","9","1","False","False"
"F18","F44","180","0.59497684","0.61263002","5","1","False","False"
"F18","F45","180","0.56654034","0.57742729","13","5","False","False"
"F18","F46","180","0.58213921","0.58766217","9","2","False","False"
"F18","F47","180","0.0090797","-0.06397934","4","3","False","False"
"F18","F48","180","0.62205693","0.62403366","15","1","False","False"
"F18","F49","180","0.36875256","0.35972921","6","1","False","False"
"F18","F50","180","0.06686164","0.07408048","0","2","False","False"
"F18","F51","180","0.32967595","0.35282159","6","1","False","False"
"F18","F52","180","0.1606835","0.10796012","6","1","False","False"
"F19","F20","180","0.74787945","0.82619217","16","5","False","False"
"F19","F21","180","0.77692654","0.85503051","15","8","False","False"
"F19","F22","180","0.45988166","0.48045104","10","2","False","False"
"F19","F23","180","0.87258661","0.89019003","14","6","False","False"
"F19","F24","180","0.73052077","0.81632561","11","2","False","False"
"F19","F25","180","0.77066112","0.82038129","6","5","False","False"
"F19","F26","180","0.73680266","0.83619042","13","6","False","False"
"F19","F27","180","0.70053069","0.81525356","12","4","False","False"
"F19","F28","180","0.80765941","0.7991152","10","4","False","False"
"F19","F29","180","0.48673129","0.4844594","6","3","False","False"
"F19","F30","180","0.60701685","0.52310051","5","2","False","False"
"F19","F31","180","0.73387454","0.72249143","7","6","False","False"
"F19","F32","180","0.6822905","0.60834594","6","5","False","False"
"F19","F33","180","0.77042138","0.7569246","6","3","False","False"
"F19","F34","180","0.71178237","0.70014095","7","3","False","False"
"F19","F35","180","0.75775793","0.74187063","12","1","False","False"
"F19","F36","180","0.60798627","0.67030052","5","3","False","False"
"F19","F37","180","0.73688523","0.79673241","13","1","False","False"
"F19","F38","180","0.76639949","0.81561365","7","1","False","False"
"F19","F39","180","0.77220532","0.79132278","15","7","False","False"
"F19","F40","180","0.7497692","0.83560192","12","2","False","False"
"F19","F41","180","0.47095359","0.34430487","6","1","False","False"
"F19","F42","180","0.8260615","0.8511024","3","6","False","False"
"F19","F43","180","0.81100259","0.80019136","6","4","False","False"
"F19","F44","180","0.47155537","0.56529523","5","0","False","False"
"F19","F45","180","0.75031175","0.69209749","9","12","False","False"
"F19","F46","180","0.75267116","0.74877002","13","1","False","False"
"F19","F47","180","0.26800851","0.11060835","9","1","False","False"
"F19","F48","180","0.77055095","0.73953723","11","4","False","False"
"F19","F49","180","0.5877463","0.48684836","7","8","False","False"
"F19","F50","180","0.15716855","0.15405208","1","1","False","False"
"F19","F51","180","0.47877096","0.46381267","4","3","False","False"
"F19","F52","180","0.13475829","0.05066206","3","3","False","False"
"F20","F21","180","0.90317842","0.88832783","9","13","False","False"
"F20","F22","180","0.48438441","0.49417369","6","4","False","False"
"F20","F23","180","0.81442203","0.82930543","14","5","False","False"
"F20","F24","180","0.78745335","0.7747626","13","6","False","False"
"F20","F25","180","0.79731448","0.79141126","7","4","False","False"
"F20","F26","180","0.82739678","0.8382769","6","2","False","False"
"F20","F27","180","0.84337308","0.81595522","11","5","False","False"
"F20","F28","180","0.68671714","0.70967622","8","3","False","False"
"F20","F29","180","0.48697014","0.49718201","4","1","False","False"
"F20","F30","180","0.36355673","0.38893176","7","1","False","False"
"F20","F31","180","0.54784082","0.62001091","8","1","False","False"
"F20","F32","180","0.41079803","0.44292314","6","1","False","False"
"F20","F33","180","0.64626718","0.65445024","5","1","False","False"
"F20","F34","180","0.58784922","0.61729889","8","4","False","False"
"F20","F35","180","0.63331055","0.64425034","18","2","False","False"
"F20","F36","180","0.79094595","0.78611891","7","5","False","False"
"F20","F37","180","0.79556881","0.80077163","2","2","False","False"
"F20","F38","180","0.79011822","0.80922045","7","3","False","False"
"F20","F39","180","0.70724682","0.72834758","10","2","False","False"
"F20","F40","180","0.7407985","0.7544595","6","3","False","False"
"F20","F41","180","0.22183894","0.18224431","8","1","False","False"
"F20","F42","180","0.73763154","0.74475755","14","5","False","False"
"F20","F43","180","0.68348976","0.72995051","5","6","False","False"
"F20","F44","180","0.60458165","0.61300657","4","4","False","False"
"F20","F45","180","0.51910441","0.5658508","4","0","False","False"
"F20","F46","180","0.68440761","0.69681575","11","4","False","False"
"F20","F47","180","-0.02782634","-0.06734158","4","2","False","False"
"F20","F48","180","0.57995836","0.60555573","4","6","False","False"
"F20","F49","180","0.33786205","0.37258969","6","3","False","False"
"F20","F50","180","0.16466679","0.15745136","5","2","False","False"
"F20","F51","180","0.29445692","0.30886344","2","0","False","False"
"F20","F52","180","-0.02507213","-0.04584915","2","2","False","False"
"F21","F22","180","0.45345009","0.50044343","6","2","False","False"
"F21","F23","180","0.86328926","0.88324125","4","8","False","False"
"F21","F24","180","0.80716504","0.78189039","10","5","False","False"
"F21","F25","180","0.7872721","0.76949906","6","5","False","False"
"F21","F26","180","0.8221957","0.84241489","10","6","False","False"
"F21","F27","180","0.84022229","0.81817957","5","4","False","False"
"F21","F28","180","0.73427218","0.76977479","7","4","False","False"
"F21","F29","180","0.51662675","0.54669794","12","3","False","False"
"F21","F30","180","0.42032259","0.4684836","9","3","False","False"
"F21","F31","180","0.61182603","0.69393294","5","1","False","False"
"F21","F32","180","0.52554043","0.58068253","5","1","False","False"
"F21","F33","180","0.70984599","0.71468872","8","2","False","False"
"F21","F34","180","0.67504907","0.72665617","8","5","False","False"
"F21","F35","180","0.70585579","0.75646368","5","5","False","False"
"F21","F36","180","0.74983186","0.7397039","4","2","False","False"
"F21","F37","180","0.7770959","0.77668241","11","1","False","False"
"F21","F38","180","0.8162585","0.83919051","7","2","False","False"
"F21","F39","180","0.71324013","0.73698571","3","2","False","False"
"F21","F40","180","0.76171112","0.77897466","3","3","False","False"
"F21","F41","180","0.34670082","0.33453296","4","3","False","False"
"F21","F42","180","0.80525453","0.82884863","3","5","False","False"
"F21","F43","180","0.71359808","0.76863278","10","4","False","False"
"F21","F44","180","0.54155938","0.53918948","2","5","False","False"
"F21","F45","180","0.62035958","0.68770024","11","3","False","False"
"F21","F46","180","0.75137455","0.7914092","6","1","False","False"
"F21","F47","180","0.09996719","0.08205809","4","2","False","False"
"F21","F48","180","0.67686958","0.73158019","7","4","False","False"
"F21","F49","180","0.41517671","0.4746237","3","2","False","False"
"F21","F50","180","0.1162217","0.09343087","3","1","False","False"
"F21","F51","180","0.34558388","0.37031801","6","0","False","False"
"F21","F52","180","0.02536432","0.00883361","6","0","False","False"
"F22","F23","180","0.37598763","0.40809902","3","1","False","False"
"F22","F24","180","0.2278148","0.26471805","4","2","False","False"
"F22","F25","180","0.28505534","0.29608939","6","1","False","False"
"F22","F26","180","0.33041801","0.35713859","10","1","False","False"
"F22","F27","180","0.27221902","0.2608064","5","2","False","False"
"F22","F28","180","0.44854966","0.47536858","7","2","False","False"
"F22","F29","180","0.71190446","0.73880675","6","8","False","False"
"F22","F30","180","0.24473397","0.26582713","2","2","False","False"
"F22","F31","180","0.21145529","0.23635709","4","3","False","False"
"F22","F32","180","0.43710598","0.49141229","8","3","False","False"
"F22","F33","180","0.23740832","0.25540089","6","1","False","False"
"F22","F34","180","0.5767846","0.62021462","13","4","False","False"
"F22","F35","180","0.66864494","0.6980092","10","4","False","False"
"F22","F36","180","0.41360089","0.40923897","7","3","False","False"
"F22","F37","180","0.32074836","0.3039744","3","4","False","False"
"F22","F38","180","0.29839569","0.29818822","3","2","False","False"
"F22","F39","180","0.3032979","0.34188298","4","2","False","False"
"F22","F40","180","0.27642263","0.29597004","2","0","False","False"
"F22","F41","180","0.1817626","0.1621264","2","2","False","False"
"F22","F42","180","0.40624815","0.42541436","4","3","False","False"
"F22","F43","180","0.37521884","0.42479295","8","2","False","False"
"F22","F44","180","0.14715779","0.16250502","3","1","False","False"
"F22","F45","180","0.45972231","0.50856508","4","2","False","False"
"F22","F46","180","0.58193433","0.59881478","4","8","False","False"
"F22","F47","180","0.24452737","0.23985925","3","2","False","False"
"F22","F48","180","0.40863518","0.44089221","5","7","False","False"
"F22","F49","180","0.41632303","0.42698643","6","4","False","False"
"F22","F50","180","0.03213403","0.0335463","3","1","False","False"
"F22","F51","180","0.30540546","0.36105435","1","1","False","False"
"F22","F52","180","-0.20879858","-0.14440158","3","1","False","False"
"F23","F24","180","0.76794104","0.79149151","12","3","False","False"
"F23","F25","180","0.81990178","0.81419797","6","5","False","False"
"F23","F26","180","0.78953913","0.83822957","10","6","False","False"
"F23","F27","180","0.77357136","0.79811928","9","4","False","False"
"F23","F28","180","0.82702152","0.84612488","12","6","False","False"
"F23","F29","180","0.49872786","0.49425188","6","2","False","False"
"F23","F30","180","0.55296637","0.51684105","10","2","False","False"
"F23","F31","180","0.62671873","0.67067502","10","3","False","False"
"F23","F32","180","0.62698879","0.59000175","10","1","False","False"
"F23","F33","180","0.7312777","0.72591747","5","2","False","False"
"F23","F34","180","0.71166045","0.70031997","2","3","False","False"
"F23","F35","180","0.72718853","0.72729405","7","2","False","False"
"F23","F36","180","0.62565522","0.63499079","8","4","False","False"
"F23","F37","180","0.74215482","0.77060197","7","2","False","False"
"F23","F38","180","0.81822651","0.84256716","15","4","False","False"
"F23","F39","180","0.79129691","0.78943589","14","8","False","False"
"F23","F40","180","0.74499734","0.78560861","11","2","False","False"
"F23","F41","180","0.49907991","0.42689589","3","1","False","False"
"F23","F42","180","0.84973929","0.84799325","8","5","False","False"
"F23","F43","180","0.82728694","0.82547609","14","5","False","False"
"F23","F44","180","0.4466239","0.49104808","6","1","False","False"
"F23","F45","180","0.71160552","0.69760795","18","3","False","False"
"F23","F46","180","0.76757781","0.771709","15","5","False","False"
"F23","F47","180","0.22081971","0.13840551","3","4","False","False"
"F23","F48","180","0.76106287","0.76332191","9","5","False","False"
"F23","F49","180","0.54655941","0.54401885","7","4","False","False"
"F23","F50","180","0.09444766","0.08308898","3","0","False","False"
"F23","F51","180","0.45247509","0.48229678","8","1","False","False"
"F23","F52","180","0.13242058","0.08592241","2","2","False","False"
"F24","F25","180","0.82513003","0.80902085","14","8","False","False"
"F24","F26","180","0.79115929","0.8151301","17","5","False","False"
"F24","F27","180","0.79974265","0.85122792","8","3","False","False"
"F24","F28","180","0.71372823","0.7335535","8","5","False","False"
"F24","F29","180","0.38339276","0.39318909","3","3","False","False"
"F24","F30","180","0.40260275","0.45264977","6","4","False","False"
"F24","F31","180","0.56696875","0.65900388","9","0","False","False"
"F24","F32","180","0.41307441","0.45437616","5","1","False","False"
"F24","F33","180","0.72315994","0.76220459","11","1","False","False"
"F24","F34","180","0.54611078","0.57034271","0","2","False","False"
"F24","F35","180","0.57188825","0.58952848","8","5","False","False"
"F24","F36","180","0.66453165","0.6760435","4","2","False","False"
"F24","F37","180","0.76623116","0.79131866","15","3","False","False"
"F24","F38","180","0.7606535","0.80815869","13","9","False","False"
"F24","F39","180","0.74089623","0.74571643","8","3","False","False"
"F24","F40","180","0.76734491","0.82921695","9","3","False","False"
"F24","F41","180","0.29341667","0.28837516","6","1","False","False"
"F24","F42","180","0.71656818","0.75927446","3","3","False","False"
"F24","F43","180","0.7066116","0.71640483","8","4","False","False"
"F24","F44","180","0.55080812","0.60673478","9","2","False","False"
"F24","F45","180","0.52761537","0.58130189","10","0","False","False"
"F24","F46","180","0.61648368","0.6295791","6","3","False","False"
"F24","F47","180","0.06378613","0.00628414","4","0","False","False"
"F24","F48","180","0.61815899","0.66125498","4","2","False","False"
"F24","F49","180","0.37234951","0.41630709","8","4","False","False"
"F24","F50","180","0.13291975","0.12076299","5","1","False","False"
"F24","F51","180","0.35453144","0.38480406","4","0","False","False"
"F24","F52","180","0.11417282","0.11268455","4","1","False","False"
"F25","F26","180","0.8044983","0.81074107","12","1","False","False"
"F25","F27","180","0.7904373","0.80307005","10","2","False","False"
"F25","F28","180","0.74127028","0.74377193","7","3","False","False"
"F25","F29","180","0.37099137","0.37976069","11","1","False","False"
"F25","F30","180","0.54391332","0.5876169","9","3","False","False"
"F25","F31","180","0.6392364","0.70615966","7","2","False","False"
"F25","F32","180","0.51718441","0.54399004","2","2","False","False"
"F25","F33","180","0.75041648","0.79328992","7","1","False","False"
"F25","F34","180","0.63191422","0.65609021","8","2","False","False"
"F25","F35","180","0.589685","0.58856961","5","2","False","False"
"F25","F36","180","0.62550604","0.64257127","6","2","False","False"
"F25","F37","180","0.77914736","0.79340309","9","8","False","False"
"F25","F38","180","0.76753226","0.79513565","6","2","False","False"
"F25","F39","180","0.82958037","0.83649701","12","3","False","False"
"F25","F40","180","0.80156326","0.83571715","6","7","False","False"
"F25","F41","180","0.2780679","0.24646028","0","2","False","False"
"F25","F42","180","0.72147247","0.73700423","8","3","False","False"
"F25","F43","180","0.80536076","0.82101711","8","3","False","False"
"F25","F44","180","0.5785889","0.60847763","5","1","False","False"
"F25","F45","180","0.5726587","0.59335782","6","2","False","False"
"F25","F46","180","0.58149846","0.58573824","7","1","False","False"
"F25","F47","180","0.08519695","0.01791619","4","1","False","False"
"F25","F48","180","0.64668244","0.67092606","6","4","False","False"
"F25","F49","180","0.38491165","0.40482937","2","3","False","False"
"F25","F50","180","0.13333889","0.11153019","4","0","False","False"
"F25","F51","180","0.37851975","0.4147412","5","3","False","False"
"F25","F52","180","0.20374511","0.19892795","0","2","False","False"
"F26","F27","180","0.84103508","0.85868082","5","4","False","False"
"F26","F28","180","0.73063401","0.75520644","5","3","False","False"
"F26","F29","180","0.39447705","0.39365618","4","1","False","False"
"F26","F30","180","0.38514881","0.42829717","5","1","False","False"
"F26","F31","180","0.62020209","0.68021235","16","3","False","False"
"F26","F32","180","0.38730258","0.46089283","4","2","False","False"
"F26","F33","180","0.66201578","0.706172","3","0","False","False"
"F26","F34","180","0.58050166","0.62258917","6","3","False","False"
"F26","F35","180","0.60925133","0.61203947","7","3","False","False"
"F26","F36","180","0.6844614","0.67343642","11","3","False","False"
"F26","F37","180","0.83841488","0.83616778","9","1","False","False"
"F26","F38","180","0.82178019","0.83941068","12","6","False","False"
"F26","F39","180","0.73216332","0.7679023","12","5","False","False"
"F26","F40","180","0.8100317","0.84261654","6","5","False","False"
"F26","F41","180","0.12247644","0.15940615","3","0","False","False"
"F26","F42","180","0.71341361","0.75060753","2","3","False","False"
"F26","F43","180","0.70834996","0.75775178","8","7","False","False"
"F26","F44","180","0.68899193","0.68784016","3","2","False","False"
"F26","F45","180","0.42268143","0.51078531","8","1","False","False"
"F26","F46","180","0.60074737","0.61713016","7","4","False","False"
"F26","F47","180","-0.06596689","-0.07894482","5","1","False","False"
"F26","F48","180","0.58138024","0.6270996","7","2","False","False"
"F26","F49","180","0.26632196","0.33192382","11","4","False","False"
"F26","F50","180","0.06456363","0.07617313","3","0","False","False"
"F26","F51","180","0.36639522","0.38461475","10","1","False","False"
"F26","F52","180","0.01796329","0.01473091","4","0","False","False"
"F27","F28","180","0.62788373","0.64986779","7","5","False","False"
"F27","F29","180","0.29760164","0.30972767","5","1","False","False"
"F27","F30","180","0.35015478","0.37756309","3","0","False","False"
"F27","F31","180","0.60428915","0.68871467","3","1","False","False"
"F27","F32","180","0.33488124","0.37989444","3","2","False","False"
"F27","F33","180","0.68549124","0.72240707","7","4","False","False"
"F27","F34","180","0.49296924","0.51306933","5","2","False","False"
"F27","F35","180","0.51249534","0.54188915","2","3","False","False"
"F27","F36","180","0.75857152","0.75606449","9","3","False","False"
"F27","F37","180","0.79656205","0.80360505","13","4","False","False"
"F27","F38","180","0.84506504","0.85290287","10","9","False","False"
"F27","F39","180","0.68527712","0.70940667","12","2","False","False"
"F27","F40","180","0.87860932","0.89477453","13","1","False","False"
"F27","F41","180","0.1644663","0.18447071","6","1","False","False"
"F27","F42","180","0.74401566","0.75587312","4","3","False","False"
"F27","F43","180","0.62835261","0.668284","11","3","False","False"
"F27","F44","180","0.72910883","0.71298291","11","3","False","False"
"F27","F45","180","0.41307358","0.508384","9","4","False","False"
"F27","F46","180","0.5712442","0.5920265","5","0","False","False"
"F27","F47","180","-0.18068344","-0.16891674","6","4","False","False"
"F27","F48","180","0.54377448","0.58732471","4","2","False","False"
"F27","F49","180","0.17529351","0.27552702","1","4","False","False"
"F27","F50","180","0.13849095","0.13687048","3","0","False","False"
"F27","F51","180","0.21330543","0.248127","2","1","False","False"
"F27","F52","180","0.02063593","0.035355","2","0","False","False"
"F28","F29","180","0.55124414","0.54068335","6","2","False","False"
"F28","F30","180","0.64525701","0.61742646","8","2","False","False"
"F28","F31","180","0.62632949","0.63607725","2","1","False","False"
"F28","F32","180","0.66406928","0.64077081","2","0","False","False"
"F28","F33","180","0.68652457","0.67758264","5","5","False","False"
"F28","F34","180","0.71617992","0.70093727","13","3","False","False"
"F28","F35","180","0.75122938","0.72924473","9","5","False","False"
"F28","F36","180","0.49561356","0.52133091","4","4","False","False"
"F28","F37","180","0.70068609","0.70996224","5","2","False","False"
"F28","F38","180","0.74288469","0.73562147","6","3","False","False"
"F28","F39","180","0.78307023","0.77304649","12","7","False","False"
"F28","F40","180","0.66577692","0.68235234","3","3","False","False"
"F28","F41","180","0.39583236","0.35985267","4","3","False","False"
"F28","F42","180","0.71554349","0.71430188","1","3","False","False"
"F28","F43","180","0.8309142","0.8087513","12","5","False","False"
"F28","F44","180","0.3721863","0.39689291","3","3","False","False"
"F28","F45","180","0.65986894","0.65743387","4","3","False","False"
"F28","F46","180","0.71087211","0.68643065","7","4","False","False"
"F28","F47","180","0.2720185","0.21126784","4","1","False","False"
"F28","F48","180","0.72552912","0.71935348","8","5","False","False"
"F28","F49","180","0.58469014","0.57249092","15","6","False","False"
"F28","F50","180","0.0887198","0.09133204","3","0","False","False"
"F28","F51","180","0.60335351","0.61520417","7","4","False","False"
"F28","F52","180","0.04456047","0.0362933","8","0","False","False"
"F29","F30","180","0.42996194","0.47078408","7","0","False","False"
"F29","F31","180","0.30465659","0.31676904","4","0","False","False"
"F29","F32","180","0.57821112","0.63009558","3","5","False","False"
"F29","F33","180","0.3515307","0.33527372","4","0","False","False"
"F29","F34","180","0.66396178","0.67314835","12","3","False","False"
"F29","F35","180","0.78399234","0.77734086","12","8","False","False"
"F29","F36","180","0.35287357","0.38089653","4","1","False","False"
"F29","F37","180","0.39866098","0.37391689","3","3","False","False"
"F29","F38","180","0.44053913","0.42438964","5","2","False","False"
"F29","F39","180","0.37841354","0.38355916","8","0","False","False"
"F29","F40","180","0.27444193","0.28105394","5","2","False","False"
"F29","F41","180","0.43730344","0.43283229","0","1","False","False"
"F29","F42","180","0.53343426","0.52657798","4","2","False","False"
"F29","F43","180","0.47122761","0.48181528","11","3","False","False"
"F29","F44","180","0.06497029","0.09129088","6","2","False","False"
"F29","F45","180","0.56410068","0.59884564","4","3","False","False"
"F29","F46","180","0.77484696","0.77420908","5","3","False","False"
"F29","F47","180","0.4742352","0.47813616","10","2","False","False"
"F29","F48","180","0.58077435","0.60137041","2","3","False","False"
"F29","F49","180","0.58903458","0.6429005","12","2","False","False"
"F29","F50","180","-0.0871861","-0.07100219","4","2","False","False"
"F29","F51","180","0.36329344","0.3552764","9","0","False","False"
"F29","F52","180","-0.00501947","0.05479593","3","1","False","False"
"F30","F31","180","0.65691889","0.63640647","5","3","False","False"
"F30","F32","180","0.75896651","0.73885614","15","4","False","False"
"F30","F33","180","0.69184403","0.67640565","6","3","False","False"
"F30","F34","180","0.63207546","0.58001584","9","3","False","False"
"F30","F35","180","0.59083613","0.56803605","5","1","False","False"
"F30","F36","180","0.2322955","0.25374857","4","1","False","False"
"F30","F37","180","0.45546156","0.47556818","5","2","False","False"
"F30","F38","180","0.51766262","0.51341091","5","2","False","False"
"F30","F39","180","0.58697446","0.5759293","8","1","False","False"
"F30","F40","180","0.44758614","0.46405753","7","0","False","False"
"F30","F41","180","0.46200726","0.42420857","5","3","False","False"
"F30","F42","180","0.54957041","0.52156342","6","2","False","False"
"F30","F43","180","0.67082062","0.6445878","4","3","False","False"
"F30","F44","180","0.19901911","0.22648641","7","4","False","False"
"F30","F45","180","0.59651","0.52517259","6","4","False","False"
"F30","F46","180","0.54772237","0.53165838","7","2","False","False"
"F30","F47","180","0.39757194","0.34598599","5","0","False","False"
"F30","F48","180","0.69371803","0.65802854","8","0","False","False"
"F30","F49","180","0.56002524","0.53632725","9","2","False","False"
"F30","F50","180","0.01881079","-0.00905378","5","1","False","False"
"F30","F51","180","0.46388713","0.44425857","5","1","False","False"
"F30","F52","180","0.34559813","0.30151136","5","0","False","False"
"F31","F32","180","0.56809459","0.55673323","6","2","False","False"
"F31","F33","180","0.7608003","0.74742225","11","5","False","False"
"F31","F34","180","0.54080581","0.53415023","6","4","False","False"
"F31","F35","180","0.56910074","0.56271284","9","3","False","False"
"F31","F36","180","0.49329936","0.55080507","1","1","False","False"
"F31","F37","180","0.65699802","0.6679486","9","3","False","False"
"F31","F38","180","0.67405355","0.68675576","8","4","False","False"
"F31","F39","180","0.61749333","0.67080671","8","1","False","False"
"F31","F40","180","0.66256324","0.70863092","12","2","False","False"
"F31","F41","180","0.31188575","0.27212157","1","1","False","False"
"F31","F42","180","0.61538183","0.62812638","7","2","False","False"
"F31","F43","180","0.65001933","0.68037902","6","1","False","False"
"F31","F44","180","0.49403966","0.51629166","7","2","False","False"
"F31","F45","180","0.54629614","0.54890377","11","3","False","False"
"F31","F46","180","0.55608567","0.55963456","12","5","False","False"
"F31","F47","180","0.12949914","0.04349723","6","1","False","False"
"F31","F48","180","0.652388","0.65356132","4","3","False","False"
"F31","F49","180","0.41977093","0.36929946","6","3","False","False"
"F31","F50","180","0.10071283","0.07797566","5","1","False","False"
"F31","F51","180","0.39250768","0.36048643","2","3","False","False"
"F31","F52","180","0.26306539","0.23610811","2","0","False","False"
"F32","F33","180","0.63674532","0.60679651","9","1","False","False"
"F32","F34","180","0.75156013","0.75314876","7","0","False","False"
"F32","F35","180","0.74286283","0.75675381","5","3","False","False"
"F32","F36","180","0.27669438","0.29927673","2","4","False","False"
"F32","F37","180","0.41016208","0.44010823","10","2","False","False"
"F32","F38","180","0.52169034","0.5107956","7","4","False","False"
"F32","F39","180","0.55784468","0.54116074","8","0","False","False"
"F32","F40","180","0.42269525","0.45972612","11","0","False","False"
"F32","F41","180","0.70012396","0.61466712","2","0","False","False"
"F32","F42","180","0.68043196","0.66424684","4","4","False","False"
"F32","F43","180","0.66491614","0.64724426","4","3","False","False"
"F32","F44","180","0.05495817","0.12979207","4","1","False","False"
"F32","F45","180","0.80228296","0.75297386","7","4","False","False"
"F32","F46","180","0.7267806","0.71677521","6","4","False","False"
"F32","F47","180","0.64350723","0.5714271","9","2","False","False"
"F32","F48","180","0.79759617","0.77881005","5","6","False","False"
"F32","F49","180","0.72133901","0.70408963","6","2","False","False"
"F32","F50","180","-0.03101344","-0.06917292","1","1","False","False"
"F32","F51","180","0.56141536","0.546272","7","3","False","False"
"F32","F52","180","0.3325369","0.29159336","5","1","False","False"
"F33","F34","180","0.63679019","0.62161178","9","2","False","False"
"F33","F35","180","0.58032621","0.55725382","6","4","False","False"
"F33","F36","180","0.5732927","0.56937766","10","1","False","False"
"F33","F37","180","0.64935029","0.65793183","9","1","False","False"
"F33","F38","180","0.73091806","0.73272632","7","2","False","False"
"F33","F39","180","0.7259235","0.76013457","5","3","False","False"
"F33","F40","180","0.74768043","0.77464325","14","4","False","False"
"F33","F41","180","0.37793256","0.30608764","2","3","False","False"
"F33","F42","180","0.70476848","0.71525047","12","2","False","False"
"F33","F43","180","0.73057283","0.73925533","7","0","False","False"
"F33","F44","180","0.48153471","0.52278363","3","2","False","False"
"F33","F45","180","0.60024699","0.56430137","7","6","False","False"
"F33","F46","180","0.60915867","0.57911047","7","3","False","False"
"F33","F47","180","0.17610624","0.07744066","4","0","False","False"
"F33","F48","180","0.68268807","0.66733541","6","0","False","False"
"F33","F49","180","0.44349342","0.39544842","4","3","False","False"
"F33","F50","180","0.06771361","0.07544472","4","3","False","False"
"F33","F51","180","0.33266756","0.33438892","5","0","False","False"
"F33","F52","180","0.24834037","0.21777833","4","2","False","False"
"F34","F35","180","0.81223272","0.8033499","12","9","False","False"
"F34","F36","180","0.50775851","0.53377779","7","2","False","False"
"F34","F37","180","0.51312529","0.53257817","4","1","False","False"
"F34","F38","180","0.60497272","0.60319969","7","1","False","False"
"F34","F39","180","0.66906432","0.67443028","8","2","False","False"
"F34","F40","180","0.52452358","0.56926037","4","0","False","False"
"F34","F41","180","0.49125513","0.38845026","6","3","False","False"
"F34","F42","180","0.69767277","0.68818173","4","5","False","False"
"F34","F43","180","0.73752506","0.73559678","6","4","False","False"
"F34","F44","180","0.20571336","0.26833338","3","1","False","False"
"F34","F45","180","0.71380986","0.67498997","11","4","False","False"
"F34","F46","180","0.7875638","0.78352418","7","2","False","False"
"F34","F47","180","0.48136746","0.40083336","5","3","False","False"
"F34","F48","180","0.74882578","0.71931027","8","3","False","False"
"F34","F49","180","0.63203918","0.59021781","9","4","False","False"
"F34","F50","180","-0.02046497","-0.03435291","5","1","False","False"
"F34","F51","180","0.47135889","0.4654012","3","2","False","False"
"F34","F52","180","0.15933473","0.13851045","4","3","False","False"
"F35","F36","180","0.44903523","0.48062183","3","3","False","False"
"F35","F37","180","0.60975998","0.58683498","5","2","False","False"
"F35","F38","180","0.63440278","0.6171281","10","5","False","False"
"F35","F39","180","0.57672322","0.58107555","8","3","False","False"
"F35","F40","180","0.54424502","0.56808338","5","1","False","False"
"F35","F41","180","0.57686041","0.53440333","9","0","False","False"
"F35","F42","180","0.78031633","0.76010576","7","4","False","False"
"F35","F43","180","0.6720785","0.66612756","4","3","False","False"
"F35","F44","180","0.19883644","0.21959114","9","0","False","False"
"F35","F45","180","0.81095997","0.82094715","5","1","False","False"
"F35","F46","180","0.89904498","0.88602529","9","8","False","False"
"F35","F47","180","0.51539679","0.47989547","5","1","False","False"
"F35","F48","180","0.82222828","0.80337253","7","6","False","False"
"F35","F49","180","0.74283367","0.7373314","5","4","False","False"
"F35","F50","180","-0.026959","-0.04036133","4","1","False","False"
"F35","F51","180","0.56294354","0.55233598","5","1","False","False"
"F35","F52","180","0.09861766","0.14157227","2","0","False","False"
"F36","F37","180","0.61459216","0.61140776","8","2","False","False"
"F36","F38","180","0.64980342","0.66452051","7","3","False","False"
"F36","F39","180","0.56150552","0.58641933","5","3","False","False"
"F36","F40","180","0.63499624","0.64994804","4","5","False","False"
"F36","F41","180","0.10766206","0.0771032","2","4","False","False"
"F36","F42","180","0.56263212","0.57455683","7","2","False","False"
"F36","F43","180","0.5149627","0.55437719","7","1","False","False"
"F36","F44","180","0.53607745","0.51703036","4","2","False","False"
"F36","F45","180","0.39653055","0.43911232","5","1","False","False"
"F36","F46","180","0.55177745","0.57734086","4","1","False","False"
"F36","F47","180","-0.12418132","-0.16486517","3","1","False","False"
"F36","F48","180","0.40967788","0.43483647","7","4","False","False"
"F36","F49","180","0.22619799","0.22209122","5","1","False","False"
"F36","F50","180","0.07527536","0.07665669","2","1","False","False"
"F36","F51","180","0.09985846","0.11257755","4","2","False","False"
"F36","F52","180","0.06286458","0.03641676","4","4","False","False"
"F37","F38","180","0.84834328","0.85178349","11","3","False","False"
"F37","F39","180","0.66028925","0.69861415","3","0","False","False"
"F37","F40","180","0.7844677","0.79652253","7","2","False","False"
"F37","F41","180","0.16754329","0.18041298","6","3","False","False"
"F37","F42","180","0.71876612","0.71688015","5","2","False","False"
"F37","F43","180","0.6711315","0.71771968","8","4","False","False"
"F37","F44","180","0.69934696","0.68263424","7","3","False","False"
"F37","F45","180","0.44642838","0.50985318","6","2","False","False"
"F37","F46","180","0.5907794","0.57918454","11","2","False","False"
"F37","F47","180","-0.06255172","-0.08801712","3","0","False","False"
"F37","F48","180","0.57885553","0.59880655","11","1","False","False"
"F37","F49","180","0.35179013","0.40509687","7","7","False","False"
"F37","F50","180","0.19523397","0.20594874","1","1","False","False"
"F37","F51","180","0.43070396","0.41415476","1","2","False","False"
"F37","F52","180","0.04231718","0.02439993","3","0","False","False"
"F38","F39","180","0.69657284","0.73904339","4","4","False","False"
"F38","F40","180","0.83481514","0.82445754","7","0","False","False"
"F38","F41","180","0.2861611","0.2687264","4","1","False","False"
"F38","F42","180","0.79755674","0.78800374","11","4","False","False"
"F38","F43","180","0.7075115","0.74414642","11","5","False","False"
"F38","F44","180","0.6489636","0.64282642","7","3","False","False"
"F38","F45","180","0.5017353","0.52762534","4","2","False","False"
"F38","F46","180","0.67914507","0.67168946","5","1","False","False"
"F38","F47","180","-0.00099071","-0.03201333","3","0","False","False"
"F38","F48","180","0.65733463","0.65467864","9","2","False","False"
"F38","F49","180","0.36954738","0.40732533","7","2","False","False"
"F38","F50","180","0.07561791","0.0920049","2","1","False","False"
"F38","F51","180","0.37251838","0.35289567","3","4","False","False"
"F38","F52","180","0.06205705","0.03599494","9","0","False","False"
"F39","F40","180","0.70479614","0.75565501","6","3","False","False"
"F39","F41","180","0.28869023","0.23134047","3","2","False","False"
"F39","F42","180","0.67177557","0.69811825","4","2","False","False"
"F39","F43","180","0.94085229","0.92961305","24","8","False","False"
"F39","F44","180","0.48417765","0.51512084","7","3","False","False"
"F39","F45","180","0.55940855","0.55235655","4","0","False","False"
"F39","F46","180","0.57956935","0.59836415","6","1","False","False"
"F39","F47","180","0.10418569","0.01648611","3","0","False","False"
"F39","F48","180","0.61828413","0.63486939","4","1","False","False"
"F39","F49","180","0.41712756","0.40216262","5","3","False","False"
"F39","F50","180","0.16526601","0.12624669","2","1","False","False"
"F39","F51","180","0.44000427","0.45040896","4","4","False","False"
"F39","F52","180","0.12215208","0.08319598","2","1","False","False"
"F40","F41","180","0.2292603","0.2385588","4","4","False","False"
"F40","F42","180","0.77617878","0.79509038","11","3","False","False"
"F40","F43","180","0.66818517","0.71268455","6","1","False","False"
"F40","F44","180","0.73614044","0.73101433","10","2","False","False"
"F40","F45","180","0.48031571","0.56138152","5","1","False","False"
"F40","F46","180","0.55647703","0.57732852","7","0","False","False"
"F40","F47","180","-0.07277838","-0.0828935","1","1","False","False"
"F40","F48","180","0.62590931","0.65777339","6","3","False","False"
"F40","F49","180","0.25155577","0.32712944","1","3","False","False"
"F40","F50","180","0.10019794","0.08291202","0","1","False","False"
"F40","F51","180","0.31800605","0.35415291","3","2","False","False"
"F40","F52","180","0.09946226","0.10689219","4","0","False","False"
"F41","F42","180","0.60119647","0.56049878","10","3","False","False"
"F41","F43","180","0.40138416","0.34097349","5","3","False","False"
"F41","F44","180","-0.26882202","-0.2364538","3","1","False","False"
"F41","F45","180","0.81229662","0.71855716","10","4","False","False"
"F41","F46","180","0.63279311","0.6039137","3","2","False","False"
"F41","F47","180","0.76616769","0.73281686","6","3","False","False"
"F41","F48","180","0.70307281","0.66576335","6","3","False","False"
"F41","F49","180","0.76875469","0.75489778","2","4","False","False"
"F41","F50","180","-0.11090887","-0.20330874","1","0","False","False"
"F41","F51","180","0.4005034","0.41107442","7","0","False","False"
"F41","F52","180","0.39240681","0.37914545","10","3","False","False"
"F42","F43","180","0.7086819","0.73415435","5","3","False","False"
"F42","F44","180","0.44259449","0.45888248","6","1","False","False"
"F42","F45","180","0.73983326","0.7505458","5","0","False","False"
"F42","F46","180","0.80486945","0.8039281","9","5","False","False"
"F42","F47","180","0.28250584","0.23295369","10","0","False","False"
"F42","F48","180","0.82276807","0.81444077","8","3","False","False"
"F42","F49","180","0.56939772","0.60469562","6","3","False","False"
"F42","F50","180","0.07483632","0.06871611","2","4","False","False"
"F42","F51","180","0.43228843","0.42663045","1","1","False","False"
"F42","F52","180","0.15284503","0.14464027","4","1","False","False"
"F43","F44","180","0.41750744","0.46322006","3","2","False","False"
"F43","F45","180","0.64710747","0.62392461","4","1","False","False"
"F43","F46","180","0.66481774","0.66933136","3","3","False","False"
"F43","F47","180","0.21681728","0.1179913","6","1","False","False"
"F43","F48","180","0.70521174","0.71471342","8","4","False","False"
"F43","F49","180","0.54235975","0.51013303","9","3","False","False"
"F43","F50","180","0.13383513","0.10652386","4","1","False","False"
"F43","F51","180","0.50099848","0.50702182","4","2","False","False"
"F43","F52","180","0.14348141","0.08152927","5","3","False","False"
"F44","F45","180","0.02628251","0.1213165","4","1","False","False"
"F44","F46","180","0.18355562","0.19685999","6","0","False","False"
"F44","F47","180","-0.5161477","-0.50998693","5","0","False","False"
"F44","F48","180","0.22357196","0.25701822","3","2","False","False"
"F44","F49","180","-0.16136166","-0.10330566","0","1","False","False"
"F44","F50","180","0.16236758","0.14502094","5","0","False","False"
"F44","F51","180","0.04859522","0.05938455","4","1","False","False"
"F44","F52","180","-0.1002945","-0.12741546","2","2","False","False"
"F45","F46","180","0.78633183","0.7901355","11","2","False","False"
"F45","F47","180","0.63977022","0.52981059","2","1","False","False"
"F45","F48","180","0.84657449","0.82532383","6","3","False","False"
"F45","F49","180","0.813496","0.76515325","3","6","False","False"
"F45","F50","180","-0.02106437","-0.06714816","1","0","False","False"
"F45","F51","180","0.50529103","0.52580018","7","2","False","False"
"F45","F52","180","0.3742663","0.34323693","7","2","False","False"
"F46","F47","180","0.49957819","0.46829429","5","2","False","False"
"F46","F48","180","0.8191054","0.81757256","9","6","False","False"
"F46","F49","180","0.72247458","0.721584","4","3","False","False"
"F46","F50","180","-0.02352575","-0.0461434","0","0","False","False"
"F46","F51","180","0.43427115","0.40939124","6","2","False","False"
"F46","F52","180","0.11842089","0.14527197","5","0","False","False"
"F47","F48","180","0.5020438","0.44648086","4","2","False","False"
"F47","F49","180","0.74481734","0.70365958","4","4","False","False"
"F47","F50","180","-0.142573","-0.20301244","2","1","False","False"
"F47","F51","180","0.46422602","0.43884482","4","3","False","False"
"F47","F52","180","0.34527464","0.35378047","2","1","False","False"
"F48","F49","180","0.72340156","0.73567497","10","6","False","False"
"F48","F50","180","-0.04288733","-0.05853884","1","0","False","False"
"F48","F51","180","0.55047689","0.54777205","4","2","False","False"
"F48","F52","180","0.32384162","0.30883463","9","0","False","False"
"F49","F50","180","-0.01012342","-0.05274648","2","0","False","False"
"F49","F51","180","0.65303427","0.72353262","7","3","False","False"
"F49","F52","180","0.27441804","0.28617344","0","2","False","False"
"F50","F51","180","0.12414896","0.10747657","1","1","False","False"
"F50","F52","180","-0.06758469","-0.09604206","1","0","False","False"
"F51","F52","180","0.10328203","0.14723294","3","0","False","False"
