"FeatureId","FeatureNumber","FeatureNameFromFile","FeatureNameFromBody","FileName","FileDate","HeadingDate","BodyScoreDate","BodyExactRunTimestamp","BodyExactRunTimePresent","DeclaredCompanyCount","DataSnapshotPath","DataSnapshotFileDate","DataDatesInMetadata","InputGeneratedTimestamp","CreationTimeLocal","LastWriteTimeLocal","CreationTimeUtc","LastWriteTimeUtc","LengthBytes","TitleLine","RunMetadataRaw"
"F01","1","AI收益暴露纯度","AI收益暴露纯度","F01_AI收益暴露纯度_量化评分_2026-06-04.md","2026-06-04","2026-06-04","2026-06-04",,"False","180","日度资料\每日金融数据\每日金融数据_2026-06-03.md","2026-06-03","2026-06-03","2026-06-03 13:41:46 PDT-0700","2026-06-04 01:16:00.863 -07:00","2026-06-04 01:18:32.591 -07:00","2026-06-04 08:16:00.863Z","2026-06-04 08:18:32.591Z","87213","# F01 AI收益暴露纯度 量化评分 2026-06-04","- 特征名称：AI收益暴露纯度 ⏎ - 样本来源：公司调研/公司索引.md ⏎ - 行业资料：行业调研/行业索引.md 与相关行业报告 ⏎ - 金融数据：日度资料\每日金融数据\每日金融数据_2026-06-03.md ⏎ - 金融数据日期：价格日期以 2026-06-03 为主；生成时间 2026-06-03 13:41:46 PDT-0700 ⏎ - 公司数量：180 ⏎ - 评分日期：2026-06-04 ⏎ - 历史版本处理：写入前已复制 2026-05-25 与 2026-06-01 旧版 F01 正式文件到 特征量化/量化评分/备份/ ⏎ - 下游隔离：本次未读取旧 F01 评分、Signals、回归、模型比较或临时排序结果；旧版只做文件备份，不作为事实来源。"
"F02","2","产业链关键节点度","产业链关键节点度","F02_产业链关键节点度_量化评分_2026-06-04.md","2026-06-04","2026-06-04","2026-06-04",,"False","180","日度资料/每日金融数据/每日金融数据_2026-06-03.md","2026-06-03","2026-06-03","2026-06-03 13:41:46 PDT","2026-06-04 01:25:50.704 -07:00","2026-06-04 01:25:50.705 -07:00","2026-06-04 08:25:50.704Z","2026-06-04 08:25:50.705Z","87627","# F02 产业链关键节点度 量化评分 2026-06-04","- 特征名称：产业链关键节点度 ⏎ - 样本来源：公司调研/公司索引.md ⏎ - 行业资料：行业调研/行业索引.md 与相关行业报告 ⏎ - 金融数据：日度资料/每日金融数据/每日金融数据_2026-06-03.md ⏎ - 公司数量：180 ⏎ - 评分日期：2026-06-04 ⏎ - 价格与估值日期：每日金融数据文件显示价格数据最新日期为 2026-06-03，估值字段由 Yahoo Finance quote/info 于 2026-06-03 13:41:46 PDT 采集；本特征只把金融数据作为样本覆盖和动态口径校验，不用估值倍数直接推高或压低产业链关键节点度。 ⏎ - 覆盖校验：公司索引声明 180 家，本次评分表写入 180 家；每日金融数据 2026-06-03 文件显示写入 180 家。"
"F03","3","认知差与重估空间","认知差与重估空间","F03_认知差与重估空间_量化评分_2026-06-04.md","2026-06-04","2026-06-04","2026-06-04",,"False","180","日度资料/每日金融数据/每日金融数据_2026-06-03.md","2026-06-03","",,"2026-06-04 01:17:23.659 -07:00","2026-06-04 01:19:01.263 -07:00","2026-06-04 08:17:23.659Z","2026-06-04 08:19:01.263Z","91734","# F03 认知差与重估空间 量化评分 2026-06-04","- 特征名称：认知差与重估空间 ⏎ - 样本来源：公司调研/公司索引.md ⏎ - 行业资料：行业调研/行业索引.md 与相关行业报告 ⏎ - 金融数据：日度资料/每日金融数据/每日金融数据_2026-06-03.md ⏎ - 公司数量：180 ⏎ - 评分日期：2026-06-04 ⏎ - 旧版备份：特征量化/量化评分/备份/F03_认知差与重估空间_量化评分_2026-06-01_备份于2026-06-04.md ⏎ - 覆盖校验：公司索引 180 家；正式公司报告匹配 180 份；日度金融数据匹配 180 家；行业索引 74 个行业。"
"F04","4","已披露业绩动能","已披露业绩动能","F04_已披露业绩动能_量化评分_2026-06-04.md","2026-06-04","2026-06-04","2026-06-04",,"False","180","日度资料/每日金融数据/每日金融数据_2026-06-03.md","2026-06-03","2026-06-03",,"2026-06-04 01:16:38.933 -07:00","2026-06-04 01:18:12.001 -07:00","2026-06-04 08:16:38.933Z","2026-06-04 08:18:12.001Z","117347","# F04 已披露业绩动能 量化评分 2026-06-04","- 特征名称：已披露业绩动能 ⏎ - 样本来源：公司调研/公司索引.md ⏎ - 行业资料：行业调研/行业索引.md 与相关行业报告 ⏎ - 金融数据：日度资料/每日金融数据/每日金融数据_2026-06-03.md ⏎ - 公司数量：180 ⏎ - 评分日期：2026-06-04 ⏎ - 公司索引生成日期：2026-06-02 ⏎ - 最新价格/估值采集日期：2026-06-03，源文件生成时间见每日金融数据文件 ⏎ - 旧版备份：特征量化/量化评分/备份/F04_已披露业绩动能_量化评分_2026-06-01.md ⏎ - 覆盖校验：公司索引 180 家，定位正式公司报告 180 份，最新金融数据匹配 180 家；差异：无"
"F05","5","当前估值赔率","当前估值赔率","F05_当前估值赔率_量化评分_2026-06-04.md","2026-06-04","2026-06-04","2026-06-04",,"False","180","日度资料/每日金融数据/每日金融数据_2026-06-03.md","2026-06-03","2026-06-03",,"2026-06-04 01:29:58.015 -07:00","2026-06-04 01:30:44.911 -07:00","2026-06-04 08:29:58.015Z","2026-06-04 08:30:44.911Z","227752","# F05 当前估值赔率 量化评分 2026-06-04","- 特征名称：当前估值赔率 ⏎ - 样本来源：公司调研/公司索引.md ⏎ - 行业资料：行业调研/行业索引.md 与相关行业报告 ⏎ - 金融数据：日度资料/每日金融数据/每日金融数据_2026-06-03.md ⏎ - 公司数量：180 ⏎ - 评分日期：2026-06-04 ⏎ - 估值采集日期：2026-06-03；日度文件生成时间见每日金融数据元信息 ⏎ - 覆盖校验：公司索引 180 家，本文件覆盖 180 家，差异 0 家 ⏎ - 历史版本处理：写入本文件前已复制旧版 F05_当前估值赔率_量化评分_2026-06-01.md 到 特征量化/量化评分/备份/"
"F06","6","同业历史估值分位","同业历史估值分位","F06_同业历史估值分位_量化评分_2026-06-04.md","2026-06-04","2026-06-04","2026-06-04",,"False","180","日度资料/每日金融数据/每日金融数据_2026-06-03.md","2026-06-03","2026-06-03","2026-06-03 13:41:46 PDT-0700","2026-06-04 01:30:21.529 -07:00","2026-06-04 01:30:21.530 -07:00","2026-06-04 08:30:21.529Z","2026-06-04 08:30:21.530Z","131273","# F06 同业历史估值分位 量化评分 2026-06-04","- 特征名称：同业历史估值分位 ⏎ - 样本来源：公司调研/公司索引.md ⏎ - 行业资料：行业调研/行业索引.md 与相关行业报告 ⏎ - 金融数据：日度资料/每日金融数据/每日金融数据_2026-06-03.md ⏎ - 公司数量：180 ⏎ - 评分日期：2026-06-04 ⏎ - 价格日期：2026-06-03 ⏎ - 估值采集日期：2026-06-03 13:41:46 PDT-0700；源字段说明见每日金融数据文件 ⏎ - 旧版备份：特征量化\量化评分\备份\20260604-012703-备份-F06_同业历史估值分位_量化评分_2026-06-01.md ⏎ - 资料边界：本次未使用历史F06评分、临时排序结果或外部实时数据；旧版仅按规则复制备份。"
"F07","7","估值隐含增长压力","估值隐含增长压力","F07_估值隐含增长压力_量化评分_2026-06-04.md","2026-06-04","2026-06-04","2026-06-04",,"False","180","日度资料/每日金融数据/每日金融数据_2026-06-03.md","2026-06-03","2026-06-03",,"2026-06-04 01:33:52.961 -07:00","2026-06-04 01:33:52.961 -07:00","2026-06-04 08:33:52.961Z","2026-06-04 08:33:52.961Z","136526","# F07 估值隐含增长压力 量化评分 2026-06-04","- 特征名称：估值隐含增长压力 ⏎ - 样本来源：公司调研/公司索引.md ⏎ - 行业资料：行业调研/行业索引.md 与相关行业报告；按行业索引 74 个标准行业作为产业链参照，正式目录中重复旧题名不作为独立行业加权 ⏎ - 金融数据：日度资料/每日金融数据/每日金融数据_2026-06-03.md ⏎ - 公司数量：180 ⏎ - 评分日期：2026-06-04 ⏎ - 价格与估值采集日期：2026-06-03；源文件生成时间见每日金融数据快照 ⏎ - 旧版备份：特征量化/量化评分/备份/F07_估值隐含增长压力_量化评分_2026-06-01_备份于_2026-06-04.md ⏎ - 证据边界：未读取或继承历史 F07 评分、tmp 临时排序、Signals、多因子模型或分析报告目录；旧版仅复制备份。"
"F08","8","财务承压可控性","财务承压可控性","F08_财务承压可控性_量化评分_2026-06-04.md","2026-06-04","2026-06-04","2026-06-04",,"False","180","日度资料/每日金融数据/每日金融数据_2026-06-03.md","2026-06-03","",,"2026-06-04 01:35:37.276 -07:00","2026-06-04 01:37:05.321 -07:00","2026-06-04 08:35:37.276Z","2026-06-04 08:37:05.321Z","141059","# F08 财务承压可控性 量化评分 2026-06-04","- 特征名称：财务承压可控性 ⏎ - 样本来源：公司调研/公司索引.md ⏎ - 行业资料：行业调研/行业索引.md 与相关行业报告 ⏎ - 金融数据：日度资料/每日金融数据/每日金融数据_2026-06-03.md ⏎ - 公司数量：180 ⏎ - 评分日期：2026-06-04 ⏎ - 覆盖校验：公司索引 180 家、正式公司报告 180 份、每日金融数据 180 行，全部一一匹配 ⏎ - 历史保留：已将 2026-06-01 旧版 F08 文件复制到 特征量化/量化评分/备份/，本次未读取旧评分作为依据"
"F09","9","现金流转换质量","现金流转换质量","F09_现金流转换质量_量化评分_2026-06-04.md","2026-06-04","2026-06-04","2026-06-04",,"False","180","日度资料/每日金融数据/每日金融数据_2026-06-03.md","2026-06-03","2026-06-03",,"2026-06-04 01:39:06.449 -07:00","2026-06-04 01:41:40.438 -07:00","2026-06-04 08:39:06.449Z","2026-06-04 08:41:40.438Z","94041","# F09 现金流转换质量 量化评分 2026-06-04","- 特征名称：现金流转换质量 ⏎ - 样本来源：公司调研/公司索引.md ⏎ - 行业资料：行业调研/行业索引.md 与相关行业报告 ⏎ - 金融数据：日度资料/每日金融数据/每日金融数据_2026-06-03.md ⏎ - 公司数量：180 ⏎ - 评分日期：2026-06-04 ⏎ - 旧版备份：特征量化\量化评分\备份\F09_现金流转换质量_量化评分_2026-06-01_备份于2026-06-04.md ⏎ - 使用边界：未读取历史评分文件、临时排序结果或外部新增数据；日度估值只使用上述 2026-06-03 文件。"
"F10","10","1-3月收入兑现信号","1-3月收入兑现信号","F10_1-3月收入兑现信号_量化评分_2026-06-04.md","2026-06-04","2026-06-04","2026-06-04",,"False","180","日度资料/每日金融数据/每日金融数据_2026-06-03.md（生成时间：2026-06-03 13:41:46 PDT；覆盖 180 家）","2026-06-03","2026-06-03","2026-06-03 13:41:46 PDT","2026-06-04 01:49:29.813 -07:00","2026-06-04 01:50:14.072 -07:00","2026-06-04 08:49:29.813Z","2026-06-04 08:50:14.072Z","63700","# F10 1-3月收入兑现信号 量化评分 2026-06-04","- 特征名称：1-3月收入兑现信号 ⏎ - 样本来源：公司调研/公司索引.md（生成日期：2026-06-02） ⏎ - 行业资料：行业调研/行业索引.md（生成日期：2026-05-29）与相关行业报告 ⏎ - 金融数据：日度资料/每日金融数据/每日金融数据_2026-06-03.md（生成时间：2026-06-03 13:41:46 PDT；覆盖 180 家） ⏎ - 公司数量：180 ⏎ - 评分日期：2026-06-04 ⏎ - 旧版备份：特征量化/量化评分/备份/20260604-运行前备份-F10_1-3月收入兑现信号_量化评分_2026-06-01.md"
"F11","11","3-6月收入加速信号","3-6月收入加速信号","F11_3-6月收入加速信号_量化评分_2026-06-04.md","2026-06-04","2026-06-04","2026-06-04",,"False","180","日度资料/每日金融数据/每日金融数据_2026-06-03.md","2026-06-03","2026-06-03",,"2026-06-04 01:50:43.708 -07:00","2026-06-04 01:51:33.578 -07:00","2026-06-04 08:50:43.708Z","2026-06-04 08:51:33.578Z","85779","# F11 3-6月收入加速信号 量化评分 2026-06-04","- 特征名称：3-6月收入加速信号 ⏎ - 样本来源：公司调研/公司索引.md ⏎ - 行业资料：行业调研/行业索引.md 与相关行业报告 ⏎ - 金融数据：日度资料/每日金融数据/每日金融数据_2026-06-03.md ⏎ - 公司数量：180 ⏎ - 评分日期：2026-06-04 ⏎ - 公司报告覆盖：正式分类目录直属公司报告 180/180，未读取公司调研/tmp、备份目录或旧评分文件作为证据 ⏎ - 金融数据日期：2026-06-03；价格数据日期：最新 `2026-06-03`；最常见 `2026-06-03`；滞后于最新日期的公司 `2` 家；每家公司详见明细表。；估值数据日期：Yahoo Finance quote/info 于生成时间采集；TTM/forward 字段底层财报期或一致预期日期由数据源维护，源接口不提供逐字段 as-of date。；公司数量校验：索引声明 `180` 家；本次解析 `180` 家；写入 `180` 家。"
"F12","12","6-12月收入台阶信号","6-12月收入台阶信号","F12_6-12月收入台阶信号_量化评分_2026-06-04.md","2026-06-04","2026-06-04","2026-06-04",,"False","180","日度资料/每日金融数据/每日金融数据_2026-06-03.md","2026-06-03","",,"2026-06-04 01:47:01.603 -07:00","2026-06-04 01:48:50.243 -07:00","2026-06-04 08:47:01.603Z","2026-06-04 08:48:50.243Z","129621","# F12 6-12月收入台阶信号 量化评分 2026-06-04","- 特征名称：6-12月收入台阶信号 ⏎ - 样本来源：公司调研/公司索引.md ⏎ - 行业资料：行业调研/行业索引.md 与相关行业报告 ⏎ - 金融数据：日度资料/每日金融数据/每日金融数据_2026-06-03.md ⏎ - 公司数量：180 ⏎ - 评分日期：2026-06-04 ⏎ - 资料边界：未读取或继承旧评分文件、临时排序结果、下游Signals或外部未注明日期数据；旧版F12正式结果已按规则复制到备份目录。"
"F13","13","1-3月利润兑现信号","1-3月利润兑现信号","F13_1-3月利润兑现信号_量化评分_2026-06-04.md","2026-06-04","2026-06-04","2026-06-04",,"False","180","日度资料/每日金融数据/每日金融数据_2026-06-03.md","2026-06-03","2026-06-03;2026-06-04","2026-06-03 13:41:46 PDT-0700","2026-06-04 01:49:38.426 -07:00","2026-06-04 01:51:29.333 -07:00","2026-06-04 08:49:38.426Z","2026-06-04 08:51:29.333Z","119433","# F13 1-3月利润兑现信号 量化评分 2026-06-04","- 特征名称：1-3月利润兑现信号 ⏎ - 样本来源：公司调研/公司索引.md ⏎ - 行业资料：行业调研/行业索引.md 与相关行业报告 ⏎ - 金融数据：日度资料/每日金融数据/每日金融数据_2026-06-03.md ⏎ - 金融数据口径：该文件生成时间为 2026-06-03 13:41:46 PDT-0700，价格数据最新日期为 2026-06-03；评分日期为 2026-06-04。 ⏎ - 公司数量：180 ⏎ - 评分日期：2026-06-04 ⏎ - 覆盖校验：公司索引解析 180 家；正式公司报告匹配 180 份；2026-06-03 每日金融数据匹配 180 家。 ⏎ - 历史版本处理：写入前已复制旧版 F13 正式文件到 特征量化/量化评分/备份/；旧版仅用于保留历史版本，未作为本次评分依据。 ⏎ - 本次备份文件：特征量化\量化评分\备份\F13_1-3月利润兑现信号_量化评分_2026-06-01_备份于2026-06-04.md ⏎ - 资料边界：本文件只使用公司索引、正式公司调研、行业索引、正式行业调研和 2026-06-03 每日金融数据；未使用分析报告、历史评分、临时排序结果、站点导出数据或外部未注明日期数据。"
"F14","14","3-6月利润率改善信号","3-6月利润率改善信号","F14_3-6月利润率改善信号_量化评分_2026-06-04.md","2026-06-04","2026-06-04","2026-06-04",,"False","180","日度资料/每日金融数据/每日金融数据_2026-06-03.md","2026-06-03","",,"2026-06-04 02:02:24.893 -07:00","2026-06-04 02:04:21.495 -07:00","2026-06-04 09:02:24.893Z","2026-06-04 09:04:21.495Z","65769","# F14 3-6月利润率改善信号 量化评分 2026-06-04","- 特征名称：3-6月利润率改善信号 ⏎ - 样本来源：公司调研/公司索引.md ⏎ - 行业资料：行业调研/行业索引.md 与相关行业报告 ⏎ - 金融数据：日度资料/每日金融数据/每日金融数据_2026-06-03.md ⏎ - 公司数量：180 ⏎ - 评分日期：2026-06-04 ⏎ - 公司覆盖校验：公司索引声明 180 家，本表覆盖 180 家，差异 0 家。 ⏎ - 旧版留档：已将 2026-06-01 旧版复制到 特征量化/量化评分/备份/F14_3-6月利润率改善信号_量化评分_2026-06-01_备份于2026-06-04.md；本次评分未继承旧版分数或排序。"
"F15","15","6-12月利润台阶信号","6-12月利润台阶信号","F15_6-12月利润台阶信号_量化评分_2026-06-04.md","2026-06-04","2026-06-04","2026-06-04",,"False","180","日度资料/每日金融数据/每日金融数据_2026-06-03.md","2026-06-03","2026-06-03",,"2026-06-04 02:07:09.464 -07:00","2026-06-04 02:07:09.464 -07:00","2026-06-04 09:07:09.464Z","2026-06-04 09:07:09.464Z","69022","# F15 6-12月利润台阶信号 量化评分 2026-06-04","- 特征名称：6-12月利润台阶信号 ⏎ - 样本来源：公司调研/公司索引.md ⏎ - 行业资料：行业调研/行业索引.md 与相关行业报告 ⏎ - 金融数据：日度资料/每日金融数据/每日金融数据_2026-06-03.md ⏎ - 公司数量：180 ⏎ - 评分日期：2026-06-04 ⏎ - 最新公司报告日期范围：2026-05-08 至 2026-06-03 ⏎ - 估值与异常备注采集日期：2026-06-03（使用项目内最新可用每日金融数据） ⏎ - 旧版备份：特征量化/量化评分/备份/F15_6-12月利润台阶信号_量化评分_2026-06-01_备份于2026-06-04.md（按输出规则复制；旧评分未作为本次输入） ⏎ - 资料边界：仅使用公司调研、行业调研、公司/行业索引及 2026-06-03 日度金融数据；未使用外部数据、历史评分文件或临时排序结果作为证据来源。"
"F16","16","1-3月交付承接能力","1-3月交付承接能力","F16_1-3月交付承接能力_量化评分_2026-06-04.md","2026-06-04","2026-06-04","2026-06-04",,"False","180","日度资料/每日金融数据/每日金融数据_2026-06-03.md","2026-06-03","2026-06-03",,"2026-06-04 02:04:34.263 -07:00","2026-06-04 02:04:34.263 -07:00","2026-06-04 09:04:34.263Z","2026-06-04 09:04:34.263Z","70288","# F16 1-3月交付承接能力 量化评分 2026-06-04","- 特征名称：1-3月交付承接能力 ⏎ - 样本来源：公司调研/公司索引.md ⏎ - 公司索引日期：2026-06-02 ⏎ - 行业资料：行业调研/行业索引.md 与相关行业报告 ⏎ - 行业索引日期：2026-05-29 ⏎ - 金融数据：日度资料/每日金融数据/每日金融数据_2026-06-03.md ⏎ - 金融数据价格日期：2026-06-03 ⏎ - 金融数据用途：用于样本完整性、估值异常和后续复核提示；本特征分不直接按估值高低打分。 ⏎ - 公司数量：180 ⏎ - 评分日期：2026-06-04 ⏎ - 旧版备份：特征量化/量化评分/备份/F16_1-3月交付承接能力_量化评分_2026-06-01_备份于_2026-06-04.md ⏎ - 覆盖校验：公司索引 180 家、正式公司报告匹配 180 份、金融数据明细 180 行；无样本差异。"
"F17","17","3-6月产能释放能力","3-6月产能释放能力","F17_3-6月产能释放能力_量化评分_2026-06-04.md","2026-06-04","2026-06-04","2026-06-04",,"False","180","日度资料/每日金融数据/每日金融数据_2026-06-03.md","2026-06-03","2026-06-03","2026-06-03 13:41:46 PDT-0700","2026-06-04 02:00:40.672 -07:00","2026-06-04 02:08:04.618 -07:00","2026-06-04 09:00:40.672Z","2026-06-04 09:08:04.618Z","85288","# F17 3-6月产能释放能力 量化评分 2026-06-04","- 特征名称：3-6月产能释放能力 ⏎ - 样本来源：公司调研/公司索引.md ⏎ - 行业资料：行业调研/行业索引.md 与相关行业报告；行业索引生成日期为 2026-05-29，正式行业样本为 74 个。 ⏎ - 金融数据：日度资料/每日金融数据/每日金融数据_2026-06-03.md ⏎ - 公司数量：180 ⏎ - 评分日期：2026-06-04 ⏎ - 公司索引日期：2026-06-02 ⏎ - 金融数据采集：价格数据日期 2026-06-03；生成时间 2026-06-03 13:41:46 PDT-0700；价格成功 180 家，市值成功 180 家，异常/需确认标记 57 家。 ⏎ - 版本处理：已在运行前把旧版 F17_3-6月产能释放能力_量化评分_2026-06-01.md 复制到 特征量化/量化评分/备份/；本次评分未读取旧版评分。"
"F18","18","6-12月产能台阶能力","6-12月产能台阶能力","F18_6-12月产能台阶能力_量化评分_2026-06-04.md","2026-06-04","2026-06-04","2026-06-04",,"False","180","日度资料/每日金融数据/每日金融数据_2026-06-03.md；价格数据日期 2026-06-03，生成时间 2026-06-03 13:41:46 PDT-0700","2026-06-03","2026-06-03","2026-06-03 13:41:46 PDT-0700","2026-06-04 02:12:57.397 -07:00","2026-06-04 02:12:57.398 -07:00","2026-06-04 09:12:57.397Z","2026-06-04 09:12:57.398Z","109557","# F18 6-12月产能台阶能力 量化评分 2026-06-04","- 特征名称：6-12月产能台阶能力 ⏎ - 样本来源：公司调研/公司索引.md ⏎ - 行业资料：行业调研/行业索引.md 与相关行业报告；行业索引生成日期 2026-05-29，行业报告日期以各文件名为准 ⏎ - 金融数据：日度资料/每日金融数据/每日金融数据_2026-06-03.md；价格数据日期 2026-06-03，生成时间 2026-06-03 13:41:46 PDT-0700 ⏎ - 公司数量：180 ⏎ - 评分日期：2026-06-04 ⏎ - 覆盖校验：公司索引 180 家，已匹配正式公司报告 180 家，差异 0 家 ⏎ - 使用边界：未读取旧 F18 评分、其他历史评分文件、临时排序结果或未注明日期的外部数据；旧版仅按目录规则复制到备份目录"
"F19","19","核心产品商业化阶段","核心产品商业化阶段","F19_核心产品商业化阶段_量化评分_2026-06-04.md","2026-06-04","2026-06-04","2026-06-04",,"False","180","日度资料/每日金融数据/每日金融数据_2026-06-03.md","2026-06-03","2026-06-03",,"2026-06-04 02:23:23.419 -07:00","2026-06-04 02:24:11.824 -07:00","2026-06-04 09:23:23.419Z","2026-06-04 09:24:11.824Z","74070","# F19 核心产品商业化阶段 量化评分 2026-06-04","- 特征名称：核心产品商业化阶段 ⏎ - 样本来源：公司调研/公司索引.md ⏎ - 行业资料：行业调研/行业索引.md 与相关行业报告 ⏎ - 金融数据：日度资料/每日金融数据/每日金融数据_2026-06-03.md ⏎ - 公司数量：180 ⏎ - 评分日期：2026-06-04 ⏎ - 价格/估值采集日期：2026-06-03；日度金融数据覆盖 180/180，价格成功 180/180，市值成功 180/180。 ⏎ - 覆盖差异：无；公司索引、正式公司报告和每日金融数据 ticker 均为 180 家。 ⏎ - 旧版处理：已将 2026-06-01 版复制到 `特征量化/量化评分/备份/`，本文件为根目录最新正式结果。"
"F20","20","下一代平台适配度","下一代平台适配度","F20_下一代平台适配度_量化评分_2026-06-04.md","2026-06-04","2026-06-04","2026-06-04",,"False","180","日度资料/每日金融数据/每日金融数据_2026-06-03.md","2026-06-03","2026-06-03",,"2026-06-04 02:22:52.023 -07:00","2026-06-04 02:22:52.023 -07:00","2026-06-04 09:22:52.023Z","2026-06-04 09:22:52.023Z","113253","# F20 下一代平台适配度 量化评分 2026-06-04","- 特征名称：下一代平台适配度 ⏎ - 样本来源：公司调研/公司索引.md ⏎ - 行业资料：行业调研/行业索引.md 与相关行业报告 ⏎ - 金融数据：日度资料/每日金融数据/每日金融数据_2026-06-03.md ⏎ - 公司数量：180 ⏎ - 评分日期：2026-06-04 ⏎ - 价格/估值采集日期：2026-06-03，逐家公司使用日度资料中的价格日期、P/S、Forward PE和备注字段；估值只作风险上下文，不直接决定F20分。 ⏎ - 资料边界：未读取旧版F20评分、临时排序结果或项目外数据；旧版文件仅按规则复制到备份目录。"
"F21","21","功能瓶颈强度","功能瓶颈强度","F21_功能瓶颈强度_量化评分_2026-06-04.md","2026-06-04","2026-06-04","2026-06-04",,"False","180","日度资料/每日金融数据/每日金融数据_2026-06-03.md","2026-06-03","",,"2026-06-04 00:47:51.622 -07:00","2026-06-04 00:47:51.622 -07:00","2026-06-04 07:47:51.622Z","2026-06-04 07:47:51.622Z","109499","# F21 功能瓶颈强度 量化评分 2026-06-04","- 特征名称：功能瓶颈强度 ⏎ - 样本来源：公司调研/公司索引.md ⏎ - 行业资料：行业调研/行业索引.md 与相关行业报告 ⏎ - 金融数据：日度资料/每日金融数据/每日金融数据_2026-06-03.md ⏎ - 公司数量：180 ⏎ - 评分日期：2026-06-04 ⏎ - 公司索引生成日期：2026-06-02 ⏎ - 行业索引生成日期：2026-05-29 ⏎ - 旧版备份：已将量化评分/F21_功能瓶颈强度_量化评分_2026-06-01.md 复制到量化评分/备份/，本次未读取旧评分内容作为依据。 ⏎ - 覆盖校验：公司索引180家；本次定位正式公司报告180家；日度金融数据2026-06-03覆盖180家。"
"F22","22","技术稀缺与复制难度","技术稀缺与复制难度","F22_技术稀缺与复制难度_量化评分_2026-06-04.md","2026-06-04","2026-06-04","2026-06-04",,"False","180","日度资料/每日金融数据/每日金融数据_2026-06-03.md","2026-06-03","",,"2026-06-04 02:21:17.637 -07:00","2026-06-04 02:23:09.987 -07:00","2026-06-04 09:21:17.637Z","2026-06-04 09:23:09.987Z","80925","# F22 技术稀缺与复制难度 量化评分 2026-06-04","- 特征名称：技术稀缺与复制难度 ⏎ - 样本来源：公司调研/公司索引.md ⏎ - 行业资料：行业调研/行业索引.md 与相关行业报告 ⏎ - 金融数据：日度资料/每日金融数据/每日金融数据_2026-06-03.md ⏎ - 公司数量：180 ⏎ - 评分日期：2026-06-04 ⏎ - 公司报告覆盖：180/180；公司报告均来自公司索引所列 10 个正式分类目录直属 Markdown ⏎ - 行业报告覆盖：74/74；严格按行业调研/行业索引.md 定位正式行业报告 ⏎ - 金融数据覆盖：180/180；价格数据日期以每日金融数据明细列为准，估值字段采集于该文件生成时间 ⏎ - 历史版本处理：写入本文件前已复制旧版 F22_技术稀缺与复制难度_量化评分_2026-06-01.md 到 特征量化/量化评分/备份/"
"F23","23","技术路线主流概率","技术路线主流概率","F23_技术路线主流概率_量化评分_2026-06-04.md","2026-06-04","2026-06-04","2026-06-04",,"False","180","日度资料/每日金融数据/每日金融数据_2026-06-03.md","2026-06-03","2026-06-03",,"2026-06-04 02:24:07.125 -07:00","2026-06-04 02:24:07.125 -07:00","2026-06-04 09:24:07.125Z","2026-06-04 09:24:07.125Z","92330","# F23 技术路线主流概率 量化评分 2026-06-04","- 特征名称：技术路线主流概率 ⏎ - 样本来源：公司调研/公司索引.md ⏎ - 行业资料：行业调研/行业索引.md 与相关行业报告 ⏎ - 金融数据：日度资料/每日金融数据/每日金融数据_2026-06-03.md ⏎ - 公司数量：180 ⏎ - 评分日期：2026-06-04 ⏎ - 最新金融数据日期：2026-06-03，生成时间见日度金融数据文件；该文件声明索引解析与写入均为180家公司。 ⏎ - 旧版备份：特征量化/量化评分/备份/F23_技术路线主流概率_量化评分_2026-06-01_备份于_2026-06-04.md ⏎ - 覆盖校验：公司索引180家，本次评分180家，公司正式报告定位180份，差异0家。 ⏎ - 使用边界：本次证据只来自公司调研、行业调研和每日金融数据；未读取旧F23评分正文，未使用外部未注明日期数据。"
"F24","24","单位负载价值量","单位负载价值量","F24_单位负载价值量_量化评分_2026-06-04.md","2026-06-04","2026-06-04","2026-06-04",,"False","180","日度资料/每日金融数据/每日金融数据_2026-06-03.md","2026-06-03","",,"2026-06-04 02:30:40.862 -07:00","2026-06-04 02:32:42.006 -07:00","2026-06-04 09:30:40.862Z","2026-06-04 09:32:42.006Z","120629","# F24 单位负载价值量 量化评分 2026-06-04","- 特征名称：单位负载价值量 ⏎ - 样本来源：公司调研/公司索引.md ⏎ - 行业资料：行业调研/行业索引.md 与相关行业报告 ⏎ - 金融数据：日度资料/每日金融数据/每日金融数据_2026-06-03.md ⏎ - 公司数量：180 ⏎ - 评分日期：2026-06-04 ⏎ - 资料边界：本次只读取公司调研、行业调研、日度资料/每日金融数据和 F24 研究方案；旧版 F24 评分仅复制备份，未作为评分依据。 ⏎ - 覆盖校验：公司索引声明 180 家；本次报告路径匹配 180 家；金融数据匹配 180 家；差异 0 家。"
"F25","25","需求到收入链条清晰度","需求到收入链条清晰度","F25_需求到收入链条清晰度_量化评分_2026-06-04.md","2026-06-04","2026-06-04","2026-06-04",,"False","180","日度资料/每日金融数据/每日金融数据_2026-06-03.md","2026-06-03","2026-06-03",,"2026-06-04 02:47:17.240 -07:00","2026-06-04 02:47:17.241 -07:00","2026-06-04 09:47:17.240Z","2026-06-04 09:47:17.241Z","87284","# F25 需求到收入链条清晰度 量化评分 2026-06-04","- 特征名称：需求到收入链条清晰度 ⏎ - 样本来源：公司调研/公司索引.md ⏎ - 行业资料：行业调研/行业索引.md 与相关行业报告 ⏎ - 金融数据：日度资料/每日金融数据/每日金融数据_2026-06-03.md ⏎ - 公司数量：180 ⏎ - 评分日期：2026-06-04 ⏎ - 最新金融数据日期：2026-06-03。价格、估值、市值、P/S、PE、Forward PE、EV/EBITDA、EPS、期权IV和异常备注均以该快照为动态数据日期；F25分数本身不把估值作为加分项。 ⏎ - 覆盖校验：评分股票代号与公司调研/公司索引.md 完全一致，差异0项。"
"F26","26","细分行业空间弹性","细分行业空间弹性","F26_细分行业空间弹性_量化评分_2026-06-04.md","2026-06-04","2026-06-04","2026-06-04",,"False","180","日度资料/每日金融数据/每日金融数据_2026-06-03.md","2026-06-03","",,"2026-06-04 02:40:03.801 -07:00","2026-06-04 02:40:03.802 -07:00","2026-06-04 09:40:03.801Z","2026-06-04 09:40:03.802Z","86127","# F26 细分行业空间弹性 量化评分 2026-06-04","- 特征名称：细分行业空间弹性 ⏎ - 样本来源：公司调研/公司索引.md ⏎ - 行业资料：行业调研/行业索引.md 与相关行业报告 ⏎ - 金融数据：日度资料/每日金融数据/每日金融数据_2026-06-03.md ⏎ - 公司数量：180 ⏎ - 评分日期：2026-06-04 ⏎ - 运行边界：本次评分未读取旧版F26评分正文、历史排序文件或临时历史结论；旧版正式文件仅按规则复制到备份目录。 ⏎ - 覆盖校验：公司索引声明180家；本次解析180家；评分表写入180家；无缺口。"
"F27","27","AI capex收益弹性","AI capex收益弹性","F27_AI capex收益弹性_量化评分_2026-06-04.md","2026-06-04","2026-06-04","2026-06-04",,"False","180","日度资料/每日金融数据/每日金融数据_2026-06-03.md；价格数据日期 2026-06-03，估值采集时间 2026-06-03 13:41:46 PDT-0700","2026-06-03","2026-06-03","2026-06-03 13:41:46 PDT-0700","2026-06-04 02:37:49.764 -07:00","2026-06-04 02:37:49.765 -07:00","2026-06-04 09:37:49.764Z","2026-06-04 09:37:49.765Z","70725","# F27 AI capex收益弹性 量化评分 2026-06-04","- 特征名称：AI capex收益弹性 ⏎ - 样本来源：公司调研/公司索引.md，索引生成日期 2026-06-02 ⏎ - 行业资料：行业调研/行业索引.md 与相关行业报告，行业索引生成日期 2026-05-29；核心订单映射文件为 行业调研/产业背景/AI数据中心建设规模与产业链订单映射_2026-2027_美国_2026-05-22.md ⏎ - 金融数据：日度资料/每日金融数据/每日金融数据_2026-06-03.md；价格数据日期 2026-06-03，估值采集时间 2026-06-03 13:41:46 PDT-0700 ⏎ - 公司数量：180 ⏎ - 正式公司报告匹配：180 份；缺失 0，重复 0 ⏎ - 评分日期：2026-06-04 ⏎ - 旧版处理：已将根目录旧版 F27 文件复制到 特征量化/量化评分/备份/；旧版未作为评分依据。"
"F28","28","客户层级质量","客户层级质量","F28_客户层级质量_量化评分_2026-06-04.md","2026-06-04","2026-06-04","2026-06-04",,"False","180","日度资料/每日金融数据/每日金融数据_2026-06-03.md","2026-06-03","2026-06-03",,"2026-06-04 02:45:13.858 -07:00","2026-06-04 02:47:16.872 -07:00","2026-06-04 09:45:13.858Z","2026-06-04 09:47:16.872Z","90076","# F28 客户层级质量 量化评分 2026-06-04","- 特征名称：客户层级质量 ⏎ - 样本来源：公司调研/公司索引.md ⏎ - 行业资料：行业调研/行业索引.md 与相关行业报告 ⏎ - 金融数据：日度资料/每日金融数据/每日金融数据_2026-06-03.md ⏎ - 公司数量：180 ⏎ - 评分日期：2026-06-04 ⏎ - 公司索引生成日期：2026-06-02 ⏎ - 行业索引生成日期：2026-05-29 ⏎ - 最新价格数据日期：最新 2026-06-03；最常见 2026-06-03；滞后于最新日期的公司 2 家 ⏎ - 金融数据覆盖：公司总数 180；价格成功 180；价格缺失 0；市值成功 180；异常/需确认标记 57 家 ⏎ - 历史版本处理：已将 特征量化/量化评分/F28_客户层级质量_量化评分_2026-06-01.md 复制到 特征量化/量化评分/备份/。"
"F29","29","客户切换成本","客户切换成本","F29_客户切换成本_量化评分_2026-06-04.md","2026-06-04","2026-06-04","2026-06-04",,"False","180","日度资料/每日金融数据/每日金融数据_2026-06-03.md","2026-06-03","2026-06-03",,"2026-06-04 02:54:55.321 -07:00","2026-06-04 02:54:55.321 -07:00","2026-06-04 09:54:55.321Z","2026-06-04 09:54:55.321Z","73221","# F29 客户切换成本 量化评分 2026-06-04","- 特征名称：客户切换成本 ⏎ - 样本来源：公司调研/公司索引.md ⏎ - 行业资料：行业调研/行业索引.md 与相关行业报告 ⏎ - 金融数据：日度资料/每日金融数据/每日金融数据_2026-06-03.md ⏎ - 公司数量：180 ⏎ - 评分日期：2026-06-04 ⏎ - 公司索引日期：2026-06-02；行业索引日期：2026-05-29；行业报告主要日期：2026-05-22，另含产业背景 2026-05-22。 ⏎ - 金融数据日期：价格数据日期为 2026-06-03，估值采集时间为每日金融数据文件生成时间；本特征不把估值高低直接计入分数，只用于确认样本覆盖、日期和后续复核优先级。 ⏎ - 旧版处理：已将 2026-06-01 旧版复制到 `特征量化/量化评分/备份/`；本次未读取旧版评分正文作为证据。"
"F30","30","收入可见度","收入可见度","F30_收入可见度_量化评分_2026-06-04.md","2026-06-04","2026-06-04","2026-06-04",,"False","180","日度资料/每日金融数据/每日金融数据_2026-06-03.md","2026-06-03","2026-06-03","2026-06-03 13:41:46 PDT-0700","2026-06-04 02:50:56.925 -07:00","2026-06-04 02:55:13.395 -07:00","2026-06-04 09:50:56.925Z","2026-06-04 09:55:13.395Z","98751","# F30 收入可见度 量化评分 2026-06-04","- 特征名称：收入可见度 ⏎ - 样本来源：公司调研/公司索引.md ⏎ - 行业资料：行业调研/行业索引.md 与相关行业报告 ⏎ - 金融数据：日度资料/每日金融数据/每日金融数据_2026-06-03.md ⏎ - 公司数量：180 ⏎ - 评分日期：2026-06-04 ⏎ - 公司索引生成日期：2026-06-02；索引声明公司数量：180；本次映射正式公司报告：180 ⏎ - 金融数据生成时间：2026-06-03 13:41:46 PDT-0700；价格数据日期：2026-06-03；估值采集日期同该文件生成时间。 ⏎ - 输入边界：本文件只使用公司调研、行业调研、公司/行业索引和每日金融数据；未使用旧 F30 评分、历史排序、临时评分或外部未注明日期数据。"
"F31","31","订单刚性与可确认性","订单刚性与可确认性","F31_订单刚性与可确认性_量化评分_2026-06-04.md","2026-06-04","2026-06-04","2026-06-04",,"False","180","日度资料/每日金融数据/每日金融数据_2026-06-03.md","2026-06-03","2026-06-03","2026-06-03 13:41:46 PDT-0700","2026-06-04 03:02:37.728 -07:00","2026-06-04 03:02:37.728 -07:00","2026-06-04 10:02:37.728Z","2026-06-04 10:02:37.728Z","107273","# F31 订单刚性与可确认性 量化评分 2026-06-04","- 特征名称：订单刚性与可确认性 ⏎ - 样本来源：公司调研/公司索引.md ⏎ - 行业资料：行业调研/行业索引.md 与相关行业报告 ⏎ - 金融数据：日度资料/每日金融数据/每日金融数据_2026-06-03.md ⏎ - 公司数量：180 ⏎ - 评分日期：2026-06-04 ⏎ - 公司索引日期：2026-06-02 ⏎ - 行业索引日期：2026-05-29 ⏎ - 金融数据价格日期：2026-06-03；估值采集时间：2026-06-03 13:41:46 PDT-0700 ⏎ - 运行边界：未使用外部网页、旧版 F31 评分、其他历史评分文件或历史临时排序结果作为事实来源；旧版 F31 已复制到 特征量化/量化评分/备份/。"
"F32","32","订单下修风险可控性","订单下修风险可控性","F32_订单下修风险可控性_量化评分_2026-06-04.md","2026-06-04","2026-06-04","2026-06-04",,"False","180","日度资料/每日金融数据/每日金融数据_2026-06-03.md","2026-06-03","2026-06-03","2026-06-03 13:41:46 PDT","2026-06-04 02:55:19.635 -07:00","2026-06-04 02:56:37.659 -07:00","2026-06-04 09:55:19.635Z","2026-06-04 09:56:37.659Z","131008","# F32 订单下修风险可控性 量化评分 2026-06-04","- 特征名称：订单下修风险可控性 ⏎ - 样本来源：公司调研/公司索引.md ⏎ - 行业资料：行业调研/行业索引.md 与相关行业报告 ⏎ - 金融数据：日度资料/每日金融数据/每日金融数据_2026-06-03.md ⏎ - 公司数量：180 ⏎ - 评分日期：2026-06-04 ⏎ - 覆盖校验：公司索引声明 180 家；本次输出 180 家；差异 0 家。 ⏎ - 旧版处理：已将根目录 2026-06-01 版复制到 `特征量化/量化评分/备份/F32_订单下修风险可控性_量化评分_2026-06-01_根目录备份_2026-06-04.md`。 ⏎ - 金融数据日期：价格数据为 2026-06-03；估值字段为 2026-06-03 13:41:46 PDT 采集口径；表内动态估值数字均随该日期使用。"
"F33","33","市场供给紧张度","市场供给紧张度","F33_市场供给紧张度_量化评分_2026-06-04.md","2026-06-04","2026-06-04","2026-06-04",,"False","180","日度资料/每日金融数据/每日金融数据_2026-06-03.md","2026-06-03","",,"2026-06-04 03:07:37.839 -07:00","2026-06-04 03:07:37.839 -07:00","2026-06-04 10:07:37.839Z","2026-06-04 10:07:37.839Z","75775","# F33 市场供给紧张度 量化评分 2026-06-04","- 特征名称：市场供给紧张度 ⏎ - 样本来源：公司调研/公司索引.md ⏎ - 行业资料：行业调研/行业索引.md 与相关行业报告 ⏎ - 金融数据：日度资料/每日金融数据/每日金融数据_2026-06-03.md ⏎ - 公司数量：180 ⏎ - 评分日期：2026-06-04 ⏎ - 公司报告覆盖：180/180；缺失：无 ⏎ - 金融数据覆盖：180/180；缺失：无"
"F34","34","价格传导能力","价格传导能力","F34_价格传导能力_量化评分_2026-06-04.md","2026-06-04","2026-06-04","2026-06-04",,"False","180","日度资料/每日金融数据/每日金融数据_2026-06-03.md","2026-06-03","2026-06-03",,"2026-06-04 03:04:52.863 -07:00","2026-06-04 03:06:07.263 -07:00","2026-06-04 10:04:52.863Z","2026-06-04 10:06:07.263Z","98023","# F34 价格传导能力 量化评分 2026-06-04","- 特征名称：价格传导能力 ⏎ - 样本来源：公司调研/公司索引.md ⏎ - 行业资料：行业调研/行业索引.md 与相关行业报告；按公司分类映射到 AI服务器/存储/芯片、AI网络/光互联/铜互联、AI园区电力/机电/冷却、晶圆制造/设备/材料/测试等行业目录。 ⏎ - 金融数据：日度资料/每日金融数据/每日金融数据_2026-06-03.md ⏎ - 公司数量：180 ⏎ - 评分日期：2026-06-04 ⏎ - 覆盖校验：公司索引 180 家；正式公司报告 180 份；本表输出 180 家；金融数据 2026-06-03 覆盖 180 家。 ⏎ - 评分口径：先在同一正式分类目录内比较，再做全样本排序；高分只给“提价/ASP/交期/认证/可靠性溢价能够进入毛利率或经营利润”的公司。单纯因成本上涨导致收入上升、或高增长但毛利被 GPU/HBM/材料 pass-through 稀释的公司降权。分数为非线性专家规则，重点看稀缺性、客户替换成本、合同/认证强度、毛利兑现、供需反转风险和证据强度。 ⏎ - 动态数字日期：表内估值与金融字段均来自 2026-06-03 每日金融数据；公司经营数字以各公司报告文件名日期为来源日期。"
"F35","35","竞争优势持续性","竞争优势持续性","F35_竞争优势持续性_量化评分_2026-06-04.md","2026-06-04","2026-06-04","2026-06-04",,"False","180","日度资料/每日金融数据/每日金融数据_2026-06-03.md","2026-06-03","2026-06-03","2026-06-03 13:41:46 PDT-0700","2026-06-04 03:13:09.770 -07:00","2026-06-04 03:14:15.640 -07:00","2026-06-04 10:13:09.770Z","2026-06-04 10:14:15.640Z","82194","# F35 竞争优势持续性 量化评分 2026-06-04","- 特征名称：竞争优势持续性 ⏎ - 样本来源：公司调研/公司索引.md ⏎ - 行业资料：行业调研/行业索引.md 与相关行业报告 ⏎ - 金融数据：日度资料/每日金融数据/每日金融数据_2026-06-03.md ⏎ - 公司数量：180 ⏎ - 评分日期：2026-06-04 ⏎ - 公司索引生成日期：2026-06-02；行业索引生成日期：2026-05-29 ⏎ - 金融数据生成时间：2026-06-03 13:41:46 PDT-0700；价格数据日期以明细表 `价格日期` 为准，主流为 2026-06-03 ⏎ - 资料边界：本次未读取、引用或继承历史评分文件、临时排序结果或项目外动态数据；旧版 F35 仅按规则复制到 `特征量化/量化评分/备份/`。"
"F36","36","供给瓶颈受益度","供给瓶颈受益度","F36_供给瓶颈受益度_量化评分_2026-06-04.md","2026-06-04","2026-06-04","2026-06-04",,"False","180","日度资料/每日金融数据/每日金融数据_2026-06-03.md","2026-06-03","2026-06-03",,"2026-06-04 03:16:35.446 -07:00","2026-06-04 03:16:35.446 -07:00","2026-06-04 10:16:35.446Z","2026-06-04 10:16:35.446Z","66040","# F36 供给瓶颈受益度 量化评分 2026-06-04","- 特征名称：供给瓶颈受益度 ⏎ - 样本来源：公司调研/公司索引.md ⏎ - 行业资料：行业调研/行业索引.md 与相关行业报告 ⏎ - 金融数据：日度资料/每日金融数据/每日金融数据_2026-06-03.md ⏎ - 公司数量：180 ⏎ - 评分日期：2026-06-04 ⏎ - 最新价格与估值采集日期：2026-06-03 ⏎ - 覆盖校验：公司索引 180 家，本文件全公司排序表 180 家，差异 0 家。"
"F37","37","1-3月催化剂强度","1-3月催化剂强度","F37_1-3月催化剂强度_量化评分_2026-06-04.md","2026-06-04","2026-06-04","2026-06-04",,"False","180","日度资料/每日金融数据/每日金融数据_2026-06-03.md","2026-06-03","2026-06-03",,"2026-06-04 03:15:28.799 -07:00","2026-06-04 03:15:06.936 -07:00","2026-06-04 10:15:28.799Z","2026-06-04 10:15:06.936Z","151044","# F37 1-3月催化剂强度 量化评分 2026-06-04","- 特征名称：1-3月催化剂强度 ⏎ - 样本来源：公司调研/公司索引.md ⏎ - 行业资料：行业调研/行业索引.md 与相关行业报告 ⏎ - 金融数据：日度资料/每日金融数据/每日金融数据_2026-06-03.md ⏎ - 公司数量：180 ⏎ - 评分日期：2026-06-04 ⏎ - 公司索引日期：2026-06-02 ⏎ - 金融数据价格/估值采集日期：2026-06-03，生成时间见每日金融数据文件 ⏎ - 旧版处理：运行前已将根目录旧版 F37 文件复制到 特征量化/量化评分/备份/，本次未读取旧评分内容。"
"F38","38","3-6月催化剂强度","3-6月催化剂强度","F38_3-6月催化剂强度_量化评分_2026-06-04.md","2026-06-04","2026-06-04","2026-06-04",,"False","180","日度资料/每日金融数据/每日金融数据_2026-06-03.md","2026-06-03","",,"2026-06-04 03:16:51.244 -07:00","2026-06-04 03:20:11.594 -07:00","2026-06-04 10:16:51.244Z","2026-06-04 10:20:11.594Z","116015","# F38 3-6月催化剂强度 量化评分 2026-06-04","- 特征名称：3-6月催化剂强度 ⏎ - 样本来源：公司调研/公司索引.md ⏎ - 行业资料：行业调研/行业索引.md 与相关行业报告；正式行业背景资料用于产业链节点交叉验证 ⏎ - 金融数据：日度资料/每日金融数据/每日金融数据_2026-06-03.md ⏎ - 公司数量：180 ⏎ - 评分日期：2026-06-04 ⏎ - 覆盖校验：公司索引 180 家；本次评分 180 家；差异 0 家 ⏎ - 旧版备份：已将 2026-06-01 旧版复制到 特征量化/量化评分/备份/，根目录保留本次最新正式结果"
"F39","39","6-12月催化剂强度","6-12月催化剂强度","F39_6-12月催化剂强度_量化评分_2026-06-04.md","2026-06-04","2026-06-04","2026-06-04",,"False","180","日度资料/每日金融数据/每日金融数据_2026-06-03.md","2026-06-03","2026-06-03",,"2026-06-04 03:41:47.674 -07:00","2026-06-04 03:43:19.075 -07:00","2026-06-04 10:41:47.674Z","2026-06-04 10:43:19.075Z","97406","# F39 6-12月催化剂强度 量化评分 2026-06-04","- 特征名称：6-12月催化剂强度 ⏎ - 样本来源：公司调研/公司索引.md ⏎ - 行业资料：行业调研/行业索引.md 与相关行业报告 ⏎ - 金融数据：日度资料/每日金融数据/每日金融数据_2026-06-03.md ⏎ - 公司数量：180 ⏎ - 评分日期：2026-06-04 ⏎ - 最新价格/估值采集日期：2026-06-03 ⏎ - 资料边界：仅使用公司调研、行业调研、公司索引、行业索引和最新每日金融数据；未使用旧评分文件、tmp输出或未注明日期的外部数据。"
"F40","40","正向预期差强度","正向预期差强度","F40_正向预期差强度_量化评分_2026-06-04.md","2026-06-04","2026-06-04","2026-06-04",,"False","180","日度资料/每日金融数据/每日金融数据_2026-06-03.md","2026-06-03","",,"2026-06-04 03:28:20.628 -07:00","2026-06-04 03:28:20.628 -07:00","2026-06-04 10:28:20.628Z","2026-06-04 10:28:20.628Z","85202","# F40 正向预期差强度 量化评分 2026-06-04","- 特征名称：正向预期差强度 ⏎ - 样本来源：公司调研/公司索引.md ⏎ - 行业资料：行业调研/行业索引.md 与相关行业报告 ⏎ - 金融数据：日度资料/每日金融数据/每日金融数据_2026-06-03.md ⏎ - 公司数量：180 ⏎ - 评分日期：2026-06-04 ⏎ - 覆盖校验：公司索引 180 家；公司正式报告匹配 180 家；日度金融数据匹配 180 家；本表评分 180 家；差异 0。"
"F41","41","负向预期差风险可控性","负向预期差风险可控性","F41_负向预期差风险可控性_量化评分_2026-06-04.md","2026-06-04","2026-06-04","2026-06-04",,"False","180","日度资料/每日金融数据/每日金融数据_2026-06-03.md","2026-06-03","2026-06-03",,"2026-06-04 03:28:27.433 -07:00","2026-06-04 03:31:22.636 -07:00","2026-06-04 10:28:27.433Z","2026-06-04 10:31:22.636Z","204962","# F41 负向预期差风险可控性 量化评分 2026-06-04","- 特征名称：负向预期差风险可控性 ⏎ - 样本来源：公司调研/公司索引.md ⏎ - 行业资料：行业调研/行业索引.md 与相关行业报告 ⏎ - 金融数据：日度资料/每日金融数据/每日金融数据_2026-06-03.md ⏎ - 公司数量：180 ⏎ - 评分日期：2026-06-04 ⏎ - 金融数据日期：2026-06-03 ⏎ - 覆盖校验：索引声明 180 家，本次覆盖 180 家，无覆盖差异。 ⏎ - 历史版本处理：写入本文件前，已将根目录旧版 `F41_负向预期差风险可控性_量化评分_2026-06-01.md` 复制到 `特征量化/量化评分/备份/`。"
"F42","42","情景收益不对称性","情景收益不对称性","F42_情景收益不对称性_量化评分_2026-06-04.md","2026-06-04","2026-06-04","2026-06-04",,"False","180","日度资料/每日金融数据/每日金融数据_2026-06-03.md","2026-06-03","2026-06-03",,"2026-06-04 03:28:41.262 -07:00","2026-06-04 03:31:15.136 -07:00","2026-06-04 10:28:41.262Z","2026-06-04 10:31:15.136Z","153944","# F42 情景收益不对称性 量化评分 2026-06-04","- 特征名称：情景收益不对称性 ⏎ - 样本来源：公司调研/公司索引.md ⏎ - 行业资料：行业调研/行业索引.md 与相关行业报告 ⏎ - 金融数据：日度资料/每日金融数据/每日金融数据_2026-06-03.md ⏎ - 公司数量：180 ⏎ - 评分日期：2026-06-04 ⏎ - 价格与估值日期：2026-06-03 ⏎ - 旧版备份：特征量化/量化评分/备份/20260604-运行前备份-F42_情景收益不对称性_量化评分_2026-06-01.md"
"F43","43","基本面兑现确定性","基本面兑现确定性","F43_基本面兑现确定性_量化评分_2026-06-04.md","2026-06-04","2026-06-04","2026-06-04",,"False","180","日度资料/每日金融数据/每日金融数据_2026-06-03.md","2026-06-03","2026-06-03","2026-06-03 13:41:46 PDT-0700","2026-06-04 03:37:28.743 -07:00","2026-06-04 03:37:28.743 -07:00","2026-06-04 10:37:28.743Z","2026-06-04 10:37:28.743Z","110306","# F43 基本面兑现确定性 量化评分 2026-06-04","- 特征名称：基本面兑现确定性 ⏎ - 样本来源：公司调研/公司索引.md ⏎ - 行业资料：行业调研/行业索引.md 与相关行业报告 ⏎ - 金融数据：日度资料/每日金融数据/每日金融数据_2026-06-03.md ⏎ - 公司数量：180 ⏎ - 评分日期：2026-06-04 ⏎ - 公司索引生成日期：2026-06-02 ⏎ - 金融数据生成时间：2026-06-03 13:41:46 PDT-0700 ⏎ - 覆盖校验：公司索引 180 家；正式公司报告映射 180 家；金融数据覆盖 180 家。 ⏎ - 历史版本处理：已将 2026-06-01 旧版复制至 特征量化/量化评分/备份/ 后再生成本文件。"
"F44","44","上行弹性","上行弹性","F44_上行弹性_量化评分_2026-06-04.md","2026-06-04","2026-06-04","2026-06-04",,"False","180","日度资料/每日金融数据/每日金融数据_2026-06-03.md","2026-06-03","",,"2026-06-04 03:40:47.768 -07:00","2026-06-04 03:40:47.768 -07:00","2026-06-04 10:40:47.768Z","2026-06-04 10:40:47.768Z","110724","# F44 上行弹性 量化评分 2026-06-04","- 特征名称：上行弹性 ⏎ - 样本来源：公司调研/公司索引.md ⏎ - 行业资料：行业调研/行业索引.md 与相关行业报告 ⏎ - 金融数据：日度资料/每日金融数据/每日金融数据_2026-06-03.md ⏎ - 公司数量：180 ⏎ - 评分日期：2026-06-04 ⏎ - 评分口径：以公司调研报告中的业务结构、订单/backlog/RPO、收入增长、利润率和风险为事实底座，以行业调研确认产业链节点和供需瓶颈，以2026-06-03金融数据补充市值、收入基数、估值和EPS；先做同一分类目录内横向校准，再做全样本排序。"
"F45","45","执行风险可控性","执行风险可控性","F45_执行风险可控性_量化评分_2026-06-04.md","2026-06-04","2026-06-04","2026-06-04",,"False","180","日度资料/每日金融数据/每日金融数据_2026-06-03.md","2026-06-03","2026-06-03",,"2026-06-04 03:39:25.597 -07:00","2026-06-04 03:41:46.971 -07:00","2026-06-04 10:39:25.597Z","2026-06-04 10:41:46.971Z","119683","# F45 执行风险可控性 量化评分 2026-06-04","- 特征名称：执行风险可控性 ⏎ - 样本来源：公司调研/公司索引.md ⏎ - 行业资料：行业调研/行业索引.md 与相关行业报告 ⏎ - 金融数据：日度资料/每日金融数据/每日金融数据_2026-06-03.md ⏎ - 公司数量：180 ⏎ - 评分日期：2026-06-04 ⏎ - 覆盖校验：公司索引声明 180 家，本次解析 180 家，正式公司报告定位 180 家；无样本差异。 ⏎ - 金融数据日期：价格和估值使用 `2026-06-03` 文件；该文件生成说明显示解析 180 家、价格成功 180 家、价格缺失 0 家。 ⏎ - 历史版本处理：已将 `特征量化/量化评分/F45_执行风险可控性_量化评分_2026-06-01.md` 复制到 `特征量化/量化评分/备份/`，根目录旧文件保留。"
"F46","46","替代风险可控性","替代风险可控性","F46_替代风险可控性_量化评分_2026-06-04.md","2026-06-04","2026-06-04","2026-06-04",,"False","180","日度资料/每日金融数据/每日金融数据_2026-06-03.md","2026-06-03","2026-06-03","2026-06-03 13:41:46 PDT-0700","2026-06-04 03:57:46.422 -07:00","2026-06-04 03:57:46.422 -07:00","2026-06-04 10:57:46.422Z","2026-06-04 10:57:46.422Z","70888","# F46 替代风险可控性 量化评分 2026-06-04","- 特征名称：替代风险可控性 ⏎ - 样本来源：公司调研/公司索引.md（生成日期：2026-06-02） ⏎ - 行业资料：行业调研/行业索引.md（生成日期：2026-05-29）与相关行业报告 ⏎ - 金融数据：日度资料/每日金融数据/每日金融数据_2026-06-03.md ⏎ - 金融数据生成时间：2026-06-03 13:41:46 PDT-0700 ⏎ - 公司数量：180 ⏎ - 评分日期：2026-06-04 ⏎ - 历史版本处理：已将 `特征量化/量化评分/F46_替代风险可控性_量化评分_2026-06-01.md` 复制到 `特征量化/量化评分/备份/F46_替代风险可控性_量化评分_2026-06-01_备份_2026-06-04.md`；本次未读取旧评分作为依据。"
"F47","47","客户集中风险可控性","客户集中风险可控性","F47_客户集中风险可控性_量化评分_2026-06-04.md","2026-06-04","2026-06-04","2026-06-04",,"False","180","日度资料/每日金融数据/每日金融数据_2026-06-03.md","2026-06-03","2026-06-03","2026-06-03 13:41:46 PDT-0700","2026-06-04 03:50:49.605 -07:00","2026-06-04 03:51:56.113 -07:00","2026-06-04 10:50:49.605Z","2026-06-04 10:51:56.113Z","102637","# F47 客户集中风险可控性 量化评分 2026-06-04","- 特征名称：客户集中风险可控性 ⏎ - 样本来源：公司调研/公司索引.md ⏎ - 行业资料：行业调研/行业索引.md 与相关行业报告 ⏎ - 金融数据：日度资料/每日金融数据/每日金融数据_2026-06-03.md ⏎ - 公司数量：180 ⏎ - 评分日期：2026-06-04 ⏎ - 公司索引日期：2026-06-02 ⏎ - 金融数据价格日期：最新 2026-06-03；估值字段采集时间见每日金融数据文件生成时间 2026-06-03 13:41:46 PDT-0700 ⏎ - 历史文件处理：已将 2026-06-01 旧版复制到 特征量化/量化评分/备份/，根目录旧文件未移动或删除；本文件为 2026-06-04 最新正式结果 ⏎ - 使用边界：未使用历史评分文件、临时排序结果或外部未注明日期数据；核心证据来自本次读取的公司调研、行业调研和 2026-06-03 每日金融数据"
"F48","48","非AI业务拖累可控性","非AI业务拖累可控性","F48_非AI业务拖累可控性_量化评分_2026-06-04.md","2026-06-04","2026-06-04","2026-06-04",,"False","180","日度资料/每日金融数据/每日金融数据_2026-06-03.md","2026-06-03","",,"2026-06-04 03:49:27.008 -07:00","2026-06-04 03:50:36.665 -07:00","2026-06-04 10:49:27.008Z","2026-06-04 10:50:36.665Z","105180","# F48 非AI业务拖累可控性 量化评分 2026-06-04","- 特征名称：非AI业务拖累可控性 ⏎ - 样本来源：公司调研/公司索引.md（索引生成日期 2026-06-02；声明 180 家） ⏎ - 行业资料：行业调研/行业索引.md 与相关行业报告（仅用于产业链位置、供需与同业参照） ⏎ - 金融数据：日度资料/每日金融数据/每日金融数据_2026-06-03.md ⏎ - 公司数量：180 ⏎ - 评分日期：2026-06-04 ⏎ - 备份动作：已将旧版 F48_非AI业务拖累可控性_量化评分_2026-06-01.md 复制到 特征量化/量化评分/备份/；旧版未作为评分依据。"
"F49","49","披露与证据可信度","披露与证据可信度","F49_披露与证据可信度_量化评分_2026-06-04.md","2026-06-04","2026-06-04","2026-06-04",,"False","180","日度资料/每日金融数据/每日金融数据_2026-06-03.md","2026-06-03","2026-06-03","2026-06-03 13:41:46 PDT","2026-06-04 03:53:59.379 -07:00","2026-06-04 03:53:59.379 -07:00","2026-06-04 10:53:59.379Z","2026-06-04 10:53:59.379Z","65106","# F49 披露与证据可信度 量化评分 2026-06-04","- 特征名称：披露与证据可信度 ⏎ - 样本来源：公司调研/公司索引.md ⏎ - 行业资料：行业调研/行业索引.md 与相关行业报告 ⏎ - 金融数据：日度资料/每日金融数据/每日金融数据_2026-06-03.md ⏎ - 公司数量：180 ⏎ - 评分日期：2026-06-04 ⏎ - 最新公司索引日期：2026-06-02 ⏎ - 最新金融数据价格日期：2026-06-03，估值数据为 Yahoo Finance quote/info 于 2026-06-03 13:41:46 PDT 采集 ⏎ - 旧版备份：特征量化/量化评分/备份/F49_披露与证据可信度_量化评分_2026-06-01.md ⏎ - 覆盖校验：公司索引 180 家，本表 180 家，差异 0 家"
"F50","50","价格相对强度","价格相对强度","F50_价格相对强度_量化评分_2026-06-04.md","2026-06-04","2026-06-04","2026-06-04",,"False","180","日度资料/每日金融数据/每日金融数据_2026-06-03.md","2026-06-03","2026-05-18;2026-06-03",,"2026-06-04 03:57:53.972 -07:00","2026-06-04 04:00:10.100 -07:00","2026-06-04 10:57:53.972Z","2026-06-04 11:00:10.100Z","127677","# F50 价格相对强度 量化评分 2026-06-04","- 特征名称：价格相对强度 ⏎ - 样本来源：公司调研/公司索引.md ⏎ - 行业资料：行业调研/行业索引.md 与相关行业报告 ⏎ - 金融数据：日度资料/每日金融数据/每日金融数据_2026-06-03.md ⏎ - 公司数量：180 ⏎ - 评分日期：2026-06-04 ⏎ - 最新价格与估值日期：2026-06-03 ⏎ - 项目内可用价格窗口：2026-05-18 至 2026-06-03；完整1/3/6/12个月价格窗口在项目内资料中缺失 ⏎ - 旧版备份：本次写入前已复制根目录既有 F50 评分文件至 特征量化/量化评分/备份/"
"F51","51","交易流动性","交易流动性","F51_交易流动性_量化评分_2026-06-04.md","2026-06-04","2026-06-04","2026-06-04",,"False","180","日度资料/每日金融数据/每日金融数据_2026-06-03.md（生成时间：2026-06-03 13:41:46 PDT-0700）","2026-06-03","2026-06-03","2026-06-03 13:41:46 PDT-0700","2026-06-04 03:59:13.625 -07:00","2026-06-04 03:59:13.626 -07:00","2026-06-04 10:59:13.625Z","2026-06-04 10:59:13.626Z","113503","# F51 交易流动性 量化评分 2026-06-04","- 特征名称：交易流动性 ⏎ - 样本来源：公司调研/公司索引.md（生成日期：2026-06-02） ⏎ - 行业资料：行业调研/行业索引.md（生成日期：2026-05-29）与正式行业分类目录；本特征用于同行分组，不把行业叙事替代流动性数据 ⏎ - 金融数据：日度资料/每日金融数据/每日金融数据_2026-06-03.md（生成时间：2026-06-03 13:41:46 PDT-0700） ⏎ - 公司数量：180 ⏎ - 评分日期：2026-06-04 ⏎ - 覆盖校验：公司索引180家；日度金融数据解析180家；正式公司报告路径定位180家；行业分类目录匹配180家 ⏎ - 重要限制：最新日度金融数据未提供逐家公司成交额、成交量、30日均成交额或买卖价差，因此本次分数是“交易流动性代理评分”，不等同于真实ADV排序"
"F52","52","监管地缘风险","监管地缘风险","F52_监管地缘风险_量化评分_2026-06-04.md","2026-06-04","2026-06-04","2026-06-04",,"False","180","日度资料/每日金融数据/每日金融数据_2026-06-03.md","2026-06-03","2026-06-03",,"2026-06-04 04:07:37.057 -07:00","2026-06-04 04:07:37.057 -07:00","2026-06-04 11:07:37.057Z","2026-06-04 11:07:37.057Z","69163","# F52 监管地缘风险 量化评分 2026-06-04","- 特征名称：监管地缘风险 ⏎ - 样本来源：公司调研/公司索引.md ⏎ - 行业资料：行业调研/行业索引.md 与相关行业报告 ⏎ - 金融数据：日度资料/每日金融数据/每日金融数据_2026-06-03.md ⏎ - 公司数量：180 ⏎ - 评分日期：2026-06-04 ⏎ - 价格与估值采集日期：2026-06-03；每日金融数据声明价格成功 180 家、市值成功 180 家、存在异常或需确认标记 57 家。 ⏎ - 历史版本处理：已将 2026-06-01 旧版复制到 特征量化/量化评分/备份/，根目录保留旧版并新增本次正式结果。"
