method_id,list_id,method_name,result_path,result_bytes,sha256,row_count,unique_ranks,unique_tickers,min_rank,max_rank,missing_ranks,missing_tickers,unexpected_tickers,parse_conflicts,structurally_valid
01,01,风险调整赔率_十二句话S03_原11,D:\drive\Investment\基本面\分析报告\公司排序\01_暂时有效_核心\01_风险调整赔率_十二句话S03_原11\迭代版本\R10_2026-07-12_独立自洽版\02_排序结果.md,510236,1ed896a246cdb6be8f8a0fe1438bd3a569e70ccf2c3089f00f6f609c55a19191,192,192,192,1,192,,,,,True
02,02,预期兑现概率_十二句话S02_原10,D:\drive\Investment\基本面\分析报告\公司排序\01_暂时有效_核心\02_预期兑现概率_十二句话S02_原10\迭代版本\R10_2026-07-12_独立自洽版\02_排序结果.md,205021,ce5afde58037bb2d4baaaac3f92736cf8263d246082057965cb1496f10557927,192,192,192,1,192,,,,,True
03,03,反证惩罚_压力防守_原16,D:\drive\Investment\基本面\分析报告\公司排序\01_暂时有效_核心\03_反证惩罚_压力防守_原16\迭代版本\R03_2026-07-12_独立自洽版\02_排序结果.md,195565,ab7dd71e80dd3ce110541e193fb0619215ca61af5e3b214a111918c7c46fec69,192,192,192,1,192,,,,,True
04,04,极简基准兑现_迭代实验_原06,D:\drive\Investment\基本面\分析报告\公司排序\02_暂时有效_辅助\04_极简基准兑现_迭代实验_原06\迭代版本\R23_2026-07-12_独立自洽版\02_排序结果.md,119934,ccf5e8683bc504688296f0cb4762fbf26fce24f7c37f7d9fc5deb12b323d4924,192,192,192,1,192,,,,,True
05,05,反证惩罚优先_原09,D:\drive\Investment\基本面\分析报告\公司排序\02_暂时有效_辅助\05_反证惩罚优先_原09\迭代版本\R10_2026-07-12_独立自洽版\02_排序结果.md,94954,4848abc99cc85abf040234aa8f50a35882efa214ab325cffcf7683885fa26733,192,192,192,1,192,,,,,True
06,06F,双源三视图_原01,D:\drive\Investment\基本面\分析报告\公司排序\02_暂时有效_辅助\06_双源三视图_原01\迭代版本\R03_2026-07-12_独立自洽版\02_排序结果.md,728847,59e151ee32da41b4bf7e8a3d97170c97f5d85e7bb1bcfe497a8485b4775f2d2c,192,192,192,1,192,,,,,True
06,06G,双源三视图_原01,D:\drive\Investment\基本面\分析报告\公司排序\02_暂时有效_辅助\06_双源三视图_原01\迭代版本\R03_2026-07-12_独立自洽版\02_排序结果.md,728847,59e151ee32da41b4bf7e8a3d97170c97f5d85e7bb1bcfe497a8485b4775f2d2c,192,192,192,1,192,,,,,True
06,06E,双源三视图_原01,D:\drive\Investment\基本面\分析报告\公司排序\02_暂时有效_辅助\06_双源三视图_原01\迭代版本\R03_2026-07-12_独立自洽版\02_排序结果.md,728847,59e151ee32da41b4bf7e8a3d97170c97f5d85e7bb1bcfe497a8485b4775f2d2c,192,192,192,1,192,,,,,True
07,07,未来收入台阶_原07,D:\drive\Investment\基本面\分析报告\公司排序\02_暂时有效_辅助\07_未来收入台阶_原07\迭代版本\R03_2026-07-12_独立自洽版\02_排序结果.md,177214,8a4154799b7abe8c95db7c768322947cac55d2f0c8df85168a7663ba9d2e7b7c,192,192,192,1,192,,,,,True
08,08,信息质量门控_原13,D:\drive\Investment\基本面\分析报告\公司排序\02_暂时有效_辅助\08_信息质量门控_原13\迭代版本\R09_2026-07-12_独立自洽版\02_排序结果.md,347585,ee23f2165a96dde39d36bd88c8b96992cdab198d0b3ddd3c95e8a6f75c99092f,192,192,192,1,192,,,,,True
09,09,弹性成长_原02,D:\drive\Investment\基本面\分析报告\公司排序\03_观察_待更新\09_弹性成长_原02\迭代版本\R09_2026-07-12_独立自洽版\02_排序结果.md,165426,9773f3b91d535eac0879a21478699fcb362a0a4792e4fac60cf9c66fd685eab1,192,192,192,1,192,,,,,True
10,10,风险调整动量_原03,D:\drive\Investment\基本面\分析报告\公司排序\04_冻结_待重构\10_风险调整动量_原03\迭代版本\R08_2026-07-12_独立自洽版\02_排序结果.md,229897,99be0dc62ffdfc1009c95dc13c4459f21c808825150bd84eb70f2a1c6755e9e5,192,192,192,1,192,,,,,True
11,11,九个月情景估值_原12,D:\drive\Investment\基本面\分析报告\公司排序\04_冻结_待重构\11_九个月情景估值_原12\迭代版本\R03_2026-07-12_独立自洽版\02_排序结果.md,278174,9a60285124da8cf6b4a07f3c2026f7277b099309d49b69b1b5a4fa0b29d478ea,192,192,192,1,192,,,,,True
12,12,一年五倍候选_原14,D:\drive\Investment\基本面\分析报告\公司排序\04_冻结_待重构\12_一年五倍候选_原14\迭代版本\R08_2026-07-12_独立自洽版\02_排序结果.md,280255,7f8d2300622f13035ae99498bd771f92644671a81b9a54aae09affc8b3765cc7,192,192,192,1,192,,,,,True
13,13,反证惩罚扩展搜索_原22,D:\drive\Investment\基本面\分析报告\公司排序\04_冻结_待重构\13_反证惩罚扩展搜索_原22\迭代版本\R02_2026-07-12_独立自洽版\02_排序结果.md,624783,09a1d4096941c0e61114bb6a2fa03351f7cdde2d52f67577b723a42067e1fada,192,192,192,1,192,,,,,True
14,14,动量扩展搜索_原23,D:\drive\Investment\基本面\分析报告\公司排序\04_冻结_待重构\14_动量扩展搜索_原23\迭代版本\R02_2026-07-12_独立自洽版\02_排序结果.md,326615,f173098b4b7c30b5a06db2d1965e57b568f2ec90a75317b991ebda37fdad9a57,192,192,192,1,192,,,,,True
15,15,非常激进_原04,D:\drive\Investment\基本面\分析报告\公司排序\05_退出与历史备份\15_非常激进_原04\迭代版本\R03_2026-07-12_独立自洽版\02_排序结果.md,281453,0522690305d9a445855487cf4b2592665adb149a0e38733c57969d64464e9c6b,192,192,192,1,192,,,,,True
16,16,均衡右尾_原18,D:\drive\Investment\基本面\分析报告\公司排序\05_退出与历史备份\16_均衡右尾_原18\迭代版本\R03_2026-07-12_独立自洽版\02_排序结果.md,156051,fe4bef74f7bae87f6152f43262510fe13a7d7d5d338623521704c6a35ef23c61,192,192,192,1,192,,,,,True
17,17,一年五倍扩展搜索_原24,D:\drive\Investment\基本面\分析报告\公司排序\05_退出与历史备份\17_一年五倍扩展搜索_原24\迭代版本\R02_2026-07-12_独立自洽版\02_排序结果.md,577315,dcef594c325359b71c170b818adea2098f70d0c08c367b1a6cb15b01004e77f9,192,192,192,1,192,,,,,True
E01,E01,风险调整赔率_公司行业扩展,D:\drive\Investment\基本面\分析报告\公司排序\07_输入扩展对照方案_待验证\E01_风险调整赔率_公司行业扩展\迭代版本\R02_2026-07-12_独立自洽版\02_排序结果.md,1175779,ab021ab637f834cb768c3284643bfd67365960c2ecad4ac358794e74231ff2e0,192,192,192,1,192,,,,,True
E02,E02,预期兑现概率_公司行业扩展,D:\drive\Investment\基本面\分析报告\公司排序\07_输入扩展对照方案_待验证\E02_预期兑现概率_公司行业扩展\迭代版本\R02_2026-07-12_独立自洽版\02_排序结果.md,486786,24dd90f3c19571a96632df756e664db87a6d0e32b928f311ffd6d0be95b822d3,192,192,192,1,192,,,,,True
E03,E03,超高增长多倍价值_公司行业扩展,D:\drive\Investment\基本面\分析报告\公司排序\07_输入扩展对照方案_待验证\E03_超高增长多倍价值_公司行业扩展\迭代版本\R02_2026-07-12_独立自洽版\02_排序结果.md,251737,06732a927302fe64762b3f9ba64daaa02c009ce4a24c8989204c1fa48a20f6c7,192,192,192,1,192,,,,,True
N01,N01,基准兑现与估值承载,D:\drive\Investment\基本面\分析报告\公司排序\06_候选新方案_待验证\N01_基准兑现与估值承载\迭代版本\R02_2026-07-12_独立自洽版\02_排序结果.md,230376,e1bf6231c0b5a53da932745d3afa262ea83153f094879abbd26dfd06f7998252,192,192,192,1,192,,,,,True
N02,N02,反证闭环与尾部生存,D:\drive\Investment\基本面\分析报告\公司排序\06_候选新方案_待验证\N02_反证闭环与尾部生存\迭代版本\R02_2026-07-12_独立自洽版\02_排序结果.md,211174,d309ff5edb281925087dc510a213530051847a57595b6293ba1e3b7a078f0f1f,192,192,192,1,192,,,,,True
N03,N03,预期差增量与证据升级,D:\drive\Investment\基本面\分析报告\公司排序\06_候选新方案_待验证\N03_预期差增量与证据升级\迭代版本\R02_2026-07-12_独立自洽版\02_排序结果.md,273567,fb4b64752ee3af9e976dc5ca3715418102176cbd66cfe226272a1b1a5433d7df,192,192,192,1,192,,,,,True
N04,N04,收入台阶与现金转化,D:\drive\Investment\基本面\分析报告\公司排序\06_候选新方案_待验证\N04_收入台阶与现金转化\迭代版本\R02_2026-07-12_独立自洽版\02_排序结果.md,319045,b014f5f20035e61f2b86ad81dd17c6096c53ea4c51b10ceca0a2a5e03ba77601,192,192,192,1,192,,,,,True
N05,N05,市场状态自适应双阶段,D:\drive\Investment\基本面\分析报告\公司排序\06_候选新方案_待验证\N05_市场状态自适应双阶段\迭代版本\R02_2026-07-12_独立自洽版\02_排序结果.md,123254,5a6a48c3fa667976f2c51c9718e0b7e91f75fa9078173b7c12f1e05ca6551e36,192,192,192,1,192,,,,,True
N06,N06,超高增长与多倍价值,D:\drive\Investment\基本面\分析报告\公司排序\06_候选新方案_待验证\N06_超高增长与多倍价值\迭代版本\R02_2026-07-12_独立自洽版\02_排序结果.md,228855,15932e91db9a5e3be4375b98618ec534b9429228ed6a6dcc195dc524fb43df44,192,192,192,1,192,,,,,True
