"RelativePath","Length","LastWriteTime","SHA256"
"01_投资排序_双源_财报事件右尾弹性\迭代版本\R02_2026-06-21_资料更新重跑\01_研究方案.md","15926","2026-06-21 22:20:10","A5D08E550262B7F3183310D8E207EBDDE7333D4981D428089BCFF65C73EF8F5B"
"02_历史分析_八句话_S08_反脆弱弹性\迭代版本\R07_2026-06-21_资料更新重跑\01_研究方案.md","1246","2026-06-21 21:48:17","66B2D52DB60C9042B0B42E7E5D351AC48B0384390D2A2F703DD6C8DEF53C515F"
"03_历史分析_八句话_S10_风险调整动量\迭代版本\R06_2026-06-21_资料更新重跑\01_研究方案.md","1322","2026-06-21 21:48:17","5B8AF81795BD3424A47B5A4713A9A3EFD915A15358584472584456A359839CCB"
"04_投资排序_非常激进\迭代版本\R02_2026-06-21_资料更新重跑\01_研究方案.md","705","2026-06-21 21:48:17","1E7A942FCE08ACD7A3F92491A6F27B16E723462E2C4F82CAAEB327614E7CDCB3"
"05_投资排序_双源_激进成长\迭代版本\R02_2026-06-21_资料更新重跑\01_研究方案.md","15902","2026-06-21 22:20:10","949FE286CE8C23C2FF4A711F4CA1BA9CBCAC0663CAA6C9B038EF2EF695E485D8"
"06_投资排序_极简迭代22轮\迭代版本\R22_2026-06-21_资料更新重跑\01_研究方案.md","895","2026-06-21 22:20:10","810F135A3D47AB3602C8BE3610B167EE7AD9E91575D63D8D7A7E4E63D4E4F3E6"
"07_简单排序_01_未来收入台阶\迭代版本\R02_2026-06-21_资料更新重跑\01_研究方案.md","6599","2026-06-21 22:20:10","C244606EF3D536BF753CEFD3E4BBFB5AA13219948D24A3218DDED13E336DAE74"
"09_历史分析_十二句话_S04_反证惩罚优先\迭代版本\R08_2026-06-21_资料更新重跑\01_研究方案.md","3102","2026-06-21 21:48:17","AA6730F06B1ED232468DD59A066732D622E98C13F28EEC730988A8521F5B3B7A"
"10_历史分析_十二句话_S02_预期兑现概率\迭代版本\R08_2026-06-21_资料更新重跑\01_研究方案.md","2756","2026-06-21 21:48:17","D72E206ACF2013FBDFB1C0C865F598C003F50846EB647FD33A96E545942578F0"
"11_历史分析_十二句话_S03_风险调整赔率\迭代版本\R08_2026-06-21_资料更新重跑\01_研究方案.md","2547","2026-06-21 21:48:17","03B60015278BC38262F847A17AA93CF3727007F13F298BF19320D98F57961931"
"12_投资排序_普通9个月情景\迭代版本\R02_2026-06-21_资料更新重跑\01_研究方案.md","718","2026-06-21 21:48:17","567C7C96AFA39454B49D07769E864A92FA8F1AAD034DF9752079A7D869F8A974"
"13_历史分析_八句话_S06_信息质量门控\迭代版本\R07_2026-06-21_资料更新重跑\01_研究方案.md","1332","2026-06-21 21:48:17","7B6431A475C8BEC94A6EF2F3B53773871ECF0D0B008D56FD9AF8E1FA534AEB4E"
"14_投资排序_一年5倍候选\迭代版本\R06_2026-06-21_资料更新重跑\01_研究方案.md","1423","2026-06-22 00:02:17","214E7D8BD655A00F94DCF3047955685EEF68AFD6C286CBC4D67224D0C55A4CA7"
"15_反证惩罚_短窗确认\迭代版本\R01_2026-06-21_资料更新重跑\01_研究方案.md","3079","2026-06-21 21:48:17","9AE3E1FFD45611FBFD108B994A1DE1609B38070C0A1E783231F18B50D264CBC1"
"16_反证惩罚_压力防守\迭代版本\R01_2026-06-21_资料更新重跑\01_研究方案.md","3014","2026-06-21 21:48:26","DFC34A93FA5AF8FAD59F3073D5FA6DA2903B04F497387056A1675F7C09FCCB77"
"17_预期兑现概率_均衡版\迭代版本\R01_2026-06-21_资料更新重跑\01_研究方案.md","2736","2026-06-21 21:48:17","72DD136F6A12CCAE9099182D460BFF87C81B3F63055B663624D8E1E0F75D44C8"
"18_一年5倍候选_均衡右尾\迭代版本\R01_2026-06-21_资料更新重跑\01_研究方案.md","1494","2026-06-22 00:02:17","CF7E589C8F093BB9DB9890D2AC05B314CDEB4D407578258AD6252A935FAE530E"
"19_风险调整动量_进攻版\迭代版本\R01_2026-06-21_资料更新重跑\01_研究方案.md","1305","2026-06-21 21:48:17","2AE6AAEAA4759B66DAA4CA0736ED5386DC58F7D05BB989603F40035381AFA41A"
"20_极简右尾_快速筛选\迭代版本\R01_2026-06-21_资料更新重跑\01_研究方案.md","890","2026-06-21 22:20:10","42DA53D078E1AD6070143D2C6CF8EDAACDA7BD231F64E0F0B42EAA453302DB1E"
"21_信息质量门控_过滤器\迭代版本\R01_2026-06-21_资料更新重跑\01_研究方案.md","1315","2026-06-21 21:48:17","A08C48891E2328E8B926A4A04E41D6E3902FEDB9A4CF3D9610CAEE499ABF335E"
"22_反证惩罚优先_扩展资料搜索版\迭代版本\R01_2026-06-22_扩展资料重跑\01_研究方案.md","3192","2026-06-21 22:13:56","D0821ECD37FC4ED86EA353D55C3D70837B34AC325508655ACE8C4373394FDAB7"
"23_风险调整动量_扩展资料搜索版\迭代版本\R01_2026-06-22_扩展资料重跑\01_研究方案.md","1464","2026-06-21 22:13:56","094D86E010B00294B675C2B2604B2BEEDC0BBF203EDCCD6D7CC3098F2B10D51C"
"24_一年5倍候选_扩展资料搜索版\迭代版本\R01_2026-06-22_扩展资料重跑\01_研究方案.md","1617","2026-06-22 00:02:17","8D3F0425AD6F8E159C2CB763B50830CA52BD94746FD3A86047A8078F23B3FFF9"
"备份\不理想排序方案_2026-06-21\08_简单排序_17_公司评估179家公司投资排序\迭代版本\R02_2026-06-21_资料更新重跑\01_研究方案.md","573","2026-06-21 21:52:12","FB0962E4B9658CD4933ABC490C1B6B71B85B00502621A889619259D26F99FFC5"
