date,close,adjclose
2006-07-01,48.619998931884766,30.06348991394043
2006-08-01,48.970001220703125,30.279922485351562
2006-09-01,48.84000015258789,30.199520111083984
2006-10-01,48.79999923706055,30.41000747680664
2006-11-01,49.619998931884766,30.920963287353516
2006-12-01,50.119998931884766,31.232545852661133
2007-01-01,49.36000061035156,30.90277099609375
2007-02-01,48.91999816894531,30.6273136138916
2007-03-01,48.119998931884766,30.126447677612305
2007-04-01,47.150001525878906,29.685771942138672
2007-05-01,47.58000183105469,29.95648765563965
2007-06-01,45.880001068115234,28.88618278503418
2007-07-01,41.63999938964844,26.530170440673828
2007-08-01,44.599998474121094,28.416080474853516
2007-09-01,44.029998779296875,28.052913665771484
2007-10-01,42.099998474121094,27.099565505981445
2007-11-01,40.060001373291016,25.78643798828125
2007-12-01,37.08000183105469,23.86821746826172
2008-01-01,38.72999954223633,25.58380889892578
2008-02-01,34.25,22.624479293823242
2008-03-01,35.13999938964844,23.212377548217773
2008-04-01,34.43000030517578,22.743371963500977
2008-05-01,33.02000045776367,21.81197166442871
2008-06-01,26.6299991607666,17.5909423828125
2008-07-01,30.270000457763672,20.11064910888672
2008-08-01,32.099998474121094,21.326457977294922
2008-09-01,35.5,23.58533477783203
2008-10-01,32.900001525878906,22.039133071899414
2008-11-01,29.65999984741211,19.86870574951172
2008-12-01,29.15999984741211,19.53376579284668
2009-01-01,20.739999771118164,14.189111709594727
2009-02-01,18.200000762939453,12.451395034790039
2009-03-01,19.219999313354492,13.149222373962402
2009-04-01,20.860000610351562,14.403030395507812
2009-05-01,19.989999771118164,13.802328109741211
2009-06-01,18.239999771118164,12.594024658203125
2009-07-01,20.81999969482422,14.472404479980469
2009-08-01,21.200000762939453,14.736556053161621
2009-09-01,21.31999969482422,14.81997013092041
2009-10-01,20.34000015258789,14.210211753845215
2009-11-01,21.030000686645508,14.692273139953613
2009-12-01,22.25,15.544601440429688
2010-01-01,24.06999969482422,16.850324630737305
2010-02-01,24.530000686645508,17.17234992980957
2010-03-01,26.219999313354492,18.355443954467773
2010-04-01,27.920000076293945,19.604928970336914
2010-05-01,25.209999084472656,17.702016830444336
2010-06-01,23.09000015258789,16.2133846282959
2010-07-01,23.770000457763672,16.753421783447266
2010-08-01,21.1200008392334,14.885668754577637
2010-09-01,22.90999984741211,16.147281646728516
2010-10-01,22.670000076293945,16.04680061340332
2010-11-01,22.520000457763672,15.940629959106445
2010-12-01,26.450000762939453,18.72245216369629
2011-01-01,26.1299991607666,18.566072463989258
2011-02-01,26.700000762939453,18.971073150634766
2011-03-01,26.6299991607666,18.921337127685547
2011-04-01,26.739999771118164,19.056798934936523
2011-05-01,25.889999389648438,18.451026916503906
2011-06-01,25.450000762939453,18.137451171875
2011-07-01,24.780000686645508,17.73033905029297
2011-08-01,22.059999465942383,15.784141540527344
2011-09-01,19.309999465942383,13.816496849060059
2011-10-01,23.459999084472656,16.88094711303711
2011-11-01,23.600000381469727,16.981679916381836
2011-12-01,24.40999984741211,17.56452751159668
2012-01-01,25.809999465942383,18.685474395751953
2012-02-01,26.889999389648438,19.467361450195312
2012-03-01,28.469999313354492,20.611221313476562
2012-04-01,28.06999969482422,20.390243530273438
2012-05-01,26.6299991607666,19.344213485717773
2012-06-01,27.3799991607666,19.88901710510254
2012-07-01,26.90999984741211,19.635732650756836
2012-08-01,27.790000915527344,20.277849197387695
2012-09-01,28.639999389648438,20.898075103759766
2012-10-01,27.940000534057617,20.47266387939453
2012-11-01,27.579999923706055,20.20887565612793
2012-12-01,27.969999313354492,20.494646072387695
2013-01-01,29.829999923706055,22.033531188964844
2013-02-01,30.3700008392334,22.43238639831543
2013-03-01,31.790000915527344,23.48124885559082
2013-04-01,31.049999237060547,23.006311416625977
2013-05-01,32.81999969482422,24.317781448364258
2013-06-01,33.880001068115234,25.103185653686523
2013-07-01,36.79999923706055,27.38775062561035
2013-08-01,35.119998931884766,26.137441635131836
2013-09-01,35.650001525878906,26.531888961791992
2013-10-01,37.369998931884766,27.931514739990234
2013-11-01,39.959999084472656,29.86736488342285
2013-12-01,40.61000061035156,30.35319709777832
2014-01-01,38.25,28.706207275390625
2014-02-01,39.88999938964844,29.937007904052734
2014-03-01,41.380001068115234,31.055253982543945
2014-04-01,38.4900016784668,28.967504501342773
2014-05-01,38.290000915527344,28.81698226928711
2014-06-01,40.31999969482422,30.34474754333496
2014-07-01,38.43000030517578,29.042415618896484
2014-08-01,38.95000076293945,29.43540382385254
2014-09-01,37.86000061035156,28.611658096313477
2014-10-01,40.08000183105469,30.41493797302246
2014-11-01,39.650001525878906,30.088623046875
2014-12-01,40.70000076293945,30.885404586791992
2015-01-01,36.849998474121094,28.10172462463379
2015-02-01,40.209999084472656,30.6640567779541
2015-03-01,40.83000183105469,31.13687515258789
2015-04-01,41.11000061035156,31.468894958496094
2015-05-01,42.13999938964844,32.25732421875
2015-06-01,44.15999984741211,33.803611755371094
2015-07-01,43.619998931884766,33.52784729003906
2015-08-01,41.06999969482422,31.567834854125977
2015-09-01,41.18000030517578,31.65238380432129
2015-10-01,42.83000183105469,33.066993713378906
2015-11-01,45.650001525878906,35.244171142578125
2015-12-01,41.91999816894531,32.364418029785156
2016-01-01,36.65999984741211,28.460378646850586
2016-02-01,35.06999969482422,27.226016998291016
2016-03-01,37.63999938964844,29.221179962158203
2016-04-01,40.349998474121094,31.466346740722656
2016-05-01,41.650001525878906,32.48014831542969
2016-06-01,38.400001525878906,29.945669174194336
2016-07-01,40.099998474121094,31.43431854248047
2016-08-01,43.02000045776367,33.72332000732422
2016-09-01,42.27000045776367,33.13538360595703
2016-10-01,43.790000915527344,34.48477554321289
2016-11-01,52.40999984741211,41.273048400878906
2016-12-01,55.56999969482422,43.76155471801758
2017-01-01,55.400001525878906,43.7929801940918
2017-02-01,57.459999084472656,45.42137908935547
2017-03-01,54.61000061035156,43.16849136352539
2017-04-01,54.04999923706055,42.85676956176758
2017-05-01,51.83000183105469,41.09649658203125
2017-06-01,54.95000076293945,43.570369720458984
2017-07-01,54.47999954223633,43.35317611694336
2017-08-01,52.02000045776367,41.39560317993164
2017-09-01,56.7599983215332,45.16753387451172
2017-10-01,57.11000061035156,45.62557601928711
2017-11-01,59.33000183105469,47.39915084838867
2017-12-01,58.849998474121094,47.01566696166992
2018-01-01,62.29999923706055,49.98361587524414
2018-02-01,61.52000045776367,49.35781478881836
2018-03-01,60.38999938964844,48.45121383666992
2018-04-01,61.63999938964844,49.612762451171875
2018-05-01,63.18000030517578,50.85226821899414
2018-06-01,61.0,49.097618103027344
2018-07-01,61.5099983215332,49.695858001708984
2018-08-01,63.150001525878906,51.02085876464844
2018-09-01,59.41999816894531,48.00727462768555
2018-10-01,53.9900016784668,43.820186614990234
2018-11-01,55.7599983215332,45.25677490234375
2018-12-01,46.790000915527344,37.976409912109375
2019-01-01,52.959999084472656,43.28390121459961
2019-02-01,56.61000061035156,46.26703643798828
2019-03-01,51.34000015258789,41.95988845825195
2019-04-01,55.79999923706055,45.82040023803711
2019-05-01,50.220001220703125,41.238372802734375
2019-06-01,53.43000030517578,43.874267578125
2019-07-01,55.13999938964844,45.566650390625
2019-08-01,50.119998931884766,41.4182243347168
2019-09-01,52.790000915527344,43.62465286254883
2019-10-01,53.900001525878906,44.816680908203125
2019-11-01,56.220001220703125,46.74570846557617
2019-12-01,58.25,48.433624267578125
2020-01-01,54.189998626708984,45.3388786315918
2020-02-01,47.5099983215332,39.74995040893555
2020-03-01,32.59000015258789,27.26691246032715
2020-04-01,38.130001068115234,32.25472640991211
2020-05-01,38.18000030517578,32.29702377319336
2020-06-01,38.38999938964844,32.47465896606445
2020-07-01,37.58000183105469,32.07417297363281
2020-08-01,38.650001525878906,32.98741149902344
2020-09-01,35.68000030517578,30.45255470275879
2020-10-01,41.150001525878906,35.457801818847656
2020-11-01,47.599998474121094,41.01559066772461
2020-12-01,51.95000076293945,44.76385498046875
2021-01-01,54.369998931884766,47.21784591674805
2021-02-01,64.26000213623047,55.806861877441406
2021-03-01,66.33999633789062,57.61323547363281
2021-04-01,68.38999938964844,59.684486389160156
2021-05-01,70.69000244140625,61.69170379638672
2021-06-01,65.52999877929688,57.18854904174805
2021-07-01,62.56999969482422,54.88465881347656
2021-08-01,65.88999938964844,57.796871185302734
2021-09-01,67.75,59.42841339111328
2021-10-01,70.91000366210938,62.533321380615234
2021-11-01,69.80999755859375,61.563255310058594
2021-12-01,70.8499984741211,62.48040771484375
2022-01-01,71.5999984741211,63.508819580078125
2022-02-01,74.27999877929688,65.88597106933594
2022-03-01,68.9000015258789,61.11394500732422
2022-04-01,61.84000015258789,55.11549377441406
2022-05-01,64.2699966430664,57.281253814697266
2022-06-01,58.09000015258789,51.77326965332031
2022-07-01,63.779998779296875,57.196311950683594
2022-08-01,62.59000015258789,56.129146575927734
2022-09-01,58.880001068115234,52.80211639404297
2022-10-01,63.95000076293945,57.68599319458008
2022-11-01,64.5199966430664,58.20015335083008
2022-12-01,58.7400016784668,52.9863166809082
2023-01-01,62.119998931884766,56.43766784667969
2023-02-01,61.560001373291016,55.928890228271484
2023-03-01,43.86000061035156,39.84796905517578
2023-04-01,42.65999984741211,39.08434295654297
2023-05-01,38.970001220703125,35.70363235473633
2023-06-01,40.83000183105469,37.40772247314453
2023-07-01,48.689998626708984,45.026031494140625
2023-08-01,44.560001373291016,41.20683288574219
2023-09-01,41.77000045776367,38.626773834228516
2023-10-01,39.66999816894531,37.002254486083984
2023-11-01,45.119998931884766,42.085750579833984
2023-12-01,52.43000030517578,48.9041633605957
2024-01-01,49.70000076293945,46.73811721801758
2024-02-01,48.13999938964844,45.271087646484375
2024-03-01,50.279998779296875,47.28355407714844
2024-04-01,47.02000045776367,44.5707893371582
2024-05-01,48.849998474121094,46.30546188354492
2024-06-01,49.099998474121094,46.542442321777344
2024-07-01,58.279998779296875,55.70880126953125
2024-08-01,57.83000183105469,55.278656005859375
2024-09-01,56.599998474121094,54.10292053222656
2024-10-01,58.95000076293945,56.724853515625
2024-11-01,67.7300033569336,65.17344665527344
2024-12-01,60.349998474121094,58.07200622558594
2025-01-01,64.16000366210938,62.159339904785156
2025-02-01,62.06999969482422,60.13450622558594
2025-03-01,56.849998474121094,55.07727813720703
2025-04-01,54.130001068115234,52.79059600830078
2025-05-01,56.880001068115234,55.47254180908203
2025-06-01,59.38999938964844,57.92043685913086
2025-07-01,60.060001373291016,58.97871780395508
2025-08-01,65.51000213623047,64.33059692382812
2025-09-01,63.29999923706055,62.16038513183594
2025-10-01,60.0,59.28271484375
2025-11-01,62.9900016784668,62.23697280883789
2025-12-01,64.80999755859375,64.03520965576172
2026-01-01,68.80999755859375,68.41268157958984
2026-02-01,66.7699966430664,66.38446044921875
2026-03-01,65.1500015258789,64.77381896972656
2026-04-01,69.8499984741211,69.8499984741211
2026-05-01,69.8499984741211,69.8499984741211
2026-05-08,69.8499984741211,69.8499984741211
