rank,ticker,name,category,score,role,悲观9个月,基准9个月,乐观9个月,极度乐观9个月,upside,certainty,protection,valuation,quality,speculative,trend,six_month_return,drawdown_cum,down1,down2,down3,reason
1,ASMVY,ASMPT,封测_检测_计量_光罩,80.4689,核心,-2.36,-3.95,-9.49,-12.13,96.41,86.76,70.74,60.96,85.41,76.29,83.15,缺失,-62.14,-37.21,-8.92,-16.01,经营上行强；保护力强；确定性/质量高
2,BESIY,BE Semiconductor,封测_检测_计量_光罩,79.1577,核心,9.41,10.20,9.73,9.58,78.41,86.54,71.74,96.35,82.38,61.57,72.47,缺失,-58.22,-25.54,-16.26,-16.42,经营上行强；保护力强；确定性/质量高；估值相对友好
3,ALAB,AsteraLabs,AI计算芯片_EDA_IP_custom_ASIC,78.8791,核心,-6.87,-10.17,-13.97,-10.77,98.91,81.12,64.28,81.74,85.39,50.56,2.25,110.95,-80.79,-39.26,-21.76,-19.77,经营上行强；确定性/质量高；估值相对友好
4,AEHR,Aehr Test Systems,封测_检测_计量_光罩,78.4978,核心,4.38,3.24,-3.96,-6.51,94.16,70.58,67.89,89.89,74.18,59.21,8.99,353.56,-99.51,-43.97,-27.39,-28.15,经营上行强；保护力强；确定性/质量高；估值相对友好
5,CAMT,Camtek,封测_检测_计量_光罩,74.9797,核心,0.29,-1.41,-6.53,-10.11,91.36,70.11,67.56,64.33,78.65,68.20,31.46,62.69,-75.31,-34.51,-14.54,-26.26,经营上行强；保护力强；确定性/质量高
6,ASMIY,ASM International,晶圆制造_前道设备,74.3124,核心,3.51,2.43,-0.33,-1.80,90.09,76.65,60.66,83.15,88.67,63.60,63.48,89.11,-68.03,-36.73,-18.20,-13.10,经营上行强；确定性/质量高；估值相对友好
7,AAON,AAON,机电_冷却_工程_水处理_边缘工业AI,74.1285,核心,3.51,4.66,3.84,4.19,75.36,84.83,71.17,61.52,75.62,67.87,56.74,缺失,-68.68,-33.99,-21.03,-13.66,经营上行强；保护力强；确定性/质量高
8,IREN,IREN Limited,云算力_IDC_AI软件平台,72.1872,观察,-14.69,-11.42,-15.82,-11.02,97.20,69.58,55.69,86.80,67.56,55.73,12.92,40.02,-113.36,-57.12,-28.19,-28.05,经营上行强；确定性/质量高；估值相对友好
9,NBIS,Nebius Group,云算力_IDC_AI软件平台,71.1622,观察,-3.73,-4.60,-6.00,-10.45,91.79,70.37,56.78,79.78,77.79,50.22,18.54,120.05,-102.03,-56.63,-13.06,-32.34,经营上行强；确定性/质量高；估值相对友好
10,SITM,SiTime Corporation,AI网络_光互联_连接器,71.0278,期权,5.52,3.63,2.73,0.63,78.14,58.07,66.62,87.92,58.97,71.80,88.76,151.03,-69.69,-35.16,-25.57,-8.96,经营上行强；保护力强；估值相对友好
11,AVGO,Broadcom,AI计算芯片_EDA_IP_custom_ASIC,71.0016,核心,-5.63,-9.83,-16.29,-14.93,93.60,63.84,60.07,68.26,71.36,58.88,34.83,6.11,-53.05,-31.19,-11.71,-10.15,经营上行强；确定性/质量高；估值相对友好
12,SMTC,Semtech Corporation,AI网络_光互联_连接器,70.6550,观察,1.04,-3.55,-9.49,-14.56,92.28,49.44,63.46,76.12,54.61,62.25,21.91,114.02,-66.63,-33.20,-23.38,-10.05,经营上行强；估值相对友好
13,ARM,Arm Holdings,AI计算芯片_EDA_IP_custom_ASIC,70.0320,核心,7.69,11.15,10.55,10.56,64.56,93.15,58.49,90.73,86.63,31.24,0.00,128.27,-61.37,-43.11,3.96,-22.22,确定性/质量高；估值相对友好
14,LFUS,Littelfuse,配电_电源_功率器件,68.0419,期权,0.87,-2.17,-4.19,-6.46,80.69,53.69,67.70,53.65,54.25,70.45,42.13,85.73,-63.23,-41.32,-14.97,-6.94,经营上行强；保护力强
15,ACMR,ACM Research,晶圆制造_前道设备,68.0382,核心,1.99,3.76,3.05,3.03,71.52,79.45,62.17,58.43,78.67,50.34,6.18,169.67,-105.86,-31.60,-44.60,-29.66,经营上行强；确定性/质量高
16,BE,Bloom Energy,电力_发电_能源_储能,67.5015,观察,-4.33,-11.43,-15.43,-11.83,97.95,59.42,50.55,87.92,74.37,55.84,42.70,190.49,-96.29,-34.51,-31.62,-30.16,经营上行强；确定性/质量高；估值相对友好
17,ASGLY,AGC Inc,半导体材料_化学品_基板,67.3401,观察,0.74,1.19,-0.71,-1.42,79.26,81.91,56.93,48.88,78.09,56.07,10.67,27.37,-17.24,-4.50,-20.80,8.06,经营上行强；确定性/质量高
18,NDSN,Nordson,半导体材料_化学品_基板,67.2494,观察,-7.11,-5.77,-7.59,-8.77,82.57,59.78,68.22,26.97,60.45,78.20,64.61,21.32,-37.43,-23.32,-11.92,-2.19,经营上行强；保护力强；IV高；估值压力
19,MXL,MaxLinear,AI计算芯片_EDA_IP_custom_ASIC,67.0933,核心,4.54,4.33,2.91,2.13,74.09,60.79,61.91,75.84,60.23,62.70,65.73,554.79,-74.70,-46.77,-13.73,-14.20,经营上行强；估值相对友好
20,AXTI,AXT Inc,半导体材料_化学品_基板,67.0307,期权,5.05,4.34,2.57,2.02,85.23,56.65,54.87,87.64,70.25,66.40,79.21,1074.83,20.00,-42.36,28.70,33.66,经营上行强；确定性/质量高；估值相对友好
21,BWXT,BWX Technologies,电力_发电_能源_储能,66.9972,核心,-3.48,-4.44,-7.03,-8.21,84.51,57.08,62.29,50.84,68.43,82.70,97.19,11.66,-37.09,-11.11,-8.01,-17.97,经营上行强；确定性/质量高；IV高
22,FORM,FormFactor,封测_检测_计量_光罩,66.5294,核心,1.83,2.24,1.81,1.46,69.09,71.80,64.60,55.34,64.83,60.34,56.18,147.08,-49.53,-38.00,-13.63,2.10,经营上行强
23,TSEM,Tower Semiconductor,晶圆制造_前道设备,66.0024,观察,-4.12,-7.56,-11.46,-12.99,89.28,64.49,56.95,43.26,67.53,61.91,53.93,168.50,1.94,-33.66,25.89,9.71,经营上行强；确定性/质量高
24,VICR,Vicor Corporation,配电_电源_功率器件,64.4378,观察,5.64,4.60,3.45,2.23,68.64,51.37,62.84,79.49,45.86,50.79,11.24,286.24,-53.05,-16.53,-27.87,-8.65,经营上行强；估值相对友好
25,SNPS,Synopsys,AI计算芯片_EDA_IP_custom_ASIC,64.4045,期权,-3.33,-4.48,-6.80,-9.10,83.18,54.94,61.10,37.92,54.49,71.24,82.58,28.37,-52.77,-22.75,-14.70,-15.32,经营上行强
26,CRDO,Credo Technology Group,AI网络_光互联_连接器,64.2404,观察,1.42,1.52,0.32,-0.94,78.38,59.90,55.70,65.73,61.70,46.74,7.87,34.89,-100.81,-50.48,-28.88,-21.45,经营上行强；估值相对友好
27,COHU,Cohu Inc,封测_检测_计量_光罩,64.1568,观察,3.50,2.46,1.64,1.68,70.08,54.27,62.96,66.29,58.66,61.69,16.85,128.54,-57.43,-37.88,-8.60,-10.95,经营上行强；估值相对友好
28,FN,Fabrinet,AI服务器_存储_EMS,63.6538,观察,-0.40,0.44,-0.49,-0.07,71.78,67.98,58.83,48.60,54.94,62.47,69.66,52.96,-57.48,-24.56,-20.15,-12.77,经营上行强
29,STX,Seagate Technology,AI服务器_存储_EMS,63.3831,观察,-4.60,-6.86,-10.38,-13.13,83.31,59.55,56.44,42.13,60.00,50.00,16.29,219.77,-58.72,-35.17,-14.09,-9.46,经营上行强
30,RMBS,Rambus,AI服务器_存储_EMS,62.6193,观察,-2.07,-5.99,-10.18,-14.89,82.87,43.15,59.93,47.75,45.51,57.75,6.74,56.70,-76.70,-33.95,-21.13,-21.62,经营上行强
31,MRAM,Everspin Technologies,AI服务器_存储_EMS,62.5827,期权,3.63,3.00,2.89,2.40,64.80,56.53,61.07,71.35,47.32,65.28,99.44,281.30,-86.38,-28.46,-28.61,-29.31,估值相对友好
32,ANET,Arista Networks,AI网络_光互联_连接器,61.9410,观察,2.54,4.85,4.40,4.43,66.71,74.16,51.50,67.42,74.16,46.29,23.03,20.89,-71.59,-32.79,-12.61,-26.19,经营上行强；确定性/质量高；估值相对友好
33,ONTO,Onto Innovation,封测_检测_计量_光罩,61.6375,观察,-6.13,-11.51,-16.83,-21.68,88.24,40.00,57.57,42.70,48.76,69.33,45.51,90.00,-61.39,-36.82,-15.96,-8.61,经营上行强
34,LRCX,Lam Research,晶圆制造_前道设备,61.4612,观察,-4.04,-7.28,-10.62,-13.01,91.45,51.57,50.35,54.21,65.84,54.38,21.35,105.58,-65.30,-32.32,-19.86,-13.12,经营上行强；确定性/质量高
35,MPWR,Monolithic Power Systems,配电_电源_功率器件,61.2516,观察,-2.82,-6.69,-11.71,-15.19,86.41,42.47,54.30,55.90,53.60,62.13,35.96,75.16,-74.30,-34.01,-18.64,-21.65,经营上行强
36,APH,Amphenol 安费诺,AI网络_光互联_连接器,61.0080,观察,-6.71,-7.61,-10.75,-12.05,87.37,54.94,51.05,47.19,72.02,59.66,27.53,1.10,-42.07,-13.41,-21.94,-6.72,经营上行强；确定性/质量高
37,NTNX,Nutanix,云算力_IDC_AI软件平台,60.9099,核心,1.90,2.56,2.21,2.05,53.20,71.01,66.83,54.78,61.91,58.20,41.01,-3.66,-34.66,-19.31,-1.33,-14.02,保护力强
38,FIX,Comfort Systems USA,机电_冷却_工程_水处理_边缘工业AI,60.8862,观察,-0.91,0.17,-0.40,-0.32,69.54,66.29,55.22,46.35,59.66,63.71,83.71,92.30,-43.83,-18.30,-12.23,-13.30,经营上行强
39,NVMI,Nova Ltd,晶圆制造_前道设备,60.6021,观察,-0.05,-0.55,-1.38,-1.15,69.94,54.49,58.58,48.88,53.71,63.60,48.88,66.46,-70.22,-39.08,-9.58,-21.56,经营上行强
40,ASX,ASE Technology Holding,封测_检测_计量_光罩,60.4850,观察,-1.55,0.55,0.17,-0.01,62.23,77.64,55.70,41.85,67.08,44.72,17.98,171.32,-55.15,-33.63,-16.81,-4.71,确定性/质量高
41,IESC,IES Holdings,机电_冷却_工程_水处理_边缘工业AI,60.4080,观察,1.32,1.98,1.67,1.49,64.23,64.17,56.04,57.58,62.94,60.45,55.62,缺失,-43.85,-17.01,-12.47,-14.37,综合分中性
42,SIMO,Silicon Motion Technology,AI服务器_存储_EMS,59.7456,观察,3.59,2.31,1.80,0.29,69.14,44.62,55.55,73.60,43.39,51.01,14.61,225.39,-81.31,-34.73,-26.26,-20.32,经营上行强；估值相对友好
43,CRWD,CrowdStrike,云算力_IDC_AI软件平台,59.5675,观察,6.79,8.40,8.04,7.71,47.16,74.16,59.28,83.99,56.52,41.57,29.21,28.68,-28.96,-25.47,4.61,-8.10,估值相对友好
44,DIOD,Diodes Incorporated,配电_电源_功率器件,59.5088,观察,-2.06,-1.27,-1.59,-1.69,62.79,67.53,58.60,37.08,66.74,57.08,24.72,136.67,-70.87,-39.51,-9.14,-22.22,确定性/质量高
45,RKLB,Rocket Lab,机电_冷却_工程_水处理_边缘工业AI,59.4598,观察,5.24,3.66,2.97,-0.27,73.87,37.34,51.66,89.61,45.66,61.69,98.88,258.29,-90.58,-31.99,-18.26,-40.33,经营上行强；估值相对友好
46,FLNC,Fluence Energy,电力_发电_能源_储能,59.1599,观察,2.15,1.21,0.50,-1.13,75.55,44.72,51.37,70.79,52.03,53.37,15.73,11.74,-90.92,-47.01,-20.39,-23.52,经营上行强；估值相对友好
47,AMD,Advanced Micro Devices,AI计算芯片_EDA_IP_custom_ASIC,58.9670,观察,1.77,2.62,0.05,-0.78,80.15,54.29,46.00,71.07,67.32,48.20,14.04,131.30,-60.59,-31.50,-7.03,-22.06,经营上行强；确定性/质量高；估值相对友好
48,ICHR,Ichor Holdings,晶圆制造_前道设备,58.6717,观察,1.74,0.26,-0.40,-0.99,69.63,43.37,55.97,61.80,47.08,64.72,50.00,341.56,-110.87,-51.70,-19.63,-39.54,经营上行强
49,ET,Energy Transfer LP,电力_发电_能源_储能,57.6429,观察,-10.47,-8.63,-11.11,-12.53,82.45,53.26,52.00,21.35,67.08,80.34,92.70,17.65,-17.84,-21.51,5.38,-1.71,经营上行强；确定性/质量高；IV高；估值压力
50,MCHP,Microchip Technology,AI计算芯片_EDA_IP_custom_ASIC,57.4919,观察,1.43,2.39,1.80,1.62,64.40,56.63,51.05,62.92,63.03,63.37,66.85,84.23,-87.08,-45.04,-20.42,-21.62,综合分中性
51,SHECY,Shin-Etsu Chemical 信越化学,半导体材料_化学品_基板,57.4393,观察,0.50,0.61,-1.27,-2.99,80.86,64.49,42.61,56.46,71.69,53.60,50.56,57.03,-25.75,-17.31,0.93,-9.37,经营上行强；确定性/质量高
52,ADI,Analog Devices,AI计算芯片_EDA_IP_custom_ASIC,57.3896,观察,0.23,2.70,2.65,2.41,56.41,64.74,53.69,61.24,66.54,52.81,65.17,61.63,-52.06,-31.88,-15.99,-4.19,确定性/质量高；IV高
53,MKSI,MKS Inc,晶圆制造_前道设备,57.2206,观察,-3.01,-2.62,-3.08,-3.07,60.31,61.70,58.83,32.30,53.27,55.51,36.52,115.77,-65.32,-45.50,-17.76,-2.06,估值压力
54,SNDK,SanDisk,AI服务器_存储_EMS,56.9404,观察,-6.92,-2.87,-9.08,-9.32,82.86,62.49,45.59,33.43,64.28,42.47,7.30,639.37,-46.55,-32.97,-9.47,-4.11,经营上行强；估值压力
55,EME,EMCOR Group,机电_冷却_工程_水处理_边缘工业AI,56.8148,观察,-4.73,-1.73,-1.94,-2.00,54.49,72.60,58.68,30.62,56.31,62.81,78.09,缺失,-54.09,-16.57,-12.56,-24.96,IV高；估值压力
56,COHR,Coherent,AI网络_光互联_连接器,56.8121,观察,1.17,1.84,1.83,1.67,60.69,59.12,51.20,61.80,54.96,41.24,33.15,146.87,-60.19,-40.41,-18.01,-1.77,综合分中性
57,PSTG,Everpure PureStorage,AI服务器_存储_EMS,56.7922,观察,3.84,4.95,4.60,4.12,53.24,63.03,52.87,72.47,59.89,59.78,98.31,-0.03,-86.30,-42.94,-22.53,-20.83,估值相对友好
58,HPE,惠普企业,AI服务器_存储_EMS,56.5906,观察,-2.01,0.13,-0.34,-0.45,59.45,72.02,50.93,41.29,63.71,42.36,2.81,72.78,-50.37,-42.46,9.60,-17.51,综合分中性
59,MU,Micron Technology 美光科技,AI服务器_存储_EMS,56.4420,观察,-24.63,-22.46,-25.26,-22.56,91.15,47.19,46.21,37.92,53.37,43.15,3.37,303.20,-72.62,-36.48,-24.99,-11.15,经营上行强
60,AMAT,Applied Materials,晶圆制造_前道设备,56.3188,观察,0.53,2.48,2.32,2.57,66.03,65.62,44.81,60.67,75.62,42.92,28.09,79.32,-51.50,-26.73,-18.19,-6.58,经营上行强；确定性/质量高
61,ORCL,Oracle Corporation,云算力_IDC_AI软件平台,56.0892,观察,-8.69,-9.43,-13.89,-17.71,90.47,54.51,44.04,36.24,69.57,51.80,22.47,-6.83,-58.88,-29.26,-6.15,-23.47,经营上行强；确定性/质量高
62,ENTG,Entegris,半导体材料_化学品_基板,55.9389,观察,-0.56,0.55,0.33,0.25,51.92,71.14,55.95,43.54,61.25,52.02,43.82,86.47,-89.47,-41.34,-20.90,-27.23,综合分中性
63,GNRC,Generac Holdings,电力_发电_能源_储能,55.8507,观察,-3.81,-2.74,-3.32,-3.48,67.41,55.86,51.97,35.39,56.76,62.81,37.64,88.50,-70.51,-26.45,-21.59,-22.47,经营上行强
64,BDC,Belden,AI网络_光互联_连接器,55.8458,观察,-3.59,-2.49,-2.69,-0.63,55.15,68.55,57.64,29.21,67.77,60.00,61.24,-5.54,-59.64,-23.33,-25.39,-10.92,确定性/质量高；估值压力
65,VECO,Veeco Instruments,晶圆制造_前道设备,55.5976,观察,-4.17,-5.68,-6.22,-7.66,70.37,44.17,55.91,27.81,41.93,66.97,51.12,106.09,-25.98,-31.31,15.35,-10.02,经营上行强；估值压力
66,CC,The Chemours Company,半导体材料_化学品_基板,55.2798,期权,-1.11,-0.57,-0.93,-1.00,49.51,67.06,60.83,39.04,57.40,65.06,88.20,80.43,-51.38,-45.19,17.65,-23.84,综合分中性
67,CDNS,Cadence Design Systems,AI计算芯片_EDA_IP_custom_ASIC,54.9178,观察,2.09,4.24,4.01,4.02,45.04,66.63,57.33,66.01,57.19,44.83,30.90,22.10,-36.05,-14.28,-10.26,-11.51,估值相对友好；IV高
68,AMKR,Amkor Technology,封测_检测_计量_光罩,54.9024,观察,-2.27,-0.92,-0.96,-1.07,57.34,70.48,49.77,38.48,66.33,46.85,35.39,106.73,-61.83,-35.16,-19.02,-7.65,确定性/质量高
69,ROG,Rogers Corporation,半导体材料_化学品_基板,54.8195,期权,2.25,0.58,0.04,-1.54,55.01,44.14,58.95,58.99,41.33,66.97,43.26,76.96,-48.20,-35.16,-3.43,-9.61,综合分中性
70,PENG,Penguin Solutions,AI服务器_存储_EMS,54.5782,观察,-9.63,-14.00,-20.90,-28.14,88.24,37.55,49.44,21.91,44.40,58.09,4.49,168.05,-76.99,-34.31,-21.47,-21.21,经营上行强；估值压力
71,MTSI,MACOM Technology Solutions,AI网络_光互联_连接器,54.5580,观察,-0.14,-1.57,-2.55,-4.81,72.23,37.21,49.56,55.34,44.28,61.46,46.63,138.40,-44.86,-29.33,-17.32,1.79,经营上行强
72,VSH,Vishay Intertechnology,配电_电源_功率器件,54.3701,观察,-0.54,-1.08,-1.65,-2.50,61.36,47.21,52.81,50.00,38.78,45.73,1.69,262.76,-93.85,-44.60,-17.65,-31.60,综合分中性
73,WDC,WesternDigital,AI服务器_存储_EMS,54.2991,观察,-3.54,-3.54,-4.07,-4.53,70.74,48.88,49.10,37.64,41.24,42.02,13.48,236.38,-55.76,-41.45,-13.50,-0.81,经营上行强
74,CLS,Celestica Inc,AI服务器_存储_EMS,54.1476,观察,-2.59,-2.03,-2.41,-2.45,70.65,52.82,46.05,44.94,49.90,47.42,10.11,7.66,-73.85,-44.93,-12.49,-16.43,经营上行强
75,GOOGL,Alphabet Inc,云算力_IDC_AI软件平台,53.6911,观察,-1.67,1.50,1.18,0.84,55.07,49.24,52.13,62.64,52.95,62.81,97.75,21.53,-28.77,-21.60,-12.59,5.42,IV高
76,STM,STMicroelectronics,AI计算芯片_EDA_IP_custom_ASIC,53.5670,观察,-0.34,1.49,1.16,1.18,55.18,64.85,47.09,53.09,70.46,41.24,12.36,199.12,-60.48,-37.00,-9.38,-14.10,确定性/质量高
77,ABBNY,ABB Ltd,配电_电源_功率器件,53.3933,观察,1.32,5.10,4.89,4.52,58.64,74.16,38.14,67.70,77.98,46.29,69.10,50.87,-45.27,-19.87,-16.11,-9.29,确定性/质量高；估值相对友好
78,NVDA,NVIDIA,AI计算芯片_EDA_IP_custom_ASIC,53.3325,期权,-5.86,-3.99,-4.87,-6.72,77.86,43.28,45.75,40.45,60.47,66.97,93.26,17.94,-59.56,-31.27,-15.54,-12.75,经营上行强；IV高
79,META,Meta Platforms,云算力_IDC_AI软件平台,52.8637,观察,-10.33,-10.24,-13.10,-16.68,82.97,40.56,46.38,27.25,55.51,68.76,75.28,0.26,-66.11,-26.54,-17.95,-21.62,经营上行强；IV高；估值压力
80,AMZN,Amazon,云算力_IDC_AI软件平台,52.3312,观察,-5.63,0.43,0.34,0.34,48.54,75.97,47.69,40.17,74.06,54.27,95.51,18.63,-33.74,-23.43,-4.60,-5.71,确定性/质量高；IV高
81,HOCPY,HOYA Corporation,半导体材料_化学品_基板,51.7339,观察,0.46,3.28,3.05,2.95,43.10,75.17,47.72,55.90,73.71,50.79,89.33,11.96,-39.34,-21.09,-10.34,-7.91,确定性/质量高
82,MRVL,Marvell Technology,AI计算芯片_EDA_IP_custom_ASIC,50.3516,观察,-0.75,0.87,0.68,0.34,53.38,56.08,43.98,55.34,54.62,27.98,0.56,126.52,-60.41,-53.98,8.51,-14.94,综合分中性
83,ETR,Entergy Corporation,电力_发电_能源_储能,50.2099,观察,-8.26,-2.74,-3.10,-3.18,51.59,62.49,48.53,29.49,70.13,68.20,85.96,15.49,-5.67,-7.98,4.52,-2.21,确定性/质量高；IV高；估值压力
84,FTV,Fortive Corporation,机电_冷却_工程_水处理_边缘工业AI,49.9847,回避,-6.15,-2.66,-2.78,-2.80,44.64,63.95,55.14,29.49,55.86,61.35,73.03,12.55,-30.60,-23.53,-8.06,0.99,IV高；估值压力
85,AEP,American Electric Power,电力_发电_能源_储能,49.9196,回避,-6.89,-1.69,-1.77,-1.75,47.40,62.37,50.00,36.52,68.55,61.91,87.64,5.58,-4.94,-2.94,-1.01,-0.99,确定性/质量高；IV高
86,APD,Air Products and Chemicals,半导体材料_化学品_基板,49.8131,回避,-3.80,3.14,4.45,5.40,33.28,83.03,58.92,42.42,74.04,57.42,93.82,10.34,-15.77,-20.90,4.02,1.11,确定性/质量高；IV高
87,Q,Qnity Electronics,半导体材料_化学品_基板,49.6195,回避,-4.32,-4.21,-4.41,-4.45,52.89,53.37,50.51,28.09,46.29,55.62,67.42,100.82,缺失,缺失,-10.64,-20.35,估值压力
88,OKLO,Oklo Inc,电力_发电_能源_储能,49.2505,回避,6.23,8.01,8.01,8.01,36.74,62.38,45.45,87.64,60.36,39.33,41.57,-23.56,-122.49,-52.58,-31.27,-38.64,估值相对友好
89,ADBE,Adobe,云算力_IDC_AI软件平台,48.7911,回避,-1.87,2.20,3.50,4.44,33.06,86.85,54.84,34.55,86.07,45.28,80.90,-24.97,-39.23,-25.22,-6.47,-7.54,确定性/质量高；估值压力
90,GLW,Corning,AI网络_光互联_连接器,48.7807,回避,-1.05,0.54,0.19,-0.08,50.97,55.84,42.87,51.97,55.84,43.82,38.76,128.34,-57.92,-24.47,-19.87,-13.58,综合分中性
91,DOV,Dover Corporation,机电_冷却_工程_水处理_边缘工业AI,48.6851,回避,-6.80,-2.11,-2.08,-2.23,41.25,65.73,54.22,31.18,61.57,60.34,76.97,14.60,-38.86,-26.78,-10.55,-1.53,IV高；估值压力
92,TSM,台积电,晶圆制造_前道设备,48.5877,回避,-4.98,-1.45,-1.67,-1.86,41.90,66.29,51.08,35.11,64.61,44.49,44.94,45.79,-56.76,-29.35,-18.37,-9.04,IV高
93,MYRG,MYR Group,机电_冷却_工程_水处理_边缘工业AI,48.0627,回避,-5.77,-6.69,-7.00,-9.05,58.05,39.10,50.03,23.31,36.40,71.91,90.45,缺失,-31.97,-20.12,-2.52,-9.33,估值压力
94,LWLG,Lightwave Logic,AI网络_光互联_连接器,48.0480,回避,13.23,68.88,57.88,69.71,31.80,64.52,46.96,91.29,58.45,52.13,61.80,167.90,-1.41,-38.71,49.77,-12.47,估值相对友好
95,ENPH,Enphase Energy,电力_发电_能源_储能,48.0431,回避,-5.20,-2.35,2.20,7.25,38.91,54.06,57.41,49.16,58.22,36.18,54.49,152.62,-67.78,-25.16,-26.50,-16.12,综合分中性
96,EQIX,Equinix,云算力_IDC_AI软件平台,47.9732,回避,-3.38,0.73,0.49,0.37,40.14,54.28,53.11,52.81,52.94,58.09,75.84,42.62,-26.55,-21.29,0.37,-5.63,IV高
97,DELL,Dell Technologies,AI服务器_存储_EMS,47.7807,回避,-2.94,-0.80,-1.40,-1.28,58.76,54.61,38.27,45.79,58.54,38.54,1.12,129.12,-34.34,-39.45,33.35,-28.24,综合分中性
98,ETN,Eaton Corporation,配电_电源_功率器件,47.6931,回避,-5.32,-2.02,-2.09,-2.15,52.33,54.51,42.84,39.61,55.63,47.30,44.38,18.93,-41.95,-18.56,-8.03,-15.36,IV高
99,FLEX,Flex Ltd,AI服务器_存储_EMS,47.1595,回避,-5.32,-4.41,-5.00,-5.34,60.25,46.76,42.09,30.62,43.27,48.20,20.79,149.64,-58.62,-33.32,-7.77,-17.53,估值压力
100,MSFT,微软,云算力_IDC_AI软件平台,47.0969,回避,-7.16,-2.22,-2.45,-2.66,40.72,64.16,50.30,31.46,50.11,53.60,78.65,-15.00,-36.85,-14.80,-10.39,-11.66,IV高；估值压力
101,CAT,Caterpillar Inc,机电_冷却_工程_水处理_边缘工业AI,46.9201,回避,-3.92,-0.43,-0.78,-0.83,52.77,52.25,39.77,48.60,56.85,52.58,57.87,58.60,-41.20,-21.54,-12.94,-6.72,IV高
102,JBL,Jabil Inc,AI服务器_存储_EMS,46.8450,回避,-6.42,-5.00,-5.48,-5.30,55.51,55.09,42.73,21.63,47.67,51.12,40.45,79.21,-51.81,-27.55,-10.84,-13.42,估值压力
103,MOD,Modine Manufacturing,机电_冷却_工程_水处理_边缘工业AI,45.9096,回避,-3.42,-3.43,-3.24,-3.46,42.13,51.01,51.46,33.71,40.22,42.13,25.84,76.09,-46.31,-23.67,-12.17,-10.47,估值压力
104,VST,Vistra Corp,电力_发电_能源_储能,45.6584,回避,-10.39,-10.64,-10.77,-13.01,63.83,37.54,45.79,5.06,43.27,54.38,38.20,-9.42,-66.07,-37.38,-15.86,-12.83,估值压力
105,CARR,Carrier Global,机电_冷却_工程_水处理_边缘工业AI,45.5110,回避,-1.97,2.33,4.08,5.48,32.41,69.79,49.24,48.03,67.66,47.30,64.04,18.67,-45.94,-17.23,-11.61,-17.10,确定性/质量高；IV高
106,IBM,International Business Machines,云算力_IDC_AI软件平台,45.3048,回避,-4.60,-2.86,-3.09,-2.98,41.58,58.31,46.75,31.18,47.08,35.28,8.43,-15.83,-22.41,-16.51,-0.12,-5.78,估值压力
107,GEV,GE Vernova,电力_发电_能源_储能,45.2027,回避,-2.43,-1.65,-1.57,-2.87,50.65,43.05,40.80,49.16,50.13,54.04,94.94,74.98,-30.39,-20.24,-6.70,-3.45,综合分中性
108,LIN,Linde plc,半导体材料_化学品_基板,44.9940,回避,-7.40,-3.00,-3.23,-3.12,40.58,53.82,49.19,32.87,40.34,57.19,85.39,24.51,-17.73,-10.52,-1.77,-5.44,IV高；估值压力
109,CMI,Cummins Inc,电力_发电_能源_储能,44.6360,回避,-6.51,-2.38,-2.48,-2.60,43.73,58.55,41.67,33.71,62.94,54.38,79.78,34.35,-39.00,-30.51,-13.91,5.42,IV高；估值压力
110,NTAP,NetApp,AI服务器_存储_EMS,44.5221,回避,-6.33,-5.07,-5.12,-5.50,39.04,51.46,55.30,23.03,36.29,44.49,5.62,30.65,-49.09,-38.87,-0.69,-9.53,IV高；估值压力
111,PH,Parker-Hannifin,机电_冷却_工程_水处理_边缘工业AI,44.1495,回避,-8.10,-4.40,-4.57,-4.47,41.04,54.49,48.03,24.72,46.07,55.96,86.52,-0.56,-33.58,-24.44,-14.86,5.72,IV高；估值压力
112,HUBB,Hubbell,配电_电源_功率器件,43.9645,回避,-6.80,-4.58,-4.66,-5.43,43.24,45.62,48.05,29.78,42.81,59.33,71.35,13.02,-42.85,-18.47,-10.58,-13.80,IV高；估值压力
113,MIELY,三菱电机 Mitsubishi Electric,配电_电源_功率器件,43.9423,回避,0.12,3.93,4.83,5.95,33.74,68.43,38.96,55.90,61.57,43.26,96.07,48.19,-17.06,4.54,-18.04,-3.56,综合分中性
114,NVT,nVent Electric,配电_电源_功率器件,43.8203,回避,-3.21,-3.60,-3.83,-4.49,39.45,46.87,51.04,33.43,32.94,51.69,46.07,57.51,-43.93,-32.02,-7.43,-4.48,估值压力；质量短板
115,JCI,Johnson Controls,机电_冷却_工程_水处理_边缘工业AI,43.7125,回避,-7.06,-3.28,-3.38,-3.50,40.98,55.62,44.34,30.34,53.71,50.11,58.43,18.84,-32.62,-19.91,-12.40,-0.31,IV高；估值压力
116,TMO,Thermo Fisher Scientific,封测_检测_计量_光罩,43.6165,回避,-2.57,1.82,2.42,2.77,31.61,62.49,49.68,45.51,46.42,45.96,57.30,-23.10,-26.01,-22.04,-6.55,2.58,IV高
117,SOMMY,住友化学 Sumitomo Chemical,半导体材料_化学品_基板,43.5771,回避,-0.04,1.02,2.22,3.63,28.83,61.12,58.45,47.75,44.49,52.58,96.63,18.79,-24.06,-9.16,-11.18,-3.72,综合分中性
118,ALLE,Allegion plc,机电_冷却_工程_水处理_边缘工业AI,43.3265,回避,-3.79,1.17,2.30,3.39,26.69,73.50,60.74,33.99,60.80,59.44,76.40,-20.79,-18.66,-6.76,-8.19,-3.71,IV高；估值压力
119,RYCEY,Rolls-Royce Holdings,电力_发电_能源_储能,43.2648,回避,1.63,2.78,2.56,1.55,42.13,44.85,36.45,70.51,44.28,37.30,51.69,23.61,-24.26,5.54,-19.90,-9.90,估值相对友好
120,AJNMY,味之素 Ajinomoto,半导体材料_化学品_基板,43.1091,回避,0.29,4.83,6.24,7.77,24.73,81.24,48.06,49.72,65.06,44.38,89.89,43.80,-36.35,-4.15,-14.55,-17.65,确定性/质量高
121,PWR,Quanta Services,电力_发电_能源_储能,42.8150,回避,-6.94,-4.68,-4.90,-6.42,48.82,43.15,40.89,30.06,40.56,58.31,87.08,59.33,-22.20,-12.84,-5.15,-4.21,IV高；估值压力
122,ACLS,Axcelis Technologies,晶圆制造_前道设备,42.2081,核心,1.83,3.93,7.49,12.30,22.30,69.12,67.03,56.74,73.50,42.92,49.44,92.27,-31.66,-33.82,13.01,-10.85,保护力强；确定性/质量高
123,SMR,NuScale Power,电力_发电_能源_储能,42.2020,核心,-8.98,2.93,61.19,94.53,23.25,50.02,61.47,89.04,66.31,26.07,32.58,-36.61,-111.97,-33.06,-22.23,-56.68,确定性/质量高；估值相对友好
124,TXN,德州仪器,AI计算芯片_EDA_IP_custom_ASIC,42.1865,回避,-6.48,-5.26,-5.72,-8.43,57.32,33.74,37.80,33.15,40.26,55.39,73.60,91.99,-45.58,-28.41,-12.85,-4.32,IV高；估值压力
125,MSI,Motorola Solutions,机电_冷却_工程_水处理_边缘工业AI,41.6051,回避,-7.48,-4.37,-4.54,-5.24,36.26,46.21,50.40,29.21,35.54,59.10,84.27,10.61,-33.68,-9.16,-9.45,-15.07,IV高；估值压力
126,MICLF,Mycronic AB,封测_检测_计量_光罩,41.5151,核心,7.47,9.45,12.68,15.93,18.66,66.29,67.82,85.11,68.99,45.06,82.02,28.89,16.67,0.00,0.00,16.67,保护力强；确定性/质量高；估值相对友好
127,ST,Sensata Technologies,配电_电源_功率器件,41.1495,回避,-8.62,-7.96,-8.06,-8.29,39.02,50.22,49.34,7.30,36.52,54.61,39.89,59.19,-65.37,-40.97,-11.81,-12.59,估值压力
128,SANM,Sanmina Corporation,AI服务器_存储_EMS,41.0644,回避,-9.36,-10.14,-10.55,-14.69,64.43,29.33,38.43,11.24,27.75,53.37,19.66,68.28,-38.88,-20.37,-23.12,4.61,估值压力；质量短板
129,BABA,Alibaba 阿里巴巴,云算力_IDC_AI软件平台,40.2639,回避,-4.37,3.23,5.75,8.16,23.34,77.98,45.16,40.73,81.91,45.17,94.38,-18.93,-61.65,-26.92,-19.90,-14.83,确定性/质量高；IV高
130,ATEYY,Advantest,封测_检测_计量_光罩,39.8630,回避,4.45,10.98,13.92,16.04,17.33,87.98,43.99,61.24,72.36,26.18,55.06,缺失,-87.71,-42.07,-32.07,-13.57,确定性/质量高
131,ATKR,Atkore,配电_电源_功率器件,39.6585,回避,-1.64,0.64,2.45,4.84,24.77,59.09,57.67,40.73,56.95,48.43,34.27,22.95,-49.84,-22.67,-10.57,-16.60,综合分中性
132,PSIX,Power Solutions International,电力_发电_能源_储能,39.4894,回避,-10.51,-8.43,-4.06,0.13,33.81,49.00,53.61,8.15,48.89,43.60,68.54,-18.57,-130.28,-47.47,-41.25,-41.56,估值压力
133,ASML,ASML Holding NV,晶圆制造_前道设备,38.9377,回避,5.38,11.23,13.76,15.20,19.15,68.76,41.85,76.40,87.08,28.31,32.02,53.50,-46.12,-19.88,-17.85,-8.39,确定性/质量高；估值相对友好
134,DTE,DTE Energy Company,电力_发电_能源_储能,38.8411,回避,-9.45,-3.84,-2.67,-1.95,30.64,46.09,52.30,27.25,48.33,59.21,80.34,6.21,-5.13,-2.89,0.03,-2.27,IV高；估值压力
135,NOK,诺基亚,AI网络_光互联_连接器,38.8064,回避,0.79,3.23,4.66,5.88,24.77,55.62,45.18,57.58,57.87,28.54,26.97,157.89,-21.58,-6.81,5.15,-19.92,综合分中性
136,GFS,GlobalFoundries,晶圆制造_前道设备,38.6341,回避,-2.60,0.63,2.56,3.96,27.06,60.56,42.47,39.33,63.82,30.00,17.42,129.97,-53.28,-31.83,-15.31,-6.14,综合分中性
137,UCTT,Ultra Clean Holdings,晶圆制造_前道设备,38.2980,回避,-0.66,-1.67,-1.67,-4.03,30.72,36.85,47.48,48.03,25.62,45.17,29.78,264.28,-95.32,-54.07,-16.98,-24.27,质量短板
138,CSCO,Cisco Systems,AI网络_光互联_连接器,37.8860,回避,-3.14,1.45,3.14,4.42,25.43,55.54,43.53,47.75,50.48,39.78,60.11,57.32,-14.62,-17.75,-2.63,5.76,IV高
139,SMCI,Super Micro Computer Inc,AI服务器_存储_EMS,37.5317,回避,-10.10,-11.42,-13.19,-18.19,74.83,28.65,30.96,8.43,33.48,53.26,5.06,16.33,-123.92,-46.50,-37.32,-40.10,经营上行强；估值压力；质量短板
140,DSCSY,DISCO,晶圆制造_前道设备,37.4077,回避,1.58,7.75,12.51,16.27,16.46,75.73,47.72,61.52,79.89,29.21,52.81,47.87,-90.52,-43.66,-25.48,-21.38,确定性/质量高
141,DLR,Digital Realty,云算力_IDC_AI软件平台,37.2222,回避,-1.66,2.99,4.09,4.72,24.06,49.25,46.12,55.90,51.16,54.72,91.57,20.64,-29.04,-20.87,-2.46,-5.71,IV高
142,KEYS,Keysight Technologies,封测_检测_计量_光罩,36.9798,回避,-0.43,4.09,6.61,8.32,19.26,66.52,55.03,44.66,66.40,45.17,71.91,77.20,-42.11,-30.80,-10.84,-0.47,确定性/质量高；IV高
143,DCI,Donaldson Company,机电_冷却_工程_水处理_边缘工业AI,36.9021,回避,-5.28,-0.59,0.77,1.96,23.04,59.00,53.72,30.62,49.57,57.75,70.22,-7.18,-33.89,-14.66,-20.89,1.66,IV高；估值压力
144,AOSL,Alpha and Omega Semiconductor,配电_电源_功率器件,36.6543,回避,4.56,7.09,11.48,15.12,17.28,57.42,52.06,76.40,56.75,27.53,9.55,141.16,-95.57,-50.95,-7.95,-36.67,估值相对友好
145,TSLA,Tesla,机电_冷却_工程_水处理_边缘工业AI,36.3377,回避,2.25,6.74,10.52,15.20,16.30,58.89,55.64,75.84,65.86,36.52,70.79,3.23,-66.64,-37.40,-14.88,-14.36,确定性/质量高；估值相对友好；IV高
146,ECL,Ecolab,半导体材料_化学品_基板,36.0799,回避,-5.21,0.69,1.73,2.32,23.45,57.21,43.95,37.64,53.61,51.91,74.16,-4.51,-28.29,-15.59,-14.36,1.66,IV高
147,QCOM,Qualcomm,AI计算芯片_EDA_IP_custom_ASIC,35.8551,回避,-8.30,-6.75,-4.47,-4.09,33.73,38.54,40.98,22.75,38.88,24.04,24.16,41.33,-51.77,-28.23,-12.86,-10.68,估值压力
148,TDY,Teledyne Technologies,封测_检测_计量_光罩,35.7183,回避,-8.11,-4.54,-3.52,-3.66,29.47,45.73,44.82,18.82,37.19,57.08,81.46,23.08,-32.83,-13.06,-13.78,-5.99,IV高；估值压力
149,ON,onsemi,AI计算芯片_EDA_IP_custom_ASIC,35.7172,回避,-3.94,-0.46,1.59,4.00,24.07,58.76,40.66,33.71,61.91,33.03,25.28,151.59,-75.45,-42.68,-20.12,-12.65,估值压力
150,UMC,United Microelectronics 联华电子,晶圆制造_前道设备,34.6588,回避,-2.51,1.14,3.07,4.50,19.86,62.70,46.22,33.71,53.15,30.11,20.22,203.14,-28.60,-6.56,-18.39,-3.65,估值压力
151,KLAC,KLA Corporation,晶圆制造_前道设备,34.6451,回避,1.88,6.60,10.07,12.66,16.18,65.39,48.31,54.21,67.64,25.06,28.65,68.86,-44.27,-22.91,-10.61,-10.75,确定性/质量高
152,VRT,Vertiv,机电_冷却_工程_水处理_边缘工业AI,34.5131,回避,-3.33,-6.03,-6.58,1.13,54.63,23.95,27.83,36.52,23.72,50.22,91.01,85.90,-70.57,-40.00,-10.67,-19.90,质量短板
153,ENS,EnerSys,电力_发电_能源_储能,34.4497,回避,-5.81,-3.32,-0.96,0.91,23.46,46.74,52.22,27.25,61.35,50.34,58.99,65.04,-18.82,-23.54,-1.78,6.50,估值压力
154,PNR,Pentair plc,机电_冷却_工程_水处理_边缘工业AI,34.3577,回避,-9.64,-7.29,-6.26,-6.82,28.33,40.35,49.49,11.52,26.98,63.37,92.13,-31.70,-42.43,-20.03,-16.69,-5.71,IV高；估值压力；质量短板
155,TEL,TE Connectivity,AI网络_光互联_连接器,34.2224,回避,-10.86,-8.71,-8.95,-11.73,39.42,34.64,35.42,11.24,34.42,50.34,48.31,-7.11,-50.44,-21.48,-18.05,-10.91,IV高；估值压力；质量短板
156,IFNNY,Infineon Technologies AG 英飞凌科技,配电_电源_功率器件,34.0914,回避,4.47,8.27,10.17,11.44,17.17,54.72,35.27,76.12,69.21,19.78,11.80,121.76,-66.26,-35.06,-24.09,-7.11,确定性/质量高；估值相对友好
157,BELFB,Bel Fuse Inc,AI网络_光互联_连接器,33.8819,回避,3.41,5.26,12.03,15.67,14.15,72.15,56.87,45.79,72.37,44.49,52.25,83.46,-53.60,-26.03,-15.70,-11.87,确定性/质量高
158,FCEL,FuelCell Energy,电力_发电_能源_储能,33.7436,回避,2.41,7.53,23.46,50.95,13.86,54.18,57.88,78.93,71.71,25.62,23.60,280.87,-98.87,-48.08,-27.56,-23.23,确定性/质量高；估值相对友好
159,MTRN,Materion,半导体材料_化学品_基板,33.7020,回避,-4.27,-1.81,0.30,2.08,22.12,49.81,49.47,27.25,49.92,45.96,37.08,83.82,-45.03,-27.91,-14.93,-2.19,估值压力
160,VISN,Vistance Networks,AI网络_光互联_连接器,32.7059,回避,-2.61,1.76,6.11,13.48,13.50,69.23,64.68,41.57,65.63,36.18,47.19,-36.05,-32.94,-37.08,-1.07,5.21,确定性/质量高
161,APLD,Applied Digital,云算力_IDC_AI软件平台,32.6322,回避,26.83,44.59,65.14,76.62,9.75,65.53,41.59,94.66,65.53,24.49,33.71,96.39,-117.36,-50.10,-29.35,-37.91,确定性/质量高；估值相对友好
162,MMM,3M,半导体材料_化学品_基板,32.2448,回避,-10.23,-5.31,-4.52,-6.05,29.31,38.54,36.07,20.22,37.75,56.07,84.83,-9.15,-28.62,-14.70,-13.91,-0.01,IV高；估值压力
163,CIEN,Ciena Corporation,AI网络_光互联_连接器,32.1944,回避,7.10,12.93,16.92,20.07,10.25,67.22,44.04,81.18,62.28,17.64,30.34,190.62,-40.97,-37.50,3.30,-6.77,估值相对友好
164,PLAB,Photronics,封测_检测_计量_光罩,30.3247,回避,-7.62,-7.32,-3.86,-0.64,20.26,43.60,56.42,10.11,41.35,55.28,100.00,135.62,-55.95,-24.90,-15.13,-15.92,估值压力
165,NVTS,Navitas Semiconductor,配电_电源_功率器件,29.9683,回避,7.85,14.37,30.48,47.99,9.07,54.40,51.55,90.73,63.51,18.76,3.93,246.28,-117.17,-52.06,-20.75,-44.36,估值相对友好
166,WOLF,Wolfspeed,配电_电源_功率器件,29.8623,回避,4.11,6.81,14.05,20.18,11.95,46.09,56.67,73.60,53.51,35.28,67.98,208.59,缺失,缺失,-27.70,-45.80,估值相对友好
167,TT,Trane Technologies,机电_冷却_工程_水处理_边缘工业AI,29.8417,回避,-8.45,-4.05,-2.59,-3.28,22.75,40.59,38.24,19.94,33.63,48.31,77.53,9.06,-32.63,-14.03,-12.19,-6.41,IV高；估值压力；质量短板
168,INTC,Intel Corporation 英特尔,AI计算芯片_EDA_IP_custom_ASIC,29.5827,回避,2.87,6.09,9.58,11.67,14.01,42.49,37.49,72.47,51.37,27.98,66.29,230.81,-61.32,-30.51,-12.14,-18.67,估值相对友好
169,IMOS,ChipMOS Technologies 南茂科技,封测_检测_计量_光罩,29.3382,核心,1.56,5.02,9.93,13.65,10.14,66.74,59.15,48.60,66.40,38.31,26.40,109.69,-18.37,-34.27,-16.70,32.60,确定性/质量高
170,LITE,Lumentum,AI网络_光互联_连接器,27.5627,回避,15.75,15.91,26.46,36.02,9.61,58.88,38.90,58.71,61.24,24.83,62.36,192.69,-35.11,-34.48,-9.48,8.85,综合分中性
171,POWI,Power Integrations,配电_电源_功率器件,27.4170,回避,-2.30,-0.88,2.33,2.24,16.19,32.81,43.51,45.22,40.56,31.01,19.10,157.63,-63.92,-36.84,-1.60,-25.48,综合分中性
172,AAOI,Applied Optoelectronics,AI网络_光互联_连接器,25.4569,回避,28.59,47.90,69.50,87.56,5.37,57.89,42.67,81.74,66.43,26.97,60.67,603.29,-59.58,-61.09,46.58,-45.07,确定性/质量高；估值相对友好
173,POET,POET Technologies,AI网络_光互联_连接器,25.1620,回避,61.63,67.10,73.58,64.05,5.79,48.67,45.03,90.17,40.70,31.01,53.37,174.38,-88.77,-31.99,-20.13,-36.65,估值相对友好
174,VIAV,VIAVI Solutions,AI网络_光互联_连接器,24.7244,回避,4.78,7.36,11.48,13.23,7.75,45.72,51.59,67.98,42.68,33.93,62.92,195.41,-1.98,-18.97,3.11,13.88,估值相对友好
175,CEG,Constellation Energy,电力_发电_能源_储能,24.5586,回避,4.07,10.05,13.39,14.61,9.09,59.34,37.41,33.43,70.80,37.87,74.72,-19.61,-62.45,-40.23,-8.36,-13.86,确定性/质量高；估值压力
176,CRWV,CoreWeave,云算力_IDC_AI软件平台,23.6680,回避,29.95,37.58,46.84,50.00,5.67,46.65,37.49,81.74,61.15,28.20,59.55,40.36,缺失,缺失,-29.45,-50.54,估值相对友好
177,TER,Teradyne,封测_检测_计量_光罩,22.4611,回避,-1.87,0.79,4.99,6.26,9.48,40.11,43.22,40.45,36.29,23.82,15.17,109.52,-72.43,-42.67,-19.39,-10.37,综合分中性
178,KLIC,Kulicke Soffa,封测_检测_计量_光罩,19.4703,回避,3.59,9.49,15.97,20.05,6.31,41.03,43.02,41.57,49.68,39.66,47.75,134.90,-52.57,-35.79,-15.07,-1.71,综合分中性
179,POWL,Powell Industries,配电_电源_功率器件,18.2221,回避,-1.93,1.64,7.36,11.09,6.63,34.16,39.34,39.04,45.28,33.15,39.33,175.90,-49.58,-13.20,-8.46,-27.92,综合分中性
