scheme_id,scheme,family,version,generation_date,source,ranked_count,valid_count,coverage_pct,start_trade_date,end_trade_date,trading_days,universe_mean_pct,universe_median_pct,universe_5d_mean_pct,universe_10d_mean_pct,top10_mean_pct,top10_universe_excess_pct,bottom10_mean_pct,top10_bottom10_spread_pct,top20_mean_pct,bottom20_mean_pct,top20_bottom20_spread_pct,q1_mean_pct,q5_mean_pct,q1_q5_spread_pct,spearman_rank_ic,top10_5d_mean_pct,top10_10d_mean_pct,top10_10d_universe_excess_pct,top10_bottom10_10d_spread_pct,spearman_10d_rank_ic,positive_rate_pct,top10_above_universe_median_pct,spy_pct,qqq_pct,soxx_pct,spy_5d_pct,spy_10d_pct,top10_spy_10d_excess_pct,top10_spy_excess_pct,top10_qqq_excess_pct,top10_soxx_excess_pct,top20_spy_excess_pct,top10_max_drawdown_pct,top10_ann_vol_pct,top20_max_drawdown_pct,top20_ann_vol_pct,top10_tickers,top20_tickers,verdict
1,01_投资排序_双源_财报事件右尾弹性,双源/高弹性/激进,R02_2026-06-21_资料更新重跑,2026-06-21,01_投资排序_双源_财报事件右尾弹性\迭代版本\R02_2026-06-21_资料更新重跑\02_排序结果.md,180,180,100.0,2026-06-22,2026-07-10,14,-10.676797581308032,-11.3071311687334,-4.95604889561832,-13.623039887205053,-19.65088211419929,-8.974084532891263,-3.650273240825064,-16.00060887337423,-18.4891460295686,-1.3841844728769828,-17.104961556691617,-19.3835285505368,-1.9272444077317976,-17.456284142805004,-0.4910419045855324,-7.075246137497016,-21.836592731926903,-8.213552844721853,-17.093372771158478,-0.5680422235254174,22.22222222222222,20.0,1.4186108559746111,-1.6857513700963556,-11.247153755179518,-0.4554083990552349,0.4460037425121577,-22.282596474439064,-21.069492970173904,-17.96513074410294,-8.403728359019777,-19.907756885543208,-22.00814912933342,97.47230671892048,-22.181346633229083,85.23671882437594,"FCEL,AEHR,BE,VRT,SNDK,CRWV,NBIS,AMD,COHR,VICR","FCEL,AEHR,BE,VRT,SNDK,CRWV,NBIS,AMD,COHR,VICR,SIMO,CRDO,ICHR,KLIC,TER,TSEM,SMR,APLD,CAMT,MU",D：当前未通过
2,02_历史分析_八句话_S08_反脆弱弹性,反脆弱成长,R07_2026-06-21_资料更新重跑,2026-06-21,02_历史分析_八句话_S08_反脆弱弹性\迭代版本\R07_2026-06-21_资料更新重跑\02_排序结果.md,180,180,100.0,2026-06-22,2026-07-10,14,-10.676797581308032,-11.3071311687334,-4.95604889561832,-13.623039887205053,-11.98633235288498,-1.3095347715769474,-3.7760176932804144,-8.210314659604565,-15.357468002060893,-3.920347875659457,-11.437120126401435,-13.211256824388384,-5.10065511677696,-8.110601707611423,-0.3224688004773809,-5.862531765365352,-19.75421916260417,-6.131179275399113,-14.758493617253638,-0.4479726740537259,22.22222222222222,40.0,1.4186108559746111,-1.6857513700963556,-11.247153755179518,-0.4554083990552349,0.4460037425121577,-20.200222905116323,-13.40494320885959,-10.300580982788624,-0.739178597705461,-16.776078858035504,-19.75421916260418,95.0486287464466,-21.380486619826755,84.70079264231411,"COHR,SNDK,PENG,ACMR,SMCI,BELFB,MU,CRDO,COHU,ADI","COHR,SNDK,PENG,ACMR,SMCI,BELFB,MU,CRDO,COHU,ADI,CIEN,ENPH,FLNC,KLIC,DIOD,FN,POWL,MRVL,FORM,LITE",D：当前未通过
3,03_历史分析_八句话_S10_风险调整动量,风险调整动量,R06_2026-06-21_资料更新重跑,2026-06-21,03_历史分析_八句话_S10_风险调整动量\迭代版本\R06_2026-06-21_资料更新重跑\02_排序结果.md,180,180,100.0,2026-06-22,2026-07-10,14,-10.676797581308032,-11.3071311687334,-4.95604889561832,-13.623039887205053,-25.697875246111817,-15.021077664803784,-7.304394873679111,-18.393480372432705,-21.481364199759582,-7.599629360125,-13.881734839634582,-18.7527130637608,-6.624166869903728,-12.12854619385707,-0.3879893412348117,-11.283351381239587,-28.2697929725578,-14.646753085352746,-19.88202130471848,-0.4246386205335555,22.22222222222222,10.0,1.4186108559746111,-1.6857513700963556,-11.247153755179518,-0.4554083990552349,0.4460037425121577,-28.71579671506996,-27.116486102086427,-24.012123876015465,-14.4507214909323,-22.899975055734195,-28.269792972557784,88.56499727364213,-24.88886209076724,74.67826819901164,"NBIS,MU,AAOI,IREN,BE,APLD,AEHR,LWLG,ALAB,MRVL","NBIS,MU,AAOI,IREN,BE,APLD,AEHR,LWLG,ALAB,MRVL,AVGO,SMCI,RMBS,KLIC,SMR,LRCX,MPWR,NVTS,ENPH,SMTC",D：当前未通过
4,04_投资排序_非常激进,双源/高弹性/激进,R02_2026-06-21_资料更新重跑,2026-06-21,04_投资排序_非常激进\迭代版本\R02_2026-06-21_资料更新重跑\02_排序结果.md,180,180,100.0,2026-06-22,2026-07-10,14,-10.676797581308032,-11.3071311687334,-4.95604889561832,-13.623039887205053,-11.097826152077136,-0.4210285707691046,-16.710053095632517,5.612226943555381,-11.763084236459123,-17.567747195488867,5.804662959029743,-10.093185885020734,-15.451612600718668,5.358426715697933,0.1881601283990246,-8.239786621535663,-16.262234946741188,-2.639195059536135,1.2536148184268328,0.2173667911561056,22.22222222222222,30.0,1.4186108559746111,-1.6857513700963556,-11.247153755179518,-0.4554083990552349,0.4460037425121577,-16.708238689253346,-12.516437008051748,-9.41207478198078,0.1493276031023818,-13.181695092433737,-16.262234946741195,46.52710393277747,-14.3510788739715,38.98630436725908,"SMCI,AAOI,PLAB,VISN,SANM,PSIX,BABA,HPE,ENS,ATKR","SMCI,AAOI,PLAB,VISN,SANM,PSIX,BABA,HPE,ENS,ATKR,IREN,DTE,TEL,ALLE,CC,BDC,MU,JBL,MYRG,FN",C：结果混合
5,05_投资排序_双源_激进成长,双源/高弹性/激进,R02_2026-06-21_资料更新重跑,2026-06-21,05_投资排序_双源_激进成长\迭代版本\R02_2026-06-21_资料更新重跑\02_排序结果.md,180,180,100.0,2026-06-22,2026-07-10,14,-10.676797581308032,-11.3071311687334,-4.95604889561832,-13.623039887205053,-22.01807252556593,-11.341274944257902,-11.837154003808628,-10.180918521757306,-19.25782709093216,-10.894460314414916,-8.363366776517244,-16.57274588666233,-11.329906385919648,-5.242839500742681,-0.1020833976357294,-9.199418094227626,-22.36725078699088,-8.744210899785827,-7.779390729887643,-0.0583865757173575,22.22222222222222,10.0,1.4186108559746111,-1.6857513700963556,-11.247153755179518,-0.4554083990552349,0.4460037425121577,-22.81325452950304,-23.436683381540547,-20.33232115546958,-10.770918770386416,-20.676437946906773,-22.977130038303685,84.43475012481132,-20.65039864479029,65.47693994637253,"BE,SMCI,AAOI,FCEL,AEHR,CMI,MRVL,MOD,PLAB,LWLG","BE,SMCI,AAOI,FCEL,AEHR,CMI,MRVL,MOD,PLAB,LWLG,NBIS,IREN,MYRG,KLIC,UMC,GFS,MU,SMR,ASGLY,TT",D：当前未通过
6,06_投资排序_极简迭代22轮,极简/未来收入台阶,R22_2026-06-21_资料更新重跑,2026-06-21,06_投资排序_极简迭代22轮\迭代版本\R22_2026-06-21_资料更新重跑\02_排序结果.md,180,180,100.0,2026-06-22,2026-07-10,14,-10.676797581308032,-11.3071311687334,-4.95604889561832,-13.623039887205053,-5.1337172064270575,5.543080374880974,-25.60689978327376,20.4731825768467,-4.204574580832145,-20.779467593093333,16.57489301226119,-3.7284890175896623,-19.30783913478839,15.579350117198729,0.4731298291099519,-6.750056664705691,-10.8047138611118,2.818326026093253,13.87342380219932,0.4258114962395958,22.22222222222222,70.0,1.4186108559746111,-1.6857513700963556,-11.247153755179518,-0.4554083990552349,0.4460037425121577,-11.250717603623958,-6.552328062401669,-3.447965836330702,6.1134365487524605,-5.623185436806756,-11.280252901570176,45.1630474066034,-8.42334025316479,37.88660618727924,"CEG,TSM,MU,NVDA,SNDK,SMCI,ET,HPE,META,CLS","CEG,TSM,MU,NVDA,SNDK,SMCI,ET,HPE,META,CLS,AVGO,KLIC,MSFT,DELL,VST,ASMVY,ADBE,BDC,ORCL,SIMO",A：短窗初步有效
7,07_简单排序_01_未来收入台阶,极简/未来收入台阶,R02_2026-06-21_资料更新重跑,2026-06-21,07_简单排序_01_未来收入台阶\迭代版本\R02_2026-06-21_资料更新重跑\02_排序结果.md,180,180,100.0,2026-06-22,2026-07-10,14,-10.676797581308032,-11.3071311687334,-4.95604889561832,-13.623039887205053,-11.999657560839731,-1.322859979531701,-15.551390396349,3.5517328355092683,-12.873998581977506,-15.38371899974998,2.5097204177724723,-14.15555792932495,-14.778172224363937,0.6226142950389857,0.0521806228587302,-8.547428803075498,-17.978112128962156,-4.355072241757103,-0.8126255112784335,0.0017428521456423,22.22222222222222,50.0,1.4186108559746111,-1.6857513700963556,-11.247153755179518,-0.4554083990552349,0.4460037425121577,-18.424115871474317,-13.418268416814344,-10.313906190743378,-0.7525038056602149,-14.292609437952118,-17.978112128962152,67.96163058713854,-17.251634781704173,63.097196653303975,"CRWV,DIOD,SIMO,KLIC,NVDA,SNDK,VRT,FN,HPE,SANM","CRWV,DIOD,SIMO,KLIC,NVDA,SNDK,VRT,FN,HPE,SANM,CLS,PSIX,AMKR,FIX,MOD,MYRG,POWL,DELL,MCHP,IESC",C：结果混合
9,09_历史分析_十二句话_S04_反证惩罚优先,反证惩罚/压力短窗,R08_2026-06-21_资料更新重跑,2026-06-21,09_历史分析_十二句话_S04_反证惩罚优先\迭代版本\R08_2026-06-21_资料更新重跑\02_排序结果.md,180,180,100.0,2026-06-22,2026-07-10,14,-10.676797581308032,-11.3071311687334,-4.95604889561832,-13.623039887205053,-7.784760880296284,2.892036701011748,-28.43644752545555,20.651686645159263,-8.478063781719557,-24.72664883847992,16.248585056760362,-6.870758222756803,-21.015718926428235,14.144960703671432,0.3766700618331841,-2.465555527376624,-9.41724678288534,4.205793104319714,16.932187950452132,0.3920162144922168,22.22222222222222,50.0,1.4186108559746111,-1.6857513700963556,-11.247153755179518,-0.4554083990552349,0.4460037425121577,-9.863250525397495,-9.203371736270896,-6.099009510199929,3.4623928748832338,-9.896674637694169,-9.417246782885355,35.97948838871365,-10.590478714998442,40.462618335683416,"ALLE,GNRC,SANM,ADBE,ECL,ENS,VST,HUBB,LRCX,SMCI","ALLE,GNRC,SANM,ADBE,ECL,ENS,VST,HUBB,LRCX,SMCI,DIOD,ETR,MSI,MYRG,CMI,MTRN,ACLS,DCI,GFS,PLAB",B：有限正向
10,10_历史分析_十二句话_S02_预期兑现概率,赔率/兑现/防守,R08_2026-06-21_资料更新重跑,2026-06-21,10_历史分析_十二句话_S02_预期兑现概率\迭代版本\R08_2026-06-21_资料更新重跑\02_排序结果.md,180,180,100.0,2026-06-22,2026-07-10,14,-10.676797581308032,-11.3071311687334,-4.95604889561832,-13.623039887205053,-0.0915947398516815,10.58520284145635,-25.89705048386425,25.80545574401257,-3.027168470565957,-24.166210379768625,21.139041909202668,-1.2737491626740685,-18.22350748629357,16.949758323619502,0.4610924205479593,-2.1488097255153416,-3.104602632482618,10.518437254722436,24.009553457620825,0.4951407965266417,22.22222222222222,80.0,1.4186108559746111,-1.6857513700963556,-11.247153755179518,-0.4554083990552349,0.4460037425121577,-3.550606374994776,-1.5102055958262928,1.594156630244674,11.155559015327835,-4.445779326540569,-4.047329487016893,20.935454041700773,-6.183539241640446,28.89221878577975,"ETN,ORCL,AMZN,JBL,ADBE,HPE,NVDA,CSCO,GOOGL,TMO","ETN,ORCL,AMZN,JBL,ADBE,HPE,NVDA,CSCO,GOOGL,TMO,EME,BDC,META,SANM,FCEL,DOV,EQIX,ALLE,VST,PLAB",A：短窗初步有效
11,11_历史分析_十二句话_S03_风险调整赔率,赔率/兑现/防守,R08_2026-06-21_资料更新重跑,2026-06-21,11_历史分析_十二句话_S03_风险调整赔率\迭代版本\R08_2026-06-21_资料更新重跑\02_排序结果.md,180,180,100.0,2026-06-22,2026-07-10,14,-10.676797581308032,-11.3071311687334,-4.95604889561832,-13.623039887205053,2.7467389012347825,13.423536482542817,-23.17145475262585,25.91819365386063,-1.6561669609204326,-23.36972983067147,21.71356286975104,-2.0052774076110738,-21.064046342301047,19.05876893468997,0.5380947971645216,1.1115595328204264,1.7697954455528744,15.392835332757928,22.54086421791646,0.5452904925049127,22.22222222222222,90.0,1.4186108559746111,-1.6857513700963556,-11.247153755179518,-0.4554083990552349,0.4460037425121577,1.3237917030407167,1.3281280452601711,4.4324902713311385,13.9938926564143,-3.074777816895044,-1.027169439766373,10.537041053604254,-4.241766158684756,27.41868317364997,"CEG,PNR,AMZN,ADBE,ALLE,MMM,NTAP,ST,ET,TMO","CEG,PNR,AMZN,ADBE,ALLE,MMM,NTAP,ST,ET,TMO,MU,MSFT,DCI,PLAB,ASX,VISN,DOV,CMI,VST,SNDK",A：短窗初步有效
12,12_投资排序_普通9个月情景,赔率/兑现/防守,R02_2026-06-21_资料更新重跑,2026-06-21,12_投资排序_普通9个月情景\迭代版本\R02_2026-06-21_资料更新重跑\02_排序结果.md,180,180,100.0,2026-06-22,2026-07-10,14,-10.676797581308032,-11.3071311687334,-4.95604889561832,-13.623039887205053,-21.18430545797472,-10.507507876666685,-20.9151308919525,-0.2691745660222153,-14.521813281752994,-17.94840812844362,3.426594846690626,-9.317020554976688,-17.009576586905208,7.69255603192852,0.3053921417327695,-12.97933962487053,-23.703444116288047,-10.080404229082994,-0.5014613112119974,0.331981439756371,22.22222222222222,20.0,1.4186108559746111,-1.6857513700963556,-11.247153755179518,-0.4554083990552349,0.4460037425121577,-24.149447858800205,-22.60291631394933,-19.49855408787836,-9.937151702795198,-15.940424137727604,-23.70344411628804,57.01113875280242,-16.858288244594334,38.43717552440729,"ET,NBIS,CRWV,IREN,SMCI,POET,DLR,AXTI,JBL,FLNC","ET,NBIS,CRWV,IREN,SMCI,POET,DLR,AXTI,JBL,FLNC,SANM,ATKR,HPE,IESC,EQIX,VST,MSFT,ECL,CEG,ORCL",D：当前未通过
13,13_历史分析_八句话_S06_信息质量门控,信息质量门控,R07_2026-06-21_资料更新重跑,2026-06-21,13_历史分析_八句话_S06_信息质量门控\迭代版本\R07_2026-06-21_资料更新重跑\02_排序结果.md,180,180,100.0,2026-06-22,2026-07-10,14,-10.676797581308032,-11.3071311687334,-4.95604889561832,-13.623039887205053,-18.151355354843453,-7.474557773535421,-24.684935101642232,6.533579746798779,-15.575338520424022,-17.78808403264336,2.212745512219339,-13.19852656340445,-15.247120856122532,2.0485942927180822,0.0120621006821198,-10.097225990556488,-23.94761886583612,-10.324578978631065,1.306982980546067,-0.1011841929277652,22.22222222222222,10.0,1.4186108559746111,-1.6857513700963556,-11.247153755179518,-0.4554083990552349,0.4460037425121577,-24.393622608348277,-19.569966210818063,-16.465603984747098,-6.904201599663935,-16.993949376398632,-23.947618865836105,91.85353893840262,-21.516045589503264,83.63450177112614,"SIMO,CRDO,SNDK,MU,VICR,DIOD,QCOM,FORM,PLAB,TSEM","SIMO,CRDO,SNDK,MU,VICR,DIOD,QCOM,FORM,PLAB,TSEM,ALAB,WDC,RMBS,CAMT,SANM,AAON,AMAT,CIEN,POWI,HPE",C：结果混合
14,14_投资排序_一年5倍候选,一年5倍/右尾,R06_2026-06-21_资料更新重跑,2026-06-22,14_投资排序_一年5倍候选\迭代版本\R06_2026-06-21_资料更新重跑\02_排序结果.md,181,181,100.0,2026-06-22,2026-07-10,14,-10.772590148726476,-11.428571428571432,-5.014580785264824,-13.735283792321017,-16.487719718106007,-5.715129569379531,-12.667275877177346,-3.820443840928661,-16.044312133493822,-6.622514754973466,-9.421797378520356,-13.995777020414785,-8.185337087604886,-5.8104399328098975,-0.1834982696861149,-10.85285872780125,-23.132323590463734,-9.39703979814272,-7.091023744196168,-0.2229433549875538,22.099447513812155,30.0,1.4186108559746111,-1.6857513700963556,-11.247153755179518,-0.4554083990552349,0.4460037425121577,-23.578327332975896,-17.90633057408062,-14.801968348009652,-5.240565962926489,-17.46292298946843,-23.13232359046373,72.91211383641524,-20.66164346896222,63.3804922253999,"IREN,CRWV,AAOI,APLD,NBIS,ICHR,IMOS,SMCI,NVT,BELFB","IREN,CRWV,AAOI,APLD,NBIS,ICHR,IMOS,SMCI,NVT,BELFB,KLIC,CEG,ET,BE,COHU,LFUS,SMTC,FN,AAON,SITM",D：当前未通过
15,15_反证惩罚_短窗确认,反证惩罚/压力短窗,R01_2026-06-21_资料更新重跑,2026-06-21,15_反证惩罚_短窗确认\迭代版本\R01_2026-06-21_资料更新重跑\02_排序结果.md,180,180,100.0,2026-06-22,2026-07-10,14,-10.676797581308032,-11.3071311687334,-4.95604889561832,-13.623039887205053,2.0302227461412814,12.707020327449314,-26.44301821726012,28.4732409634014,1.174372438165142,-23.28589133286774,24.460263771032885,-1.4946979149010446,-21.747339916296944,20.2526420013959,0.5159315616737142,1.59680052692457,0.2120144738509746,13.835054361056027,25.094377059936903,0.5427739539286192,22.22222222222222,80.0,1.4186108559746111,-1.6857513700963556,-11.247153755179518,-0.4554083990552349,0.4460037425121577,-0.233989268661183,0.6116118901666701,3.715974116237637,13.277376501320798,-0.2442384178094692,-2.3819293046460466,18.67057980600316,-2.1985182643059265,13.684858959928617,"ALLE,META,ADBE,MYRG,PNR,ENS,VST,AMZN,NTAP,NDSN","ALLE,META,ADBE,MYRG,PNR,ENS,VST,AMZN,NTAP,NDSN,MSI,ECL,HUBB,SANM,ET,VISN,APD,TEL,TMO,MSFT",A：短窗初步有效
16,16_反证惩罚_压力防守,反证惩罚/压力短窗,R01_2026-06-21_资料更新重跑,2026-06-21,16_反证惩罚_压力防守\迭代版本\R01_2026-06-21_资料更新重跑\02_排序结果.md,180,180,100.0,2026-06-22,2026-07-10,14,-10.676797581308032,-11.3071311687334,-4.95604889561832,-13.623039887205053,-2.1273806513696645,8.549416929938367,-28.73700623407241,26.609625582702748,-4.007656715981017,-26.216058000026965,22.208401284045948,-3.28280076196704,-19.240589661798825,15.957788899831788,0.4851487185818492,-3.429185707236372,-4.472487087813944,9.150552799391107,23.209387095101825,0.4770003189398849,22.22222222222222,80.0,1.4186108559746111,-1.6857513700963556,-11.247153755179518,-0.4554083990552349,0.4460037425121577,-4.9184908303261015,-3.545991507344276,-0.4416292812733089,9.119773103809854,-5.426267571955628,-4.4999637502803775,17.5814131241606,-6.073921463502641,29.341437783948045,"LIN,HPE,FIX,CEG,TEL,BWXT,MSFT,CSCO,ET,MSI","LIN,HPE,FIX,CEG,TEL,BWXT,MSFT,CSCO,ET,MSI,GNRC,JCI,TDY,ENS,APH,CAT,MKSI,GFS,TMO,NTAP",A：短窗初步有效
17,17_预期兑现概率_均衡版,赔率/兑现/防守,R01_2026-06-21_资料更新重跑,2026-06-21,17_预期兑现概率_均衡版\迭代版本\R01_2026-06-21_资料更新重跑\02_排序结果.md,180,180,100.0,2026-06-22,2026-07-10,14,-10.676797581308032,-11.3071311687334,-4.95604889561832,-13.623039887205053,-2.5892214337263675,8.087576147581665,-21.021074646370533,18.431853212644164,-2.093049948425078,-16.721492536310755,14.628442587885676,-2.6529080794652744,-14.799985385761842,12.147077306296566,0.3438871570110188,-3.707582501906692,-5.536730157578999,8.086309729626054,17.086263045497432,0.3439221375145323,22.22222222222222,80.0,1.4186108559746111,-1.6857513700963556,-11.247153755179518,-0.4554083990552349,0.4460037425121577,-5.982733900091157,-4.007832289700978,-0.903470063630012,8.657932321453151,-3.51166080439969,-5.914721948381163,27.620962496738937,-4.342822672952451,23.0408304945624,"ADBE,JBL,DCI,AMZN,BABA,CMI,CC,VRT,EME,HPE","ADBE,JBL,DCI,AMZN,BABA,CMI,CC,VRT,EME,HPE,KEYS,NVDA,TMO,ALLE,ECL,ETR,ENS,ATKR,VST,TDY",A：短窗初步有效
18,18_一年5倍候选_均衡右尾,一年5倍/右尾,R01_2026-06-21_资料更新重跑,2026-06-22,18_一年5倍候选_均衡右尾\迭代版本\R01_2026-06-21_资料更新重跑\02_排序结果.md,181,181,100.0,2026-06-22,2026-07-10,14,-10.772590148726476,-11.428571428571432,-5.014580785264824,-13.735283792321017,-14.61694787184472,-3.844357723118243,-14.840744751180456,0.2237968793357367,-14.862888765485602,-8.278119172954339,-6.584769592531263,-13.664094697441431,-7.992953866128468,-5.671140831312965,-0.1918847266913565,-6.501629229806947,-20.58182403908068,-6.846540246759663,-4.212124424543418,-0.2365369437192641,22.099447513812155,30.0,1.4186108559746111,-1.6857513700963556,-11.247153755179518,-0.4554083990552349,0.4460037425121577,-21.02782778159284,-16.03555872781933,-12.931196501748364,-3.369794116665201,-16.281499621460213,-20.581824039080686,79.40293027360966,-20.942777293608817,80.22885793522718,"BELFB,SMCI,IESC,PENG,MOD,AAOI,POWL,VIAV,FN,ACMR","BELFB,SMCI,IESC,PENG,MOD,AAOI,POWL,VIAV,FN,ACMR,VECO,UCTT,ACLS,ICHR,SANM,AAON,SIMO,SMTC,HUBB,MTSI",D：当前未通过
19,19_风险调整动量_进攻版,风险调整动量,R01_2026-06-21_资料更新重跑,2026-06-21,19_风险调整动量_进攻版\迭代版本\R01_2026-06-21_资料更新重跑\02_排序结果.md,180,180,100.0,2026-06-22,2026-07-10,14,-10.676797581308032,-11.3071311687334,-4.95604889561832,-13.623039887205053,-12.183032331131662,-1.50623474982363,-7.863127774376643,-4.319904556755018,-13.344804389665663,-8.666389786940893,-4.67841460272477,-12.318826925314596,-8.067240028993508,-4.251586896321088,-0.2674259493605769,-4.821560629365545,-18.932672244631387,-5.309632357426334,-11.02803829813206,-0.378190684897682,22.22222222222222,60.0,1.4186108559746111,-1.6857513700963556,-11.247153755179518,-0.4554083990552349,0.4460037425121577,-19.378675987143545,-13.601643187106273,-10.497280961035306,-0.9358785759521436,-14.763415245640276,-18.9326722446314,88.25325745432974,-18.73868775416708,75.50684316824757,"SNDK,MU,SIMO,IREN,AMD,LITE,ALAB,KLIC,VRT,TER","SNDK,MU,SIMO,IREN,AMD,LITE,ALAB,KLIC,VRT,TER,SITM,MRVL,AVGO,SMCI,COHR,CEG,NVDA,WDC,AMAT,BE",D：当前未通过
20,20_极简右尾_快速筛选,极简/未来收入台阶,R01_2026-06-21_资料更新重跑,2026-06-21,20_极简右尾_快速筛选\迭代版本\R01_2026-06-21_资料更新重跑\02_排序结果.md,180,180,100.0,2026-06-22,2026-07-10,14,-10.676797581308032,-11.3071311687334,-4.95604889561832,-13.623039887205053,-0.1870158572370802,10.489781724070951,-24.95900282020472,24.771986962967635,-0.8345329070157502,-22.709573407326587,21.87504050031084,-2.3277282519976272,-15.82514639395129,13.497418141953665,0.4245357366996924,-3.4468052900987365,-6.078205214558638,7.544834672646415,19.081463916798143,0.3750671317015957,22.22222222222222,100.0,1.4186108559746111,-1.6857513700963556,-11.247153755179518,-0.4554083990552349,0.4460037425121577,-6.524208957070796,-1.6056267132116917,1.4987355128592752,11.060137897942438,-2.2531437629903617,-6.284815519732656,36.619367517982575,-5.118545726023616,32.14050407729279,"CEG,NVDA,TSM,AVGO,SIMO,ADBE,KLIC,META,VRT,HPE","CEG,NVDA,TSM,AVGO,SIMO,ADBE,KLIC,META,VRT,HPE,SMCI,MSFT,ASMVY,NTAP,NVT,PNR,DELL,ALLE,AEP,AMD",A：短窗初步有效
21,21_信息质量门控_过滤器,信息质量门控,R01_2026-06-21_资料更新重跑,2026-06-21,21_信息质量门控_过滤器\迭代版本\R01_2026-06-21_资料更新重跑\02_排序结果.md,180,180,100.0,2026-06-22,2026-07-10,14,-10.676797581308032,-11.3071311687334,-4.95604889561832,-13.623039887205053,-12.303654298511,-1.626856717202967,-11.174349802409592,-1.1293044961014065,-11.592433757845416,-15.48840481713952,3.895971059294105,-11.979141713945006,-16.271992151842603,4.292850437897597,-0.0306984783480971,-10.12140398103929,-19.251142137667863,-5.628102250462813,-6.345367477824274,-0.1530294144881014,22.22222222222222,30.0,1.4186108559746111,-1.6857513700963556,-11.247153755179518,-0.4554083990552349,0.4460037425121577,-19.697145880180024,-13.72226515448561,-10.617902928414644,-1.056500543331481,-13.011044613820028,-19.251142137667863,75.1795398938225,-18.851205928046365,78.93789582215626,"DELL,CRDO,DIOD,ENPH,PLAB,MU,TSEM,LITE,SMCI,PENG","DELL,CRDO,DIOD,ENPH,PLAB,MU,TSEM,LITE,SMCI,PENG,SNDK,ONTO,TER,AMD,POWL,KLIC,BABA,AMKR,LRCX,CIEN",D：当前未通过
22,22_反证惩罚优先_扩展资料搜索版,反证惩罚/压力短窗,R01_2026-06-22_扩展资料重跑,2026-06-22,22_反证惩罚优先_扩展资料搜索版\迭代版本\R01_2026-06-22_扩展资料重跑\02_排序结果.md,180,180,100.0,2026-06-22,2026-07-10,14,-10.676797581308032,-11.3071311687334,-4.95604889561832,-13.623039887205053,-13.461212974195524,-2.7844153928874924,-15.999675067955351,2.5384620937598275,-14.514269917479812,-13.99989513775699,-0.5143747797228215,-12.324281907074845,-10.529220346920106,-1.795061560154739,-0.0622735269607086,-2.6158345712810176,-15.792407039946406,-2.169367152741353,2.568452306659518,-0.0666563782832803,22.22222222222222,50.0,1.4186108559746111,-1.6857513700963556,-11.247153755179518,-0.4554083990552349,0.4460037425121577,-16.238410782458566,-14.879823830170135,-11.775461604099169,-2.214059219016006,-15.932880773454425,-16.079894968336916,72.05052080763727,-18.14478835781117,72.91569271686285,"MU,VST,GNRC,CMI,KLIC,MRVL,AVGO,GLW,BE,LRCX","MU,VST,GNRC,CMI,KLIC,MRVL,AVGO,GLW,BE,LRCX,GFS,AJNMY,ENTG,MKSI,PLAB,ATEYY,AMKR,NBIS,POWI,MTRN",D：当前未通过
23,23_风险调整动量_扩展资料搜索版,风险调整动量,R01_2026-06-22_扩展资料重跑,2026-06-22,23_风险调整动量_扩展资料搜索版\迭代版本\R01_2026-06-22_扩展资料重跑\02_排序结果.md,180,180,100.0,2026-06-22,2026-07-10,14,-10.676797581308032,-11.3071311687334,-4.95604889561832,-13.623039887205053,-14.66512730655073,-3.988329725242698,-15.008971936312545,0.3438446297618132,-13.476196772970278,-11.814654368035187,-1.6615424049350889,-13.588757333714234,-6.46092263173176,-7.127834701982474,-0.2401967138903464,-4.507007441491056,-20.919596983657904,-7.296557096452851,-3.659417157110269,-0.3199172813975739,22.22222222222222,40.0,1.4186108559746111,-1.6857513700963556,-11.247153755179518,-0.4554083990552349,0.4460037425121577,-21.36560072617006,-16.083738162525343,-12.979375936454376,-3.417973551371212,-14.89480762894489,-20.919596983657907,89.95182576862648,-21.09502419286019,93.05784952553743,"MTRN,UMC,WDC,ARM,SNDK,STX,MU,VSH,ACMR,ALAB","MTRN,UMC,WDC,ARM,SNDK,STX,MU,VSH,ACMR,ALAB,MKSI,NBIS,ENTG,AMKR,SIMO,MRVL,PENG,AMAT,VECO,ICHR",D：当前未通过
24,24_一年5倍候选_扩展资料搜索版,一年5倍/右尾,R01_2026-06-22_扩展资料重跑,2026-06-22,24_一年5倍候选_扩展资料搜索版\迭代版本\R01_2026-06-22_扩展资料重跑\02_排序结果.md,181,181,100.0,2026-06-22,2026-07-10,14,-10.772590148726476,-11.428571428571432,-5.014580785264824,-13.735283792321017,-26.59836702872652,-15.825776880000042,-5.602860771328755,-20.995506257397764,-23.440172778017725,-6.060377372175231,-17.379795405842493,-18.56161605955649,-5.634482383938051,-12.92713367561844,-0.4146338008216461,-16.165791705248658,-30.324508668723603,-16.589224876402586,-22.677524190261675,-0.4523769048630927,22.099447513812155,0.0,1.4186108559746111,-1.6857513700963556,-11.247153755179518,-0.4554083990552349,0.4460037425121577,-30.77051241123576,-28.016977884701127,-24.912615658630163,-15.351213273547,-24.85878363399234,-30.324508668723617,79.65661882384131,-26.56175853449337,79.35190828449572,"APLD,IREN,AAOI,SMCI,NBIS,FLNC,CRWV,MRAM,CRDO,AEHR","APLD,IREN,AAOI,SMCI,NBIS,FLNC,CRWV,MRAM,CRDO,AEHR,SMTC,SITM,LWLG,POET,SMR,AMPX,VISN,MXL,AXTI,KLIC",D：当前未通过
