scheme_id,scheme,versions,median_10d_top10_universe_excess_pct,positive_10d_top10_universe_excess_rate_pct,median_10d_rank_ic,positive_10d_rank_ic_rate_pct,current_top10_universe_excess_pct,current_rank_ic,current_top10_bottom10_spread_pct
1,01_投资排序_双源_财报事件右尾弹性,2,-4.95034920857754,0.0,-0.2770734416018065,50.0,-8.974084532891263,-0.4910419045855324,-16.00060887337423
2,02_历史分析_八句话_S08_反脆弱弹性,6,3.3597874653670767,83.33333333333334,0.17464900717678317,83.33333333333334,-1.3095347715769474,-0.3224688004773809,-8.210314659604565
3,03_历史分析_八句话_S10_风险调整动量,6,1.4575621653774933,50.0,0.193468708806729,83.33333333333334,-15.021077664803784,-0.3879893412348117,-18.393480372432705
4,04_投资排序_非常激进,2,-1.7406332398252864,0.0,0.0033845024347055053,50.0,-0.4210285707691046,0.1881601283990246,5.612226943555381
5,05_投资排序_双源_激进成长,2,-4.394254061557065,0.0,-0.021060297671831353,50.0,-11.341274944257902,-0.1020833976357294,-10.180918521757306
6,06_投资排序_极简迭代22轮,6,4.683828624054117,100.0,0.1043625635553323,100.0,5.543080374880974,0.4731298291099519,20.4731825768467
7,07_简单排序_01_未来收入台阶,2,1.183922976337997,50.0,0.147395317465505,100.0,-1.322859979531701,0.0521806228587302,3.5517328355092683
9,09_历史分析_十二句话_S04_反证惩罚优先,6,1.4856594950170523,83.33333333333334,0.1751905923022315,100.0,2.892036701011748,0.3766700618331841,20.651686645159263
10,10_历史分析_十二句话_S02_预期兑现概率,4,2.5830127187673204,100.0,0.16214286449170234,100.0,10.58520284145635,0.4610924205479593,25.80545574401257
11,11_历史分析_十二句话_S03_风险调整赔率,5,3.21489494642155,80.0,0.196137740876776,100.0,13.423536482542817,0.5380947971645216,25.91819365386063
12,12_投资排序_普通9个月情景,2,-2.825387462429907,50.0,0.2666341195392237,100.0,-10.507507876666685,0.3053921417327695,-0.2691745660222153
13,13_历史分析_八句话_S06_信息质量门控,5,-0.6902975285410147,40.0,0.0880317201263783,80.0,-7.474557773535421,0.0120621006821198,6.533579746798779
14,14_投资排序_一年5倍候选,3,-4.593598967577175,0.0,0.148352315400681,66.66666666666666,-5.715129569379531,-0.1834982696861149,-3.820443840928661
15,15_反证惩罚_短窗确认,1,13.835054361056027,100.0,0.5427739539286192,100.0,12.707020327449314,0.5159315616737142,28.4732409634014
16,16_反证惩罚_压力防守,1,9.150552799391107,100.0,0.4770003189398849,100.0,8.549416929938367,0.4851487185818492,26.609625582702748
17,17_预期兑现概率_均衡版,1,8.086309729626054,100.0,0.3439221375145323,100.0,8.087576147581665,0.3438871570110188,18.431853212644164
18,18_一年5倍候选_均衡右尾,1,-6.846540246759663,0.0,-0.2365369437192641,0.0,-3.844357723118243,-0.1918847266913565,0.2237968793357367
19,19_风险调整动量_进攻版,1,-5.309632357426334,0.0,-0.378190684897682,0.0,-1.50623474982363,-0.2674259493605769,-4.319904556755018
20,20_极简右尾_快速筛选,1,7.544834672646415,100.0,0.3750671317015957,100.0,10.489781724070951,0.4245357366996924,24.771986962967635
21,21_信息质量门控_过滤器,1,-5.628102250462813,0.0,-0.1530294144881014,0.0,-1.626856717202967,-0.0306984783480971,-1.1293044961014065
22,22_反证惩罚优先_扩展资料搜索版,1,-2.169367152741353,0.0,-0.0666563782832803,0.0,-2.7844153928874924,-0.0622735269607086,2.5384620937598275
23,23_风险调整动量_扩展资料搜索版,1,-7.296557096452851,0.0,-0.3199172813975739,0.0,-3.988329725242698,-0.2401967138903464,0.3438446297618132
24,24_一年5倍候选_扩展资料搜索版,1,-16.589224876402586,0.0,-0.4523769048630927,0.0,-15.825776880000042,-0.4146338008216461,-20.995506257397764
