method_id,method_name,status,canonical_path,original_scheme_ids,primary_original_id,generation_date,evaluation_start,evaluation_end,trading_days,top10_return_pct,top10_universe_excess_pct,top10_bottom10_spread_pct,spearman_rank_ic,top10_max_drawdown_pct,role,next_action,current_run_id,current_run_date,current_result_path,current_evaluation_id,current_evaluation_path,current_evidence_type
01,风险调整赔率,常规研究：待新结果验证,01_暂时有效_核心\01_风险调整赔率_十二句话S03_原11,11,11,2026-06-21,2026-06-22,2026-07-10,14,2.7467389012347825,13.423536482542817,25.91819365386063,0.5380947971645216,-1.027169439766373,赔率和极简基准双判断；吸收04、06F、E04/E05，独立公司事实建模，不平均投票。,使用待运行注册表中的U01公司调研输入新入口；本行历史结果、收益及时间不归属于新版本。,R10_2026-07-12_独立自洽版,2026-07-13,01_暂时有效_核心/01_风险调整赔率_十二句话S03_原11/迭代版本/R10_2026-07-12_独立自洽版/02_排序结果.md,2026-07-13_26方案3月6月生成前历史回看,90_有效性评估/2026-07-13_26方案3月6月生成前历史回看/00_整体分析.md,生成前历史回看（非样本外）
02,预期兑现概率,常规研究：待新结果验证,01_暂时有效_核心\02_预期兑现概率_十二句话S02_原10,"10,17",10,2026-06-21,2026-06-22,2026-07-10,14,-0.0915947398516815,10.58520284145635,25.80545574401257,0.4610924205479593,-4.047329487016893,既有经营预期的兑现可靠性及价格采纳，独立重建经营和市场隐含要求。,使用待运行注册表中的U02公司调研输入新入口；本行历史结果、收益及时间不归属于新版本。,R10_2026-07-12_独立自洽版,2026-07-13,01_暂时有效_核心/02_预期兑现概率_十二句话S02_原10/迭代版本/R10_2026-07-12_独立自洽版/02_排序结果.md,2026-07-13_26方案3月6月生成前历史回看,90_有效性评估/2026-07-13_26方案3月6月生成前历史回看/00_整体分析.md,生成前历史回看（非样本外）
03,反证惩罚压力防守,已并入：停止独立运行,01_暂时有效_核心\03_反证惩罚_压力防守_原16,16,16,2026-06-21,2026-06-22,2026-07-10,14,-2.1273806513696645,8.549416929938367,26.609625582702748,0.4851487185818492,-4.4999637502803775,职责并入U08；旧结果仅作历史追溯。,不再独立入队或投票，原研究方案与结果保持只读。,R03_2026-07-12_独立自洽版,2026-07-13,01_暂时有效_核心/03_反证惩罚_压力防守_原16/迭代版本/R03_2026-07-12_独立自洽版/02_排序结果.md,2026-07-13_26方案3月6月生成前历史回看,90_有效性评估/2026-07-13_26方案3月6月生成前历史回看/00_整体分析.md,生成前历史回看（非样本外）
04,极简基准兑现,已并入：停止独立运行,02_暂时有效_辅助\04_极简基准兑现_迭代实验_原06,"06,20",06,2026-06-21,2026-06-22,2026-07-10,14,-5.1337172064270575,5.543080374880974,20.4731825768467,0.4731298291099519,-11.280252901570176,极简基准判断并入U01；本行结果及收益仅为历史证据。,不再独立入队或计票；使用U01双判断新方案，原研究方案和结果保留。,R23_2026-07-12_独立自洽版,2026-07-13,02_暂时有效_辅助/04_极简基准兑现_迭代实验_原06/迭代版本/R23_2026-07-12_独立自洽版/02_排序结果.md,2026-07-13_26方案3月6月生成前历史回看,90_有效性评估/2026-07-13_26方案3月6月生成前历史回看/00_整体分析.md,生成前历史回看（非样本外）
05,反证惩罚优先,已并入：停止独立运行,02_暂时有效_辅助\05_反证惩罚优先_原09,"09,15",09,2026-06-21,2026-06-22,2026-07-10,14,-7.784760880296284,2.892036701011748,20.651686645159263,0.3766700618331841,-9.417246782885355,职责并入U08；旧结果仅作历史追溯。,不再独立入队或投票，原研究方案与结果保持只读。,R10_2026-07-12_独立自洽版,2026-07-13,02_暂时有效_辅助/05_反证惩罚优先_原09/迭代版本/R10_2026-07-12_独立自洽版/02_排序结果.md,2026-07-13_26方案3月6月生成前历史回看,90_有效性评估/2026-07-13_26方案3月6月生成前历史回看/00_整体分析.md,生成前历史回看（非样本外）
06,双源三视图,常规研究：待新结果验证,02_暂时有效_辅助\06_双源三视图_原01,"01,05",01,2026-06-21,2026-06-22,2026-07-10,14,-19.65088211419929,-8.974084532891263,-16.00060887337423,-0.4910419045855324,-22.00814912933342,仅事件右尾与重估；06F并入U01，06G并入U07；旧三视图成绩不归给新方案。,使用待运行注册表中的U06公司调研输入新入口；本行历史结果、收益及时间不归属于新版本。,R03_2026-07-12_独立自洽版,2026-07-13,02_暂时有效_辅助/06_双源三视图_原01/迭代版本/R03_2026-07-12_独立自洽版/02_排序结果.md,2026-07-13_26方案3月6月生成前历史回看,90_有效性评估/2026-07-13_26方案3月6月生成前历史回看/00_整体分析.md,生成前历史回看（非样本外）
07,未来收入台阶,常规研究：待新结果验证,02_暂时有效_辅助\07_未来收入台阶_原07,07,07,2026-06-21,2026-06-22,2026-07-10,14,-11.999657560839731,-1.322859979531701,3.5517328355092683,0.0521806228587302,-17.978112128962152,收入与现金双判断，加入经营非线性及主评分漏选挑战；吸收06G，不新增成长票。,使用待运行注册表中的U07公司调研输入新入口；本行历史结果、收益及时间不归属于新版本。,R03_2026-07-12_独立自洽版,2026-07-13,02_暂时有效_辅助/07_未来收入台阶_原07/迭代版本/R03_2026-07-12_独立自洽版/02_排序结果.md,2026-07-13_26方案3月6月生成前历史回看,90_有效性评估/2026-07-13_26方案3月6月生成前历史回看/00_整体分析.md,生成前历史回看（非样本外）
08,信息质量门控,已并入：停止独立运行,02_暂时有效_辅助\08_信息质量门控_原13,"13,21",13,2026-06-21,2026-06-22,2026-07-10,14,-18.151355354843453,-7.474557773535421,6.533579746798779,0.0120621006821198,-23.947618865836105,职责并入U08；旧结果仅作历史追溯。,不再独立入队或投票，原研究方案与结果保持只读。,R09_2026-07-12_独立自洽版,2026-07-13,02_暂时有效_辅助/08_信息质量门控_原13/迭代版本/R09_2026-07-12_独立自洽版/02_排序结果.md,2026-07-13_26方案3月6月生成前历史回看,90_有效性评估/2026-07-13_26方案3月6月生成前历史回看/00_整体分析.md,生成前历史回看（非样本外）
09,弹性成长,实验：暂停常规运行,03_观察_待更新\09_弹性成长_原02,02,02,2026-06-21,2026-06-22,2026-07-10,14,-11.98633235288498,-1.3095347715769474,-8.210314659604565,-0.3224688004773809,-19.75421916260418,价格弹性限定实验；公司经营及估值独立建模，价格门槛与权重保持。,使用待运行注册表中的X09公司调研输入新入口；本行历史结果、收益及时间不归属于新版本。,R09_2026-07-12_独立自洽版,2026-07-13,03_观察_待更新/09_弹性成长_原02/迭代版本/R09_2026-07-12_独立自洽版/02_排序结果.md,2026-07-13_26方案3月6月生成前历史回看,90_有效性评估/2026-07-13_26方案3月6月生成前历史回看/00_整体分析.md,生成前历史回看（非样本外）
10,风险调整动量,冻结：待重构,04_冻结_待重构\10_风险调整动量_原03,"03,19",03,2026-06-21,2026-06-22,2026-07-10,14,-25.697875246111817,-15.021077664803784,-18.393480372432705,-0.3879893412348117,-28.269792972557784,冻结的动量家族。原 19 是同提示词重复运行。,停止新投票和常规重跑；加入真实动量、波动和回撤输入后，以新 method_id 重启。,R08_2026-07-12_独立自洽版,2026-07-13,04_冻结_待重构/10_风险调整动量_原03/迭代版本/R08_2026-07-12_独立自洽版/02_排序结果.md,2026-07-13_26方案3月6月生成前历史回看,90_有效性评估/2026-07-13_26方案3月6月生成前历史回看/00_整体分析.md,生成前历史回看（非样本外）
11,九个月情景估值,冻结：待重构,04_冻结_待重构\11_九个月情景估值_原12,12,12,2026-06-21,2026-06-22,2026-07-10,14,-21.18430545797472,-10.507507876666685,-0.2691745660222153,0.3053921417327695,-23.70344411628804,保留为情景估值输出，不作为当前买入排名。,冻结排序；下一版本固定情景概率规则，并把估值表与买入排序拆开。,R03_2026-07-12_独立自洽版,2026-07-13,04_冻结_待重构/11_九个月情景估值_原12/迭代版本/R03_2026-07-12_独立自洽版/02_排序结果.md,2026-07-13_26方案3月6月生成前历史回看,90_有效性评估/2026-07-13_26方案3月6月生成前历史回看/00_整体分析.md,生成前历史回看（非样本外）
12,一年五倍候选,冻结：待重构,04_冻结_待重构\12_一年五倍候选_原14,14,14,2026-06-22,2026-06-22,2026-07-10,14,-16.487719718106007,-5.715129569379531,-3.820443840928661,-0.1834982696861149,-23.13232359046373,保留右尾研究资料，暂停作为综合排名。,冻结；分开 v1 特征模型与 v2 file-run，补融资/稀释/现金/估值/客户集中硬否决，并改用 Top-K 大赢家捕获率。,R08_2026-07-12_独立自洽版,2026-07-13,04_冻结_待重构/12_一年五倍候选_原14/迭代版本/R08_2026-07-12_独立自洽版/02_排序结果.md,2026-07-13_26方案3月6月生成前历史回看,90_有效性评估/2026-07-13_26方案3月6月生成前历史回看/00_整体分析.md,生成前历史回看（非样本外）
13,反证惩罚扩展搜索,冻结：待验证,04_冻结_待重构\13_反证惩罚扩展搜索_原22,22,22,2026-06-22,2026-06-22,2026-07-10,14,-13.461212974195524,-2.7844153928874924,2.5384620937598275,-0.0622735269607086,-16.079894968336916,扩展资料实验分支，暂不投票。,冻结 R01；完整执行一次扩展来源并记录逐公司来源覆盖，仍失败则退出。,R02_2026-07-12_独立自洽版,2026-07-13,04_冻结_待重构/13_反证惩罚扩展搜索_原22/迭代版本/R02_2026-07-12_独立自洽版/02_排序结果.md,2026-07-13_26方案3月6月生成前历史回看,90_有效性评估/2026-07-13_26方案3月6月生成前历史回看/00_整体分析.md,生成前历史回看（非样本外）
14,动量扩展搜索,冻结：实验,04_冻结_待重构\14_动量扩展搜索_原23,23,23,2026-06-22,2026-06-22,2026-07-10,14,-14.66512730655073,-3.988329725242698,0.3438446297618132,-0.2401967138903464,-20.919596983657907,仅保留为方法实验，不参与当前投票。,冻结；加入趋势反转、拥挤和损失门槛，今后只看排序生成后的未见窗口。,R02_2026-07-12_独立自洽版,2026-07-13,04_冻结_待重构/14_动量扩展搜索_原23/迭代版本/R02_2026-07-12_独立自洽版/02_排序结果.md,2026-07-13_26方案3月6月生成前历史回看,90_有效性评估/2026-07-13_26方案3月6月生成前历史回看/00_整体分析.md,生成前历史回看（非样本外）
15,非常激进,退出：保留历史,05_退出与历史备份\15_非常激进_原04,04,04,2026-06-21,2026-06-22,2026-07-10,14,-11.097826152077136,-0.4210285707691046,5.612226943555381,0.1881601283990246,-16.262234946741195,退出一般排序和综合投票，仅保留历史资料。,退出；只有在写出明确公式、门槛和风险约束的新方法后才可重新进入观察。,R03_2026-07-12_独立自洽版,2026-07-13,05_退出与历史备份/15_非常激进_原04/迭代版本/R03_2026-07-12_独立自洽版/02_排序结果.md,2026-07-13_26方案3月6月生成前历史回看,90_有效性评估/2026-07-13_26方案3月6月生成前历史回看/00_整体分析.md,生成前历史回看（非样本外）
16,均衡右尾,退出：保留历史,05_退出与历史备份\16_均衡右尾_原18,18,18,2026-06-22,2026-06-22,2026-07-10,14,-14.61694787184472,-3.844357723118243,0.2237968793357367,-0.1918847266913565,-20.581824039080686,退出一般排序和综合投票。,退出并保留全部方案与结果；不再安排常规 file-run。,R03_2026-07-12_独立自洽版,2026-07-13,05_退出与历史备份/16_均衡右尾_原18/迭代版本/R03_2026-07-12_独立自洽版/02_排序结果.md,2026-07-13_26方案3月6月生成前历史回看,90_有效性评估/2026-07-13_26方案3月6月生成前历史回看/00_整体分析.md,生成前历史回看（非样本外）
17,一年五倍扩展搜索,退出：仅候选池,05_退出与历史备份\17_一年五倍扩展搜索_原24,24,24,2026-06-22,2026-06-22,2026-07-10,14,-26.59836702872652,-15.825776880000042,-20.995506257397764,-0.4146338008216461,-30.324508668723617,退出一般排名；仅可作为高失败率右尾候选池。,退出综合投票；如继续，只做右尾候选发现并对全体公司实施对称资料覆盖。,R02_2026-07-12_独立自洽版,2026-07-13,05_退出与历史备份/17_一年五倍扩展搜索_原24/迭代版本/R02_2026-07-12_独立自洽版/02_排序结果.md,2026-07-13_26方案3月6月生成前历史回看,90_有效性评估/2026-07-13_26方案3月6月生成前历史回看/00_整体分析.md,生成前历史回看（非样本外）
