path,size_bytes,modified,extension
outputs/README.md,329,2026-05-11T06:55:59.915657282,.md
outputs/_file_inventory.csv,2023,2026-05-15T20:36:52.611171007,.csv
outputs/legacy/monthly_market_metrics_root.csv,69754,2026-05-11T03:45:35.590691328,.csv
outputs/legacy/mpu_uncertainty/epumonetary_monthly_signal.csv,24765,2026-05-11T03:46:23.493898153,.csv
outputs/legacy/mpu_uncertainty/monthly_market_metrics.csv,69802,2026-05-11T03:46:23.478884220,.csv
outputs/research6_logit_probit_drawdown_probability/calibration_bins_dd3.csv,1194,2026-05-11T07:21:11.719044924,.csv
outputs/research6_logit_probit_drawdown_probability/calibration_dd3.svg,5719,2026-05-11T07:21:11.720050335,.svg
outputs/research6_logit_probit_drawdown_probability/coefficient_table_dd3_logit.csv,6842,2026-05-11T07:21:11.699530125,.csv
outputs/research6_logit_probit_drawdown_probability/current_probability_table.csv,1918,2026-05-11T07:21:11.691208839,.csv
outputs/research6_logit_probit_drawdown_probability/pe_r21_interaction_tests.csv,249,2026-05-11T07:21:11.699530125,.csv
outputs/research6_logit_probit_drawdown_probability/roc_pr_dd3.svg,209641,2026-05-11T07:21:11.738047600,.svg
outputs/research6_logit_probit_drawdown_probability/walk_forward_metrics_dd3.csv,312,2026-05-11T07:21:11.700533867,.csv
outputs/research6_logit_probit_drawdown_probability/walk_forward_predictions_dd3.csv,341746,2026-05-11T07:21:11.716925859,.csv
outputs/six_week_momentum_backtests/README.md,5577,2026-05-11T18:37:27.965098143,.md
outputs/six_week_momentum_backtests/current_six_week_state.csv,416,2026-05-11T18:35:49.280708790,.csv
outputs/six_week_momentum_backtests/price_only_current_rank.csv,383,2026-05-11T18:36:32.299356461,.csv
outputs/six_week_momentum_backtests/price_only_long_history_summary.csv,11355,2026-05-11T18:36:32.298353672,.csv
outputs/six_week_momentum_backtests/price_only_top_6w_events_declust.csv,7180,2026-05-11T18:36:32.300371885,.csv
outputs/six_week_momentum_backtests/six_week_backtest_summary.csv,20786,2026-05-11T18:35:49.279235125,.csv
