variable_group,variable,status,available_proxy,remaining_gap,likely_source
valuation,forward PE,not_done,trailing PE and earnings yield from Multpl; current Yahoo ETF trailingPE snapshot can be queried but is not historical forward PE,Needs licensed point-in-time consensus forward EPS/price history.,"FactSet, IBES, Bloomberg, LSEG, S&P Capital IQ"
valuation,EV/Sales,not_done,S&P 500 P/S from Multpl with conservative lag.,Historical index-level EV/Sales is not available from the public sources used here.,"FactSet, Bloomberg, S&P Capital IQ"
earnings,forward EPS / EPS revision / earnings growth expectation,not_done,None suitable for point-in-time modeling.,Needs analyst estimate history with publication timestamps.,"FactSet, IBES, Bloomberg, LSEG"
earnings,Mag 7 EPS contribution,not_done,Mag 7 price return and IVV current holdings weight proxies are available.,Needs point-in-time EPS contribution or constituent-level EPS estimates and index weights.,"FactSet, Bloomberg, S&P Capital IQ"
credit,CDX,not_done,"HY_OAS, IG_OAS, BBB_OAS, HYG/LQD and HYG/Treasury ETF spread proxies.",CDX index history is not available from the public sources used here.,"Markit/IHS, Bloomberg, LSEG"
market breadth,advance-decline,proxy_done,advance/decline counts and A-D line using current IVV/S&P 500 holdings from 2010 onward.,True exchange breadth or point-in-time S&P 500 membership breadth still requires vendor data.,"NYSE/Nasdaq data, Bloomberg, Refinitiv, CRSP/Compustat, Norgate"
market breadth,% above 20/50/200dma for S&P 500 members,proxy_done,current-constituent % above 20/50/200dma from 2010 onward.,Point-in-time constituent membership version still requires vendor data.,"CRSP/Compustat, Bloomberg, FactSet, Norgate"
concentration,Top 10 weight,proxy_done,Current IVV top-10/top-25/Mag7 weights and current-holdings backcast proxy from 2010 onward.,True historical S&P 500 point-in-time top-10 weights require historical index constituents and shares/float weights.,"S&P Dow Jones Indices, FactSet, Bloomberg"
macro events,NFP release surprise calendar,partial_done,Approximate NFP release calendar plus current-revised PAYEMS/UNRATE values.,Survey forecast surprise and exact historical release-date exceptions need an economic calendar or ALFRED/BLS access.,"Bloomberg ECO, Econoday, Investing.com, Refinitiv, ALFRED release dates"
macro events,FOMC policy surprise calendar,partial_done,"Fed FOMC calendar, target-rate changes, and ZQ 5-day implied-rate-change proxy from 2018 onward where available.",True high-frequency policy surprise requires futures/OIS ticks around statement release.,"Fed, CME FedWatch, Bloomberg, high-frequency Fed funds futures/OIS data"
macro events,fiscal/tariff/geopolitical event labels,partial_done,"Daily AI-GPR, GPR event-type monthly, daily US EPU, monthly trade/fiscal/monetary/healthcare EPU indexes.","Still needs hand-vetted event labels for specific tariff, fiscal, and geopolitical shocks if causal event studies require exact announcement timestamps.","GDELT, RavenPack, Bloomberg News, manual event file"
