list_id,best3,best3_contribution_pp,worst3,worst3_contribution_pp,top30_return,return_excluding_best
01,"SMCI,ATKR,PSIX",3.3406731600772748,"GNRC,IBM,PNR",-1.8972362468008628,0.024228287612601596,0.010191029857566671
02,"SMCI,MSFT,NTNX",3.147589632993243,"VECO,VSH,FLNC",-2.5264811552611586,0.009994978792112634,-0.004533082715352944
03,"ATEYY,NTNX,DELL",2.3463629901714196,"MOD,MKSI,PENG",-2.5286422356429226,-0.03264033667793843,-0.0421168504967462
04,"ATKR,MSFT,PSIX",2.8377897889959813,"IBM,PNR,CDNS",-2.067268647983775,0.02333644926228902,0.013359836589913396
05,"ATEYY,NTNX,RYCEY",1.8245745153531776,"MXL,PENG,ICHR",-3.344804587820943,-0.09443703158380137,-0.10604446591660442
06F,"SMCI,P,ORCL",3.196186377262113,"BESIY,ON,CRDO",-2.1058810804538455,0.0077038695781120785,-0.006903195695353532
06G,"SMCI,AEHR,AXTI",3.070089747087387,"VICR,CRDO,TE",-2.7663372584361214,-0.020260891151592433,-0.03583225851918579
06E,"SMCI,AEHR,SKHY",2.8708790828521256,"MXL,TE,PENG",-3.0825163508331945,-0.05971772791272413,-0.07664967585828755
07,"DELL,ORCL,SKHY",1.9936325004359445,"AMAT,AAON,PENG",-2.766249283035895,-0.023336006484766948,-0.03204435004557986
08,"MSFT,ALLE,NTAP",1.882724552670998,"PNR,STM,GFS",-2.465938052347072,-0.02934727877324441,-0.04002972808212271
09,"NTNX,DELL,LITE",2.0299122660745716,"STM,CRDO,PENG",-2.8219646259863214,-0.047528040556406206,-0.05718502044473512
10,"NTNX,DELL,CRWD",1.985946265437347,"CRDO,PENG,ICHR",-3.286492365314105,-0.07381915593440037,-0.08438272600817737
11,"ATKR,PSIX,BDC",2.555562076261968,"UMC,CC,DKILY",-1.3938190107833863,0.026232077517359086,0.016355314095158297
12,"SMCI,ATEYY,LITE",2.7357689113817774,"AMAT,VICR,CRDO",-2.4702740225304005,-0.03247425554925053,-0.04846677341331486
13,"P,ATEYY,RYCEY",2.117699264975692,"UCTT,PENG,ICHR",-3.2293864604008227,-0.09708835398043375,-0.11148663518982412
14,"P,NTNX,DELL",2.607307113586086,"TOELY,AMAT,PENG",-2.432838993954854,-0.011450358416489061,-0.022895605296088223
15,"SMCI,ATKR,PSIX",3.3406731600772748,"CC,MOD,PNR",-1.7655266957900553,0.06630452726536631,0.05371817432594396
16,"SMCI,PSIX,DELL",3.062498960136025,"KLIC,AAON,PENG",-2.8484227050883932,-0.026923513259684947,-0.04272462621721253
17,"SMCI,AEHR,AXTI",3.070089747087387,"CRDO,TE,PENG",-3.0242041283263568,-0.02636427369874883,-0.042146102533485504
N01,"SMCI,DELL,ORCL",2.8920002295518485,"MKSI,CRDO,PENG",-2.8980318679443426,-0.01739808271840034,-0.03287073255381466
N02,"MSFT,HTHIY,CEG",2.11307211265804,"SHECY,IBM,PNR",-1.9028909007433428,0.025857251917486647,0.017078407115185292
N03,"BDC,CEG,ADBE",1.7130929081536497,"AAON,GFS,PENG",-3.046382229444262,-0.07130337495659675,-0.08051298917454913
N04,"DELL,BDC,HPE",1.7524780702592964,"TOELY,VECO,PENG",-2.399496036096783,-0.03963191728624402,-0.04890218880572856
N05,"MSFT,DELL,BDC",2.3514171510901862,"MKSI,CRDO,PENG",-2.8980318679443426,0.004816183526852852,-0.004688215357884164
N06,"ATEYY,DELL,LITE",2.0620928922824198,"AMAT,VICR,CRDO",-2.4702740225304005,-0.04004645791508588,-0.04977835522482977
E01,"SMCI,PSIX,DELL",3.062498960136025,"CC,FLEX,MOD",-1.580694968992745,0.03239735088570967,0.018641784967678467
E02,"SMCI,NTNX,DELL",2.9767969849751794,"AMAT,PNR,MKSI",-2.261872347896726,-0.0036744368185337366,-0.01867385748498713
E03,"ORCL,LITE,NVDA",1.6205067487779907,"KLIC,VICR,CRDO",-2.552447444582899,-0.03625655097617763,-0.0446476509952918
