dimension,category,top30_n,pool_n,top30_weight,pool_weight,selected_return,pool_return
near,AI服务器存储EMS/,6,19,0.2,0.09895833333333333,0.00328937566364005,-0.03449753651095204
near,AI网络光互联连接器/,4,20,0.13333333333333333,0.10416666666666667,-0.1147237184727427,-0.08561744094808635
near,AI计算芯片EDAIPcustomASIC/,5,17,0.16666666666666666,0.08854166666666667,-0.06181396252570777,-0.12379576148547006
near,云算力IDCAI软件平台/,2,16,0.06666666666666667,0.08333333333333333,0.17554609233200155,0.08231292970520543
near,半导体材料化学品基板/,0,20,0.0,0.10416666666666667,,-0.032899542150370345
near,封测检测计量光罩/,2,18,0.06666666666666667,0.09375,0.0709173519643432,-0.09034854937696807
near,晶圆制造前道设备/,5,19,0.16666666666666666,0.09895833333333333,-0.15352335567761466,-0.20463020889933803
near,机电冷却工程水处理边缘工业AI/,2,20,0.06666666666666667,0.10416666666666667,-0.11980911700679112,-0.07134606048865443
near,电力发电能源储能/,1,23,0.03333333333333333,0.11979166666666667,-0.120420967080992,-0.06692591019295073
near,配电电源功率器件/,3,20,0.1,0.10416666666666667,-0.14145135116654048,-0.11317824930643257
long,AI服务器存储EMS/,0,19,0.0,0.09895833333333333,,-0.03449753651095204
long,AI网络光互联连接器/,2,20,0.06666666666666667,0.10416666666666667,0.04275742241668095,-0.08561744094808635
long,AI计算芯片EDAIPcustomASIC/,5,17,0.16666666666666666,0.08854166666666667,-0.08308975865903538,-0.12379576148547006
long,云算力IDCAI软件平台/,5,16,0.16666666666666666,0.08333333333333333,0.07283167026578449,0.08231292970520543
long,半导体材料化学品基板/,4,20,0.13333333333333333,0.10416666666666667,0.0020160414705038977,-0.032899542150370345
long,封测检测计量光罩/,1,18,0.03333333333333333,0.09375,0.1424689904954932,-0.09034854937696807
long,晶圆制造前道设备/,6,19,0.2,0.09895833333333333,-0.13779537135191308,-0.20463020889933803
long,机电冷却工程水处理边缘工业AI/,3,20,0.1,0.10416666666666667,0.021413952083303874,-0.07134606048865443
long,电力发电能源储能/,2,23,0.06666666666666667,0.11979166666666667,-0.0900435139791167,-0.06692591019295073
long,配电电源功率器件/,2,20,0.06666666666666667,0.10416666666666667,-0.07330406361175476,-0.11317824930643257
odds,AI服务器存储EMS/,5,19,0.16666666666666666,0.09895833333333333,0.09661558086576537,-0.03449753651095204
odds,AI网络光互联连接器/,3,20,0.1,0.10416666666666667,0.037803790255103296,-0.08561744094808635
odds,AI计算芯片EDAIPcustomASIC/,3,17,0.1,0.08854166666666667,-0.022354062943237166,-0.12379576148547006
odds,云算力IDCAI软件平台/,5,16,0.16666666666666666,0.08333333333333333,0.11907473887022571,0.08231292970520543
odds,半导体材料化学品基板/,2,20,0.06666666666666667,0.10416666666666667,0.0294850238649907,-0.032899542150370345
odds,封测检测计量光罩/,1,18,0.03333333333333333,0.09375,0.1424689904954932,-0.09034854937696807
odds,晶圆制造前道设备/,1,19,0.03333333333333333,0.09895833333333333,0.0074222047260348,-0.20463020889933803
odds,机电冷却工程水处理边缘工业AI/,3,20,0.1,0.10416666666666667,0.03359687941172227,-0.07134606048865443
odds,电力发电能源储能/,5,23,0.16666666666666666,0.11979166666666667,0.05892529021820474,-0.06692591019295073
odds,配电电源功率器件/,2,20,0.06666666666666667,0.10416666666666667,0.11050340333122236,-0.11317824930643257
defense,AI服务器存储EMS/,1,19,0.03333333333333333,0.09895833333333333,0.057975135532442,-0.03449753651095204
defense,AI网络光互联连接器/,1,20,0.03333333333333333,0.10416666666666667,0.0326597825716648,-0.08561744094808635
defense,AI计算芯片EDAIPcustomASIC/,2,17,0.06666666666666667,0.08854166666666667,0.014677649550527895,-0.12379576148547006
defense,云算力IDCAI软件平台/,4,16,0.13333333333333333,0.08333333333333333,0.09019204898188031,0.08231292970520543
defense,半导体材料化学品基板/,7,20,0.23333333333333334,0.10416666666666667,-0.05359884941877049,-0.032899542150370345
defense,封测检测计量光罩/,2,18,0.06666666666666667,0.09375,0.059356199841146796,-0.09034854937696807
defense,晶圆制造前道设备/,1,19,0.03333333333333333,0.09895833333333333,-0.0591554497234053,-0.20463020889933803
defense,机电冷却工程水处理边缘工业AI/,8,20,0.26666666666666666,0.10416666666666667,0.01607818592842688,-0.07134606048865443
defense,电力发电能源储能/,2,23,0.06666666666666667,0.11979166666666667,0.046390895802956,-0.06692591019295073
defense,配电电源功率器件/,2,20,0.06666666666666667,0.10416666666666667,-0.061271536138831795,-0.11317824930643257
explosion,AI服务器存储EMS/,4,19,0.13333333333333333,0.09895833333333333,-0.019561692721853777,-0.03449753651095204
explosion,AI网络光互联连接器/,5,20,0.16666666666666666,0.10416666666666667,-0.09826106891054363,-0.08561744094808635
explosion,AI计算芯片EDAIPcustomASIC/,5,17,0.16666666666666666,0.08854166666666667,-0.07414887113946456,-0.12379576148547006
explosion,云算力IDCAI软件平台/,4,16,0.13333333333333333,0.08333333333333333,0.0869012150681161,0.08231292970520543
explosion,半导体材料化学品基板/,0,20,0.0,0.10416666666666667,,-0.032899542150370345
explosion,封测检测计量光罩/,2,18,0.06666666666666667,0.09375,-0.09947267682458424,-0.09034854937696807
explosion,晶圆制造前道设备/,2,19,0.06666666666666667,0.09895833333333333,-0.06446013320769464,-0.20463020889933803
explosion,机电冷却工程水处理边缘工业AI/,3,20,0.1,0.10416666666666667,-0.18288579594838797,-0.07134606048865443
explosion,电力发电能源储能/,3,23,0.1,0.11979166666666667,-0.046632617205909666,-0.06692591019295073
explosion,配电电源功率器件/,2,20,0.06666666666666667,0.10416666666666667,-0.27938631261248037,-0.11317824930643257
mispricing,AI服务器存储EMS/,4,19,0.13333333333333333,0.09895833333333333,0.10627569219909622,-0.03449753651095204
mispricing,AI网络光互联连接器/,3,20,0.1,0.10416666666666667,0.037803790255103296,-0.08561744094808635
mispricing,AI计算芯片EDAIPcustomASIC/,4,17,0.13333333333333333,0.08854166666666667,-0.055124275562242975,-0.12379576148547006
mispricing,云算力IDCAI软件平台/,6,16,0.2,0.08333333333333333,0.09024659994229633,0.08231292970520543
mispricing,半导体材料化学品基板/,2,20,0.06666666666666667,0.10416666666666667,-0.10056295089234231,-0.032899542150370345
mispricing,封测检测计量光罩/,1,18,0.03333333333333333,0.09375,0.1424689904954932,-0.09034854937696807
mispricing,晶圆制造前道设备/,1,19,0.03333333333333333,0.09895833333333333,0.0074222047260348,-0.20463020889933803
mispricing,机电冷却工程水处理边缘工业AI/,3,20,0.1,0.10416666666666667,-0.01114750259416047,-0.07134606048865443
mispricing,电力发电能源储能/,4,23,0.13333333333333333,0.11979166666666667,0.034306443963704025,-0.06692591019295073
mispricing,配电电源功率器件/,2,20,0.06666666666666667,0.10416666666666667,0.11050340333122236,-0.11317824930643257
overall,AI服务器存储EMS/,2,19,0.06666666666666667,0.09895833333333333,0.0922374360298181,-0.03449753651095204
overall,AI网络光互联连接器/,3,20,0.1,0.10416666666666667,-0.07276561227694152,-0.08561744094808635
overall,AI计算芯片EDAIPcustomASIC/,3,17,0.1,0.08854166666666667,-0.022354062943237166,-0.12379576148547006
overall,云算力IDCAI软件平台/,6,16,0.2,0.08333333333333333,0.09024659994229635,0.08231292970520543
overall,半导体材料化学品基板/,1,20,0.03333333333333333,0.10416666666666667,0.0383000183105466,-0.032899542150370345
overall,封测检测计量光罩/,1,18,0.03333333333333333,0.09375,0.1424689904954932,-0.09034854937696807
overall,晶圆制造前道设备/,3,19,0.1,0.09895833333333333,-0.0813412192852862,-0.20463020889933803
overall,机电冷却工程水处理边缘工业AI/,5,20,0.16666666666666666,0.10416666666666667,0.03995359823648305,-0.07134606048865443
overall,电力发电能源储能/,3,23,0.1,0.11979166666666667,0.0625018897470483,-0.06692591019295073
overall,配电电源功率器件/,3,20,0.1,0.10416666666666667,-0.03417908126837297,-0.11317824930643257
