dimension_a,dimension_b,both_decisive,same_winner_share,rank_spearman
near,odds,30319,0.5524918368020053,0.023995944442937366
near,overall,28430,0.7238480478367921,0.4091077096275399
long,near,29733,0.6889314902633438,0.4297754523505955
long,odds,28992,0.6344508830022075,0.26351456745245916
long,mispricing,26990,0.6487958503149315,0.24187193120473102
long,overall,27298,0.8259213129166972,0.6717660662452867
odds,overall,28236,0.887094489304434,0.7757287117163553
defense,near,30577,0.5457369918566243,0.06730156254238669
defense,long,29475,0.8338931297709924,0.7765493177440795
defense,odds,29815,0.7392252222035888,0.5591751892141172
defense,explosion,30364,0.3734027137399552,-0.41123721617882436
defense,mispricing,27728,0.7140075014425851,0.48119557550931835
defense,overall,28005,0.8389216211390823,0.739455890730543
explosion,near,31286,0.8127916640030685,0.7686399641917371
explosion,long,29560,0.5311569688768606,0.009343718633860514
explosion,odds,30190,0.41371315004968534,-0.34985113799745005
explosion,mispricing,28090,0.4847632609469562,-0.23694999050538482
explosion,overall,28140,0.5412935323383085,-0.041611846567018426
mispricing,near,28249,0.6114552727530178,0.1068330711011041
mispricing,odds,29007,0.9451166959699383,0.9633270488023222
mispricing,overall,26674,0.9079253205368524,0.7734398312671243
