cohort,dimension,a,b,status,a_date,b_date,a_text,b_text,a_source,a_line,b_source,b_line,a_return,b_return,gap_abs,winner,correct,edge,relation,reverse_relation
original_0714,overall,PENG,SMCI,each_self,2026-07-14,2026-07-14,PENG略优（低置信）,SMCI略优（中置信）,D:/drive/Investment/分析报告/公司对比/结果/PENG_逐家公司投资思路对比_2026-07-14.md,89,D:/drive/Investment/分析报告/公司对比/结果/SMCI_逐家公司投资思路对比_2026-07-14.md,82,-0.3656862832179028,0.4083955636062419,0.7740818468241448,,,,直接同业,直接同业
original_0714,overall,AMKR,SMCI,each_self,2026-07-14,2026-07-14,AMKR略优（中置信）,SMCI略优（中置信）,D:/drive/Investment/分析报告/公司对比/结果/AMKR_逐家公司投资思路对比_2026-07-14.md,72,D:/drive/Investment/分析报告/公司对比/结果/SMCI_逐家公司投资思路对比_2026-07-14.md,210,-0.3353068282239305,0.4083955636062419,0.7437023918301725,,,,上下游,上下游
original_0714,overall,GFS,SMCI,each_self,2026-07-14,2026-07-14,GFS,SMCI略优（低置信）,D:/drive/Investment/分析报告/公司对比/结果/GFS_逐家公司投资思路对比_2026-07-14.md,268,D:/drive/Investment/分析报告/公司对比/结果/SMCI_逐家公司投资思路对比_2026-07-14.md,253,-0.2993956308739718,0.4083955636062419,0.7077911944802138,,,,上下游,上下游
original_0714,overall,SMCI,STM,each_self,2026-07-14,2026-07-14,SMCI略优（中置信）,STM略优（低置信）,D:/drive/Investment/分析报告/公司对比/结果/SMCI_逐家公司投资思路对比_2026-07-14.md,109,D:/drive/Investment/分析报告/公司对比/结果/STM_逐家公司投资思路对比_2026-07-14.md,85,0.4083955636062419,-0.254246974980597,0.662642538586839,,,,上下游,上下游
original_0714,overall,ON,SMCI,each_self,2026-07-14,2026-07-14,ON明显更优（中置信）,SMCI略优（中置信）,D:/drive/Investment/分析报告/公司对比/结果/ON_逐家公司投资思路对比_2026-07-14.md,224,D:/drive/Investment/分析报告/公司对比/结果/SMCI_逐家公司投资思路对比_2026-07-14.md,107,-0.2134094842025702,0.4083955636062419,0.6218050478088122,,,,上下游,上下游
original_0714,overall,ICHR,SOMMY,each_self,2026-07-14,2026-07-14,ICHR（低置信）：更清晰的盈利路径小幅胜出,SOMMY略优,D:/drive/Investment/分析报告/公司对比/结果/ICHR_逐家公司投资思路对比_2026-07-14.md,177,D:/drive/Investment/分析报告/公司对比/结果/SOMMY_逐家公司投资思路对比_2026-07-14.md,192,-0.4260993251822135,0.1876484452956786,0.6137477704778921,,,,相邻替代,上下游
original_0714,overall,AMKR,ATKR,each_other,2026-07-14,2026-07-14,ATKR略优（中置信）,AMKR略优（中置信）：先进封装规模和客户认证支持增长带来的兑现、回报与永久损失组合优于ATKR,D:/drive/Investment/分析报告/公司对比/结果/AMKR_逐家公司投资思路对比_2026-07-14.md,261,D:/drive/Investment/分析报告/公司对比/结果/ATKR_逐家公司投资思路对比_2026-07-14.md,183,-0.3353068282239305,0.2633101949882297,0.5986170232121603,,,,上下游,跨赛道
original_0714,overall,NTNX,PENG,each_other,2026-07-14,2026-07-14,PENG略优（中置信）,NTNX略优（中置信）,D:/drive/Investment/分析报告/公司对比/结果/NTNX_逐家公司投资思路对比_2026-07-14.md,81,D:/drive/Investment/分析报告/公司对比/结果/PENG_逐家公司投资思路对比_2026-07-14.md,313,0.2241007091083311,-0.3656862832179028,0.589786992326234,,,,上下游,相邻替代
original_0714,overall,GLW,SMCI,each_self,2026-07-14,2026-07-14,GLW明显更优（中置信）,SMCI略优（中置信）,D:/drive/Investment/分析报告/公司对比/结果/GLW_逐家公司投资思路对比_2026-07-14.md,76,D:/drive/Investment/分析报告/公司对比/结果/SMCI_逐家公司投资思路对比_2026-07-14.md,127,-0.1715405238444968,0.4083955636062419,0.5799360874507388,,,,上下游,上下游
original_0714,overall,AAON,ATKR,each_other,2026-07-14,2026-07-14,ATKR略优（中置信）,AAON略优（中置信）：约$2.1B backlog与定制冷却需求带来的兑现、回报与永久损失组合优于ATKR,D:/drive/Investment/分析报告/公司对比/结果/AAON_逐家公司投资思路对比_2026-07-14.md,252,D:/drive/Investment/分析报告/公司对比/结果/ATKR_逐家公司投资思路对比_2026-07-14.md,206,-0.3090391538315817,0.2633101949882297,0.5723493488198115,,,,相邻替代,相邻替代
original_0714,overall,MRAAY,SMCI,each_other,2026-07-14,2026-07-14,SMCI（低置信）,MRAAY略优（低置信）,D:/drive/Investment/分析报告/公司对比/结果/MRAAY_逐家公司投资思路对比_2026-07-14.md,40,D:/drive/Investment/分析报告/公司对比/结果/SMCI_逐家公司投资思路对比_2026-07-14.md,289,-0.1631332741870208,0.4083955636062419,0.5715288377932628,,,,上下游,上下游
original_0714,overall,ATKR,GFS,each_other,2026-07-14,2026-07-14,GFS略优（中置信）：特色工艺长期协议和产能利用率恢复带来的兑现、回报与永久损失组合优于ATKR,ATKR,D:/drive/Investment/分析报告/公司对比/结果/ATKR_逐家公司投资思路对比_2026-07-14.md,216,D:/drive/Investment/分析报告/公司对比/结果/GFS_逐家公司投资思路对比_2026-07-14.md,140,0.2633101949882297,-0.2993956308739718,0.5627058258622015,,,,跨赛道,跨赛道
original_0714,overall,MCHP,SMCI,each_self,2026-07-14,2026-07-14,MCHP略优（中置信）,SMCI略优（中置信）,D:/drive/Investment/分析报告/公司对比/结果/MCHP_逐家公司投资思路对比_2026-07-14.md,55,D:/drive/Investment/分析报告/公司对比/结果/SMCI_逐家公司投资思路对比_2026-07-14.md,104,-0.1534349134192604,0.4083955636062419,0.5618304770255024,,,,下游,跨赛道
original_0714,overall,DKILY,SMCI,each_other,2026-07-14,2026-07-14,SMCI略优（低置信）,DKILY略优（低置信）,D:/drive/Investment/分析报告/公司对比/结果/DKILY_逐家公司投资思路对比_2026-07-14.md,45,D:/drive/Investment/分析报告/公司对比/结果/SMCI_逐家公司投资思路对比_2026-07-14.md,165,-0.1444444451370183,0.4083955636062419,0.5528400087432603,,,,相邻替代,上下游
original_0714,overall,ATKR,MKSI,each_other,2026-07-14,2026-07-14,MKSI略优（中置信）：半导体子系统与先进封装支持约$5B基准收入带来的兑现、回报与永久损失组合优于ATKR,ATKR略优,D:/drive/Investment/分析报告/公司对比/结果/ATKR_逐家公司投资思路对比_2026-07-14.md,219,D:/drive/Investment/分析报告/公司对比/结果/MKSI_逐家公司投资思路对比_2026-07-14.md,297,0.2633101949882297,-0.2890608256212224,0.5523710206094521,,,,跨赛道,相邻替代
original_0714,overall,ATKR,CIEN,each_other,2026-07-14,2026-07-14,CIEN略优（中置信）：约$7.7B backlog和光传输升级支持约24%增长带来的兑现、回报与永久损失组合优于ATKR,ATKR,D:/drive/Investment/分析报告/公司对比/结果/ATKR_逐家公司投资思路对比_2026-07-14.md,124,D:/drive/Investment/分析报告/公司对比/结果/CIEN_逐家公司投资思路对比_2026-07-14.md,271,0.2633101949882297,-0.2882641337233,0.5515743287115298,,,,跨赛道,相邻替代
original_0714,overall,ATKR,KLIC,each_other,2026-07-14,2026-07-14,KLIC略优（中置信）：先进封装设备带来新产品周期带来的兑现、回报与永久损失组合优于ATKR,ATKR略优（中置信）,D:/drive/Investment/分析报告/公司对比/结果/ATKR_逐家公司投资思路对比_2026-07-14.md,177,D:/drive/Investment/分析报告/公司对比/结果/KLIC_逐家公司投资思路对比_2026-07-14.md,245,0.2633101949882297,-0.2782101041303035,0.5415202991185333,,,,跨赛道,相邻替代
original_0714,overall,AMAT,P,each_other,2026-07-14,2026-07-14,P略优（中置信）,AMAT略优,D:/drive/Investment/分析报告/公司对比/结果/AMAT_逐家公司投资思路对比_2026-07-14.md,111,D:/drive/Investment/分析报告/公司对比/结果/P_逐家公司投资思路对比_2026-07-14.md,257,-0.254241232332733,0.2846630946601429,0.5389043269928759,,,,上下游,跨赛道
original_0714,overall,AAON,NTNX,each_other,2026-07-14,2026-07-14,NTNX明显更优（高置信）,AAON略优（中置信）,D:/drive/Investment/分析报告/公司对比/结果/AAON_逐家公司投资思路对比_2026-07-14.md,281,D:/drive/Investment/分析报告/公司对比/结果/NTNX_逐家公司投资思路对比_2026-07-14.md,218,-0.3090391538315817,0.2241007091083311,0.5331398629399129,,,,跨赛道,上下游
original_0714,overall,GFS,PSIX,each_other,2026-07-14,2026-07-14,PSIX,GFS略优（中置信）,D:/drive/Investment/分析报告/公司对比/结果/GFS_逐家公司投资思路对比_2026-07-14.md,255,D:/drive/Investment/分析报告/公司对比/结果/PSIX_逐家公司投资思路对比_2026-07-14.md,306,-0.2993956308739718,0.2295779320749891,0.5289735629489609,,,,跨赛道,跨赛道
original_0714,overall,P,VECO,each_other,2026-07-14,2026-07-14,VECO略优,P,D:/drive/Investment/分析报告/公司对比/结果/P_逐家公司投资思路对比_2026-07-14.md,269,D:/drive/Investment/分析报告/公司对比/结果/VECO_逐家公司投资思路对比_2026-07-14.md,101,0.2846630946601429,-0.2391415625015838,0.5238046571617267,,,,跨赛道,相邻替代
original_0714,overall,ACMR,ATKR,each_other,2026-07-14,2026-07-14,ATKR略优（中置信）,ACMR略优（中置信）：清洗设备份额提升支持约34%增长带来的兑现、回报与永久损失组合优于ATKR,D:/drive/Investment/分析报告/公司对比/结果/ACMR_逐家公司投资思路对比_2026-07-14.md,204,D:/drive/Investment/分析报告/公司对比/结果/ATKR_逐家公司投资思路对比_2026-07-14.md,211,-0.2582702073665772,0.2633101949882297,0.521580402354807,,,,相邻替代,跨赛道
original_0714,overall,ALLE,PENG,each_other,2026-07-14,2026-07-14,PENG略优,ALLE明显更优（中置信）,D:/drive/Investment/分析报告/公司对比/结果/ALLE_逐家公司投资思路对比_2026-07-14.md,57,D:/drive/Investment/分析报告/公司对比/结果/PENG_逐家公司投资思路对比_2026-07-14.md,228,0.154275644676014,-0.3656862832179028,0.5199619278939169,,,,跨赛道,跨赛道
original_0714,overall,MKSI,PSIX,each_other,2026-07-14,2026-07-14,PSIX略优,MKSI略优（中置信）,D:/drive/Investment/分析报告/公司对比/结果/MKSI_逐家公司投资思路对比_2026-07-14.md,209,D:/drive/Investment/分析报告/公司对比/结果/PSIX_逐家公司投资思路对比_2026-07-14.md,309,-0.2890608256212224,0.2295779320749891,0.5186387576962115,,,,跨赛道,跨赛道
original_0714,overall,AMAT,ATKR,each_other,2026-07-14,2026-07-14,ATKR略优（中置信）,AMAT略优（中置信）：全流程设备、服务收入与先进节点需求构成护城河带来的兑现、回报与永久损失组合优于ATKR,D:/drive/Investment/分析报告/公司对比/结果/AMAT_逐家公司投资思路对比_2026-07-14.md,294,D:/drive/Investment/分析报告/公司对比/结果/ATKR_逐家公司投资思路对比_2026-07-14.md,212,-0.254241232332733,0.2633101949882297,0.5175514273209627,,,,相邻替代,跨赛道
original_0714,overall,ATKR,POWL,each_other,2026-07-14,2026-07-14,POWL略优（中置信）：约$1.8B backlog及新增约$400M订单直接受益配电瓶颈带来的兑现、回报与永久损失组合优于ATKR,ATKR略优（低置信）,D:/drive/Investment/分析报告/公司对比/结果/ATKR_逐家公司投资思路对比_2026-07-14.md,237,D:/drive/Investment/分析报告/公司对比/结果/POWL_逐家公司投资思路对比_2026-07-14.md,223,0.2633101949882297,-0.251589113486486,0.5148993084747158,,,,相邻替代,上下游
original_0714,overall,SOMMY,UCTT,each_self,2026-07-14,2026-07-14,SOMMY明显更优,UCTT略优（中置信）,D:/drive/Investment/分析报告/公司对比/结果/SOMMY_逐家公司投资思路对比_2026-07-14.md,189,D:/drive/Investment/分析报告/公司对比/结果/UCTT_逐家公司投资思路对比_2026-07-14.md,183,0.1876484452956786,-0.3263578630343405,0.5140063083300191,,,,上下游,相邻替代
original_0714,overall,CRDO,NTNX,each_other,2026-07-14,2026-07-14,NTNX略优（中置信）,CRDO略优（中置信）,D:/drive/Investment/分析报告/公司对比/结果/CRDO_逐家公司投资思路对比_2026-07-14.md,267,D:/drive/Investment/分析报告/公司对比/结果/NTNX_逐家公司投资思路对比_2026-07-14.md,124,-0.283319296957064,0.2241007091083311,0.5074200060653952,,,,跨赛道,上下游
original_0714,overall,AVGO,SMCI,each_other,2026-07-14,2026-07-14,SMCI,AVGO明显更优（高置信）,D:/drive/Investment/分析报告/公司对比/结果/备份/AVGO_2026-07-18T17_36_30-07_00-dbe198cf3b/AVGO_逐家公司投资思路对比_2026-07-14.md,226,D:/drive/Investment/分析报告/公司对比/结果/SMCI_逐家公司投资思路对比_2026-07-14.md,101,-0.0964174879307673,0.4083955636062419,0.5048130515370093,,,,相邻替代,上下游
original_0714,overall,ATKR,CDNS,each_other,2026-07-14,2026-07-14,CDNS略优（中置信）：高经常性EDA/IP与设计复杂度构成长期护城河带来的兑现、回报与永久损失组合优于ATKR,ATKR略优（中置信）,D:/drive/Investment/分析报告/公司对比/结果/ATKR_逐家公司投资思路对比_2026-07-14.md,95,D:/drive/Investment/分析报告/公司对比/结果/备份/CDNS_2026-07-18T17_17_33-07_00-c8cdcf638c/CDNS_逐家公司投资思路对比_2026-07-14.md,218,0.2633101949882297,-0.2364878354776411,0.4997980304658709,,,,跨赛道,跨赛道
