cohort,dimension,mode,group_type,group,all_rows,decisive,accuracy,mean_edge,median_edge,selection_coverage
latest_0718,near,next_open,all,all,36672,33552,0.518001907486886,0.008251589984911843,0.009131021280802731,0.9149214659685864
latest_0718,near,next_open,confidence,,3,0,,,,0.0
latest_0718,near,next_open,confidence,中,22229,20035,0.4883953082106314,-0.005120200181549846,-0.005562693556655729,0.9013001034684421
latest_0718,near,next_open,confidence,低,3349,2469,0.46577561765897124,-0.01053022807980003,-0.017405326563028733,0.7372349955210511
latest_0718,near,next_open,confidence,高,11091,11048,0.5833635047067343,0.03669801692072227,0.03997958011845598,0.9961229825985033
latest_0718,near,next_open,strength,0,3120,0,,,,0.0
latest_0718,near,next_open,strength,1,14594,14594,0.4893106756201179,-0.004435119748296962,-0.00509221975664631,1.0
latest_0718,near,next_open,strength,2,18958,18958,0.5400886169427155,0.018017907204367974,0.019525109714874755,1.0
latest_0718,near,next_open,relation,上下游,12507,11553,0.510603306500476,0.006217006639219237,0.005762649465524294,0.9237227152794435
latest_0718,near,next_open,relation,上下游/相邻替代,1,1,0.0,-0.28793985162541824,-0.28793985162541824,1.0
latest_0718,near,next_open,relation,上游,171,164,0.4878048780487805,0.020348718286480865,-0.009413232618114609,0.9590643274853801
latest_0718,near,next_open,relation,上游/替代,2,2,1.0,0.05034439493761961,0.05034439493761961,1.0
latest_0718,near,next_open,relation,下游,54,47,0.46808510638297873,-0.023519891739400795,-0.02531535296077725,0.8703703703703703
latest_0718,near,next_open,relation,下游/替代,27,27,0.6296296296296297,0.039463700516713954,0.018713028557853284,1.0
latest_0718,near,next_open,relation,直接供应商/相邻替代,1,1,0.0,-0.05546394385253084,-0.05546394385253084,1.0
latest_0718,near,next_open,relation,直接同业,1427,1299,0.535796766743649,0.012237028905888915,0.018466719318637637,0.9103013314646111
latest_0718,near,next_open,relation,直接客户/相邻替代,1,1,1.0,0.14870383605171367,0.14870383605171367,1.0
latest_0718,near,next_open,relation,相邻替代,9606,8691,0.5479231388793004,0.01932267363115055,0.021583231919894086,0.9047470331043098
latest_0718,near,next_open,relation,相邻替代/上下游,2,2,0.5,0.05365582519398443,0.05365582519398443,1.0
latest_0718,near,next_open,relation,跨赛道,12873,11764,0.5015300918055083,0.0015209484114046192,0.0009877805406981466,0.9138506952536316
latest_0718,near,next_open,report_date,2026-07-14,33616,30803,0.5186832451384605,0.00822670879027039,0.009451293615312828,0.9163196097096621
latest_0718,near,next_open,report_date,2026-07-18,3056,2749,0.5103674063295743,0.008530387889073596,0.006222574791245328,0.8995418848167539
latest_0718,near,report_close,all,all,36672,33552,0.5230984740104911,0.010485046600795089,0.011864420535362297,0.9149214659685864
latest_0718,near,report_close,confidence,,3,0,,,,0.0
latest_0718,near,report_close,confidence,中,22229,20035,0.49308709757923636,-0.0026328105712976756,-0.0033095196538457383,0.9013001034684421
latest_0718,near,report_close,confidence,低,3349,2469,0.4803564196030782,-0.005295360914955621,-0.008604751936112542,0.7372349955210511
latest_0718,near,report_close,confidence,高,11091,11048,0.587074583635047,0.037800225329910495,0.03953126802160711,0.9961229825985033
latest_0718,near,report_close,strength,0,3120,0,,,,0.0
latest_0718,near,report_close,strength,1,14594,14594,0.494518295189804,-0.002327209203143981,-0.0023925937789602836,1.0
latest_0718,near,report_close,strength,2,18958,18958,0.5450996940605549,0.020348010056997577,0.021595831467134396,1.0
latest_0718,near,report_close,relation,上下游,12507,11553,0.5140656106638968,0.0077199608501827485,0.0067868357738067875,0.9237227152794435
latest_0718,near,report_close,relation,上下游/相邻替代,1,1,0.0,-0.2706678857443069,-0.2706678857443069,1.0
latest_0718,near,report_close,relation,上游,171,164,0.5060975609756098,0.018989571187560627,0.0030404806605040524,0.9590643274853801
latest_0718,near,report_close,relation,上游/替代,2,2,1.0,0.05558724774668722,0.05558724774668722,1.0
latest_0718,near,report_close,relation,下游,54,47,0.46808510638297873,-0.026066046834954226,-0.02103163896673288,0.8703703703703703
latest_0718,near,report_close,relation,下游/替代,27,27,0.6296296296296297,0.04029719624739379,0.021595831467134396,1.0
latest_0718,near,report_close,relation,直接供应商/相邻替代,1,1,0.0,-0.07018308154608799,-0.07018308154608799,1.0
latest_0718,near,report_close,relation,直接同业,1427,1299,0.5450346420323325,0.01318476155536554,0.020787445164780705,0.9103013314646111
latest_0718,near,report_close,relation,直接客户/相邻替代,1,1,1.0,0.1427890289453002,0.1427890289453002,1.0
latest_0718,near,report_close,relation,相邻替代,9606,8691,0.5474628926475664,0.019564576450098636,0.022914548896782905,0.9047470331043098
latest_0718,near,report_close,relation,相邻替代/上下游,2,2,0.5,0.027672275238541544,0.027672275238541544,1.0
latest_0718,near,report_close,relation,跨赛道,12873,11764,0.5117307038422305,0.006162629189022982,0.0060163170769367835,0.9138506952536316
latest_0718,near,report_close,report_date,2026-07-14,33616,30803,0.5227737558030062,0.009797078793641245,0.011864420535362297,0.9163196097096621
latest_0718,near,report_close,report_date,2026-07-18,3056,2749,0.5267369952710076,0.01819383974876153,0.01188497084382334,0.8995418848167539
latest_0718,long,next_open,all,all,36672,32059,0.5825197292491968,0.03336817584262342,0.039987443214235086,0.8742092059336823
latest_0718,long,next_open,confidence,,2,0,,,,0.0
latest_0718,long,next_open,confidence,中,22106,18683,0.5740512765615801,0.028863390918312925,0.03493406272545174,0.8451551614946169
latest_0718,long,next_open,confidence,低,3375,2341,0.49380606578385305,-0.007827083036337194,-0.003068099307451666,0.6936296296296296
latest_0718,long,next_open,confidence,高,11189,11035,0.615677390122338,0.04973437410057902,0.05840168791389155,0.9862364822593619
latest_0718,long,next_open,strength,0,4613,0,,,,0.0
latest_0718,long,next_open,strength,1,15603,15603,0.5534192142536691,0.020039044302239305,0.024856770530922168,1.0
latest_0718,long,next_open,strength,2,16456,16456,0.6101118133203695,0.04600638922525672,0.05427826828333143,1.0
latest_0718,long,next_open,relation,上下游,12507,10930,0.55096065873742,0.018764508477735746,0.02433829967689155,0.8739106100583673
latest_0718,long,next_open,relation,上下游/相邻替代,1,1,0.0,-0.28793985162541824,-0.28793985162541824,1.0
latest_0718,long,next_open,relation,上游,171,163,0.44171779141104295,-0.013173262783948462,-0.030012864658255145,0.9532163742690059
latest_0718,long,next_open,relation,上游/替代,2,2,1.0,0.05034439493761961,0.05034439493761961,1.0
latest_0718,long,next_open,relation,下游,54,46,0.43478260869565216,-0.051081124134525646,-0.039002154768429775,0.8518518518518519
latest_0718,long,next_open,relation,下游/替代,27,26,0.6153846153846154,0.026853285792654263,0.013216853530472417,0.9629629629629629
latest_0718,long,next_open,relation,直接供应商/相邻替代,1,1,0.0,-0.05546394385253084,-0.05546394385253084,1.0
latest_0718,long,next_open,relation,直接同业,1427,1201,0.5870108243130724,0.026768885068268983,0.03532379960256948,0.8416257883672039
latest_0718,long,next_open,relation,直接客户/相邻替代,1,1,1.0,0.14870383605171367,0.14870383605171367,1.0
latest_0718,long,next_open,relation,相邻替代,9606,8370,0.5764635603345281,0.029457785883028765,0.03541171312690328,0.8713304184884447
latest_0718,long,next_open,relation,相邻替代/上下游,2,1,0.0,-0.07568848182677579,-0.07568848182677579,0.5
latest_0718,long,next_open,relation,跨赛道,12873,11317,0.6195988336131484,0.05212615186302126,0.060316375911754094,0.8791268546570341
latest_0718,long,next_open,report_date,2026-07-14,33616,29459,0.5924165789741674,0.03674770707769985,0.04425834608247259,0.876338648262732
latest_0718,long,next_open,report_date,2026-07-18,3056,2600,0.4703846153846154,-0.00492321287049816,-0.011777879135600744,0.8507853403141361
latest_0718,long,report_close,all,all,36672,32059,0.5752206868586045,0.02959502790305003,0.036063791410471,0.8742092059336823
latest_0718,long,report_close,confidence,,2,0,,,,0.0
latest_0718,long,report_close,confidence,中,22106,18683,0.566664882513515,0.02480731476005164,0.031192318734756475,0.8451551614946169
latest_0718,long,report_close,confidence,低,3375,2341,0.4916702263989748,-0.009622218496084375,-0.0030308504638146827,0.6936296296296296
latest_0718,long,report_close,confidence,高,11189,11035,0.607430901676484,0.04602062087731487,0.054173088470741204,0.9862364822593619
latest_0718,long,report_close,strength,0,4613,0,,,,0.0
latest_0718,long,report_close,strength,1,15603,15603,0.5486765365634814,0.017482780033170824,0.021902659037719818,1.0
latest_0718,long,report_close,strength,2,16456,16456,0.6003889158969373,0.04107943501982964,0.04941659139535498,1.0
latest_0718,long,report_close,relation,上下游,12507,10930,0.5426349496797804,0.014502704145351751,0.01944927563355736,0.8739106100583673
latest_0718,long,report_close,relation,上下游/相邻替代,1,1,0.0,-0.2706678857443069,-0.2706678857443069,1.0
latest_0718,long,report_close,relation,上游,171,163,0.43558282208588955,-0.013108694603176079,-0.03624773615688026,0.9532163742690059
latest_0718,long,report_close,relation,上游/替代,2,2,1.0,0.05558724774668722,0.05558724774668722,1.0
latest_0718,long,report_close,relation,下游,54,46,0.43478260869565216,-0.05307479172664238,-0.04228488397919761,0.8518518518518519
latest_0718,long,report_close,relation,下游/替代,27,26,0.6153846153846154,0.02733512948920567,0.013898420956172386,0.9629629629629629
latest_0718,long,report_close,relation,直接供应商/相邻替代,1,1,0.0,-0.07018308154608799,-0.07018308154608799,1.0
latest_0718,long,report_close,relation,直接同业,1427,1201,0.5795170691090757,0.024111013972623906,0.032091328749495385,0.8416257883672039
latest_0718,long,report_close,relation,直接客户/相邻替代,1,1,1.0,0.1427890289453002,0.1427890289453002,1.0
latest_0718,long,report_close,relation,相邻替代,9606,8370,0.5700119474313022,0.026497956236479547,0.032759962036480406,0.8713304184884447
latest_0718,long,report_close,relation,相邻替代/上下游,2,1,0.0,-0.07938852004170449,-0.07938852004170449,0.5
latest_0718,long,report_close,relation,跨赛道,12873,11317,0.6126181850313688,0.04803047998503566,0.053742072012578634,0.8791268546570341
latest_0718,long,report_close,report_date,2026-07-14,33616,29459,0.5846770087239893,0.03312111904310623,0.04009992457885603,0.876338648262732
latest_0718,long,report_close,report_date,2026-07-18,3056,2600,0.46807692307692306,-0.010356940902686724,-0.01633802251233557,0.8507853403141361
latest_0718,odds,next_open,all,all,36672,33014,0.6218271036529956,0.05914035450863051,0.05886071520822678,0.9002508726003491
latest_0718,odds,next_open,confidence,,999,0,,,,0.0
latest_0718,odds,next_open,confidence,中,19596,18053,0.6068797429790063,0.05162399665727554,0.04998610982693197,0.9212594407021841
latest_0718,odds,next_open,confidence,低,4820,3725,0.5441610738255034,0.024221737157355254,0.019939896763726317,0.7728215767634855
latest_0718,odds,next_open,confidence,高,11257,11236,0.6715913136347454,0.08279331445202777,0.08394700543851086,0.9981344940925646
latest_0718,odds,next_open,strength,0,3658,0,,,,0.0
latest_0718,odds,next_open,strength,1,13020,13020,0.5803379416282642,0.03823350010943855,0.03831213542538703,1.0
latest_0718,odds,next_open,strength,2,19994,19994,0.6488446533960188,0.07275480105646882,0.0725424053441045,1.0
latest_0718,odds,next_open,relation,上下游,12507,11116,0.5878013673983448,0.0433850877916352,0.04035062591185101,0.8887822819221236
latest_0718,odds,next_open,relation,上下游/相邻替代,1,1,0.0,-0.28793985162541824,-0.28793985162541824,1.0
latest_0718,odds,next_open,relation,上游,171,145,0.3931034482758621,-0.0478443081638085,-0.050077245969981865,0.847953216374269
latest_0718,odds,next_open,relation,上游/替代,2,2,1.0,0.05034439493761961,0.05034439493761961,1.0
latest_0718,odds,next_open,relation,下游,54,44,0.6136363636363636,0.06831886595407105,0.09601558838128826,0.8148148148148148
latest_0718,odds,next_open,relation,下游/替代,27,27,0.6296296296296297,0.039463700516713954,0.018713028557853284,1.0
latest_0718,odds,next_open,relation,直接供应商/相邻替代,1,1,0.0,-0.05546394385253084,-0.05546394385253084,1.0
latest_0718,odds,next_open,relation,直接同业,1427,1236,0.6116504854368932,0.04280996782841791,0.0441960234734779,0.8661527680448493
latest_0718,odds,next_open,relation,直接客户/相邻替代,1,1,1.0,0.14870383605171367,0.14870383605171367,1.0
latest_0718,odds,next_open,relation,相邻替代,9606,8726,0.6070364428145771,0.051970238025159016,0.05234509767916645,0.9083905892150739
latest_0718,odds,next_open,relation,相邻替代/上下游,2,2,0.0,-0.12934430702076022,-0.12934430702076022,1.0
latest_0718,odds,next_open,relation,跨赛道,12873,11713,0.6691710065738923,0.0825581990151168,0.08441492636735448,0.9098889147828789
latest_0718,odds,next_open,report_date,2026-07-14,33616,30133,0.6288122656224073,0.06290508716001653,0.061728515005965656,0.8963886244645407
latest_0718,odds,next_open,report_date,2026-07-18,3056,2881,0.5487677889621659,0.019764204219073215,0.02360262363124721,0.9427356020942408
latest_0718,odds,report_close,all,all,36672,33014,0.611467862119101,0.05450675845873331,0.052455526610284076,0.9002508726003491
latest_0718,odds,report_close,confidence,,999,0,,,,0.0
latest_0718,odds,report_close,confidence,中,19596,18053,0.5999002935800144,0.04824246828772411,0.045798524295803444,0.9212594407021841
latest_0718,odds,report_close,confidence,低,4820,3725,0.541744966442953,0.023892474323818365,0.017943319866503993,0.7728215767634855
latest_0718,odds,report_close,confidence,高,11257,11236,0.6531683873264507,0.07472101966020957,0.0758762616474632,0.9981344940925646
latest_0718,odds,report_close,strength,0,3658,0,,,,0.0
latest_0718,odds,report_close,strength,1,13020,13020,0.574347158218126,0.035560345839783375,0.03493665450138578,1.0
latest_0718,odds,report_close,strength,2,19994,19994,0.6356406922076623,0.06684457441845762,0.06564478062861423,1.0
latest_0718,odds,report_close,relation,上下游,12507,11116,0.5822238215185318,0.040792658570905256,0.03719259941203246,0.8887822819221236
latest_0718,odds,report_close,relation,上下游/相邻替代,1,1,0.0,-0.2706678857443069,-0.2706678857443069,1.0
latest_0718,odds,report_close,relation,上游,171,145,0.4,-0.044350727331488225,-0.050528981899803815,0.847953216374269
latest_0718,odds,report_close,relation,上游/替代,2,2,1.0,0.05558724774668722,0.05558724774668722,1.0
latest_0718,odds,report_close,relation,下游,54,44,0.6136363636363636,0.06756722287181827,0.08836856618638589,0.8148148148148148
latest_0718,odds,report_close,relation,下游/替代,27,27,0.6296296296296297,0.04029719624739379,0.021595831467134396,1.0
latest_0718,odds,report_close,relation,直接供应商/相邻替代,1,1,0.0,-0.07018308154608799,-0.07018308154608799,1.0
latest_0718,odds,report_close,relation,直接同业,1427,1236,0.5946601941747572,0.038672623054099485,0.03989810161454749,0.8661527680448493
latest_0718,odds,report_close,relation,直接客户/相邻替代,1,1,1.0,0.1427890289453002,0.1427890289453002,1.0
latest_0718,odds,report_close,relation,相邻替代,9606,8726,0.5997020398808159,0.04749362656334008,0.04645143009514652,0.9083905892150739
latest_0718,odds,report_close,relation,相邻替代/上下游,2,2,0.0,-0.10706079528024603,-0.10706079528024603,1.0
latest_0718,odds,report_close,relation,跨赛道,12873,11713,0.6524374626483395,0.07568317817700881,0.07685905316719155,0.9098889147828789
latest_0718,odds,report_close,report_date,2026-07-14,33616,30133,0.6181594929147446,0.058399872568495576,0.05584603443405722,0.8963886244645407
latest_0718,odds,report_close,report_date,2026-07-18,3056,2881,0.5414786532454009,0.013787838823375228,0.01824892124226718,0.9427356020942408
latest_0718,defense,next_open,all,all,36672,33080,0.5989117291414752,0.03952421618947647,0.046883546815944144,0.9020506108202443
latest_0718,defense,next_open,confidence,,3,0,,,,0.0
latest_0718,defense,next_open,confidence,中,20077,17278,0.5874522514179882,0.0337232718984363,0.0401349277692199,0.8605867410469692
latest_0718,defense,next_open,confidence,低,2510,1802,0.48446170921198667,-0.00714480052493754,-0.006602914319339237,0.7179282868525897
latest_0718,defense,next_open,confidence,高,14082,14000,0.6277857142857143,0.05269037930233118,0.06544584771173556,0.9941769634995029
latest_0718,defense,next_open,strength,0,3592,0,,,,0.0
latest_0718,defense,next_open,strength,1,13138,13138,0.5675901963769219,0.02433990352671342,0.029789616553731524,1.0
latest_0718,defense,next_open,strength,2,19942,19942,0.6195466853876241,0.0495278015752643,0.06070791024763056,1.0
latest_0718,defense,next_open,relation,上下游,12507,11253,0.5603838976272993,0.020729507481221862,0.028050954263252326,0.899736147757256
latest_0718,defense,next_open,relation,上下游/相邻替代,1,1,0.0,-0.28793985162541824,-0.28793985162541824,1.0
latest_0718,defense,next_open,relation,上游,171,161,0.45962732919254656,-0.02236252428806616,-0.023136225386761744,0.9415204678362573
latest_0718,defense,next_open,relation,上游/替代,2,2,1.0,0.05034439493761961,0.05034439493761961,1.0
latest_0718,defense,next_open,relation,下游,54,45,0.5111111111111111,-0.0031311498416886543,0.009980453319638372,0.8333333333333334
latest_0718,defense,next_open,relation,下游/替代,27,27,0.6296296296296297,0.039463700516713954,0.018713028557853284,1.0
latest_0718,defense,next_open,relation,直接供应商/相邻替代,1,1,0.0,-0.05546394385253084,-0.05546394385253084,1.0
latest_0718,defense,next_open,relation,直接同业,1427,1285,0.5875486381322957,0.02466583687302479,0.0339562312402778,0.900490539593553
latest_0718,defense,next_open,relation,直接客户/相邻替代,1,1,1.0,0.14870383605171367,0.14870383605171367,1.0
latest_0718,defense,next_open,relation,相邻替代,9606,8701,0.5841857257786461,0.033757850750183,0.03943276173186161,0.9057880491359567
latest_0718,defense,next_open,relation,相邻替代/上下游,2,2,0.0,-0.12934430702076022,-0.12934430702076022,1.0
latest_0718,defense,next_open,relation,跨赛道,12873,11601,0.6508921644685803,0.06480456099693205,0.07376890588797902,0.9011885341412258
latest_0718,defense,next_open,report_date,2026-07-14,33616,30346,0.6056481908653529,0.04235209439376218,0.049939608850672945,0.902724892908139
latest_0718,defense,next_open,report_date,2026-07-18,3056,2734,0.5241404535479152,0.008136216194138454,0.00950651906401817,0.8946335078534031
latest_0718,defense,report_close,all,all,36672,33080,0.5851269649334946,0.0332523119666082,0.04036742695819462,0.9020506108202443
latest_0718,defense,report_close,confidence,,3,0,,,,0.0
latest_0718,defense,report_close,confidence,中,20077,17278,0.5750086815603658,0.02914624015052603,0.03455254538649716,0.8605867410469692
latest_0718,defense,report_close,confidence,低,2510,1802,0.4800221975582686,-0.008769564483403805,-0.008584581159425564,0.7179282868525897
latest_0718,defense,report_close,confidence,高,14082,14000,0.6111428571428571,0.043728606980978864,0.0559582634810919,0.9941769634995029
latest_0718,defense,report_close,strength,0,3592,0,,,,0.0
latest_0718,defense,report_close,strength,1,13138,13138,0.5563251636474349,0.020635918270877112,0.025042088755247716,1.0
latest_0718,defense,report_close,strength,2,19942,19942,0.6041018954969412,0.04156412524383792,0.05169771874266604,1.0
latest_0718,defense,report_close,relation,上下游,12507,11253,0.5515862436683551,0.016296010472365747,0.023800586242962773,0.899736147757256
latest_0718,defense,report_close,relation,上下游/相邻替代,1,1,0.0,-0.2706678857443069,-0.2706678857443069,1.0
latest_0718,defense,report_close,relation,上游,171,161,0.453416149068323,-0.020535126699707786,-0.015486562075200605,0.9415204678362573
latest_0718,defense,report_close,relation,上游/替代,2,2,1.0,0.05558724774668722,0.05558724774668722,1.0
latest_0718,defense,report_close,relation,下游,54,45,0.5111111111111111,-0.0060237029896988955,0.012712329419882096,0.8333333333333334
latest_0718,defense,report_close,relation,下游/替代,27,27,0.6296296296296297,0.04029719624739379,0.021595831467134396,1.0
latest_0718,defense,report_close,relation,直接供应商/相邻替代,1,1,0.0,-0.07018308154608799,-0.07018308154608799,1.0
latest_0718,defense,report_close,relation,直接同业,1427,1285,0.5696498054474708,0.020449779896472814,0.031533984225064704,0.900490539593553
latest_0718,defense,report_close,relation,直接客户/相邻替代,1,1,1.0,0.1427890289453002,0.1427890289453002,1.0
latest_0718,defense,report_close,relation,相邻替代,9606,8701,0.5725778646132629,0.0289177483897731,0.03539910085918163,0.9057880491359567
latest_0718,defense,report_close,relation,相邻替代/上下游,2,2,0.0,-0.10706079528024603,-0.10706079528024603,1.0
latest_0718,defense,report_close,relation,跨赛道,12873,11601,0.6308938884578915,0.05529750753136852,0.06185182387706678,0.9011885341412258
latest_0718,defense,report_close,report_date,2026-07-14,33616,30346,0.5920055361497397,0.03642790787248263,0.043447222598664514,0.902724892908139
latest_0718,defense,report_close,report_date,2026-07-18,3056,2734,0.5087783467446965,-0.0019951764604822717,0.0040633054278411684,0.8946335078534031
latest_0718,explosion,next_open,all,all,36672,33534,0.4574461740323254,-0.01884296231931041,-0.02030536229681945,0.9144306282722513
latest_0718,explosion,next_open,confidence,,2,0,,,,0.0
latest_0718,explosion,next_open,confidence,中,21186,19263,0.4509681773347869,-0.02359970667216793,-0.02434616124426725,0.9092325120362503
latest_0718,explosion,next_open,confidence,低,4976,3792,0.415084388185654,-0.03844503229022286,-0.04098295189196244,0.7620578778135049
latest_0718,explosion,next_open,confidence,高,10508,10479,0.48468365302032634,-0.00300555266201539,-0.006478984802885668,0.9972401979444233
latest_0718,explosion,next_open,strength,0,3138,0,,,,0.0
latest_0718,explosion,next_open,strength,1,14219,14219,0.4424361769463394,-0.027982312829603465,-0.02776873312837469,1.0
latest_0718,explosion,next_open,strength,2,19315,19315,0.468495987574424,-0.012114905114761768,-0.014720827984918139,1.0
latest_0718,explosion,next_open,relation,上下游,12507,11466,0.47671376242804814,-0.009882198616369194,-0.009971202893762465,0.9167666106980091
latest_0718,explosion,next_open,relation,上下游/相邻替代,1,1,0.0,-0.28793985162541824,-0.28793985162541824,1.0
latest_0718,explosion,next_open,relation,上游,171,163,0.43558282208588955,-0.0028709265868217654,-0.0304127715564797,0.9532163742690059
latest_0718,explosion,next_open,relation,上游/替代,2,2,0.0,-0.05034439493761961,-0.05034439493761961,1.0
latest_0718,explosion,next_open,relation,下游,54,53,0.49056603773584906,0.00919140286381352,-0.002199643138964702,0.9814814814814815
latest_0718,explosion,next_open,relation,下游/替代,27,25,0.52,0.01334209299893788,0.004881395416395762,0.9259259259259259
latest_0718,explosion,next_open,relation,直接供应商/相邻替代,1,1,0.0,-0.05546394385253084,-0.05546394385253084,1.0
latest_0718,explosion,next_open,relation,直接同业,1427,1288,0.4805900621118012,-0.006274452349182579,-0.007326406223210791,0.9025928521373511
latest_0718,explosion,next_open,relation,直接客户/相邻替代,1,1,0.0,-0.14870383605171367,-0.14870383605171367,1.0
latest_0718,explosion,next_open,relation,相邻替代,9606,8687,0.5012087026591459,-0.0012126001780409946,0.0006045505424726594,0.9043306266916511
latest_0718,explosion,next_open,relation,相邻替代/上下游,2,2,0.5,0.05365582519398443,0.05365582519398443,1.0
latest_0718,explosion,next_open,relation,跨赛道,12873,11845,0.4043900379907134,-0.04219691917097201,-0.04822396283580743,0.9201429348248271
latest_0718,explosion,next_open,report_date,2026-07-14,33616,30722,0.45400690059240933,-0.020273679439333028,-0.022516533098444924,0.9139100428367444
latest_0718,explosion,next_open,report_date,2026-07-18,3056,2812,0.4950213371266003,-0.003211919872178533,-0.0024145031398176697,0.9201570680628273
latest_0718,explosion,report_close,all,all,36672,33534,0.4689568795848989,-0.013789979035046846,-0.015210860926462011,0.9144306282722513
latest_0718,explosion,report_close,confidence,,2,0,,,,0.0
latest_0718,explosion,report_close,confidence,中,21186,19263,0.460675907179567,-0.018871542615286997,-0.019816507857775667,0.9092325120362503
latest_0718,explosion,report_close,confidence,低,4976,3792,0.435126582278481,-0.03135300891654045,-0.03549830198489351,0.7620578778135049
latest_0718,explosion,report_close,confidence,高,10508,10479,0.4964214142570856,0.001906668408105146,-0.0015267580197544373,0.9972401979444233
latest_0718,explosion,report_close,strength,0,3138,0,,,,0.0
latest_0718,explosion,report_close,strength,1,14219,14219,0.4520711723749912,-0.024160255624686336,-0.02483276091781128,1.0
latest_0718,explosion,report_close,strength,2,19315,19315,0.48138752265078955,-0.006155758852386533,-0.008784075041797346,1.0
latest_0718,explosion,report_close,relation,上下游,12507,11466,0.4828187685330542,-0.006725769148693727,-0.00868433581503536,0.9167666106980091
latest_0718,explosion,report_close,relation,上下游/相邻替代,1,1,0.0,-0.2706678857443069,-0.2706678857443069,1.0
latest_0718,explosion,report_close,relation,上游,171,163,0.4539877300613497,0.00038079196549947004,-0.015866119220829922,0.9532163742690059
latest_0718,explosion,report_close,relation,上游/替代,2,2,0.0,-0.05558724774668722,-0.05558724774668722,1.0
latest_0718,explosion,report_close,relation,下游,54,53,0.49056603773584906,0.010423529563765702,-0.008641866649341967,0.9814814814814815
latest_0718,explosion,report_close,relation,下游/替代,27,25,0.52,0.014805629187334062,0.006201010445210375,0.9259259259259259
latest_0718,explosion,report_close,relation,直接供应商/相邻替代,1,1,0.0,-0.07018308154608799,-0.07018308154608799,1.0
latest_0718,explosion,report_close,relation,直接同业,1427,1288,0.48757763975155277,-0.005655805571068018,-0.007955582760500624,0.9025928521373511
latest_0718,explosion,report_close,relation,直接客户/相邻替代,1,1,0.0,-0.1427890289453002,-0.1427890289453002,1.0
latest_0718,explosion,report_close,relation,相邻替代,9606,8687,0.5066190859905606,0.001550666888604426,0.0037590502598053854,0.9043306266916511
latest_0718,explosion,report_close,relation,相邻替代/上下游,2,2,0.5,0.027672275238541544,0.027672275238541544,1.0
latest_0718,explosion,report_close,relation,跨赛道,12873,11845,0.4260869565217391,-0.03308962773607404,-0.038385430435164736,0.9201429348248271
latest_0718,explosion,report_close,report_date,2026-07-14,33616,30722,0.4646181889199922,-0.01590125574596446,-0.017759847010534457,0.9139100428367444
latest_0718,explosion,report_close,report_date,2026-07-18,3056,2812,0.5163584637268848,0.009276394760405163,0.008008587484703733,0.9201570680628273
latest_0718,mispricing,next_open,all,all,36672,30558,0.59424700569409,0.045552410819805225,0.04450769293368506,0.8332787958115183
latest_0718,mispricing,next_open,confidence,,919,0,,,,0.0
latest_0718,mispricing,next_open,confidence,中,21859,19626,0.6133700193620707,0.05286144476142594,0.05352029249749579,0.8978452811199048
latest_0718,mispricing,next_open,confidence,低,10081,7120,0.49508426966292135,0.0009186071502345851,-0.003703019624581416,0.706279138974308
latest_0718,mispricing,next_open,confidence,高,3813,3812,0.6810073452256034,0.09128839770047023,0.08937462010307962,0.999737739312877
latest_0718,mispricing,next_open,strength,0,6114,0,,,,0.0
latest_0718,mispricing,next_open,strength,1,18364,18364,0.5556523633195383,0.026218308898828428,0.02681259073666653,1.0
latest_0718,mispricing,next_open,strength,2,12194,12194,0.6523700180416598,0.074669308283871,0.07263824215168102,1.0
latest_0718,mispricing,next_open,relation,上下游,12507,10248,0.5468384074941453,0.022644873920721485,0.021780091952581793,0.8193811465579276
latest_0718,mispricing,next_open,relation,上下游/相邻替代,1,1,0.0,-0.28793985162541824,-0.28793985162541824,1.0
latest_0718,mispricing,next_open,relation,上游,171,135,0.4074074074074074,-0.048803203803008885,-0.0551409847679003,0.7894736842105263
latest_0718,mispricing,next_open,relation,上游/替代,2,2,1.0,0.05034439493761961,0.05034439493761961,1.0
latest_0718,mispricing,next_open,relation,下游,54,41,0.6097560975609756,0.062266543480882265,0.03350046252024197,0.7592592592592593
latest_0718,mispricing,next_open,relation,下游/替代,27,27,0.6296296296296297,0.039463700516713954,0.018713028557853284,1.0
latest_0718,mispricing,next_open,relation,直接供应商/相邻替代,1,1,0.0,-0.05546394385253084,-0.05546394385253084,1.0
latest_0718,mispricing,next_open,relation,直接同业,1427,1168,0.5993150684931506,0.0346717949342067,0.04138192095967719,0.818500350385424
latest_0718,mispricing,next_open,relation,直接客户/相邻替代,1,1,1.0,0.14870383605171367,0.14870383605171367,1.0
latest_0718,mispricing,next_open,relation,相邻替代,9606,8073,0.5923448532144184,0.04551273777868478,0.04426546331680303,0.8404122423485322
latest_0718,mispricing,next_open,relation,相邻替代/上下游,2,2,0.0,-0.12934430702076022,-0.12934430702076022,1.0
latest_0718,mispricing,next_open,relation,跨赛道,12873,10859,0.6421401602357492,0.069557749094936,0.07059082224224456,0.8435485123902742
latest_0718,mispricing,next_open,report_date,2026-07-14,33616,27987,0.6032800943295101,0.05022745920191218,0.04894570942009224,0.8325499762018087
latest_0718,mispricing,next_open,report_date,2026-07-18,3056,2571,0.4959159859976663,-0.0053385184178560445,-0.0014835961390418095,0.8412958115183246
latest_0718,mispricing,report_close,all,all,36672,30558,0.5869821323385038,0.04240884508279862,0.03994829668121236,0.8332787958115183
latest_0718,mispricing,report_close,confidence,,919,0,,,,0.0
latest_0718,mispricing,report_close,confidence,中,21859,19626,0.6076123509630083,0.050155897602611514,0.04897414498164626,0.8978452811199048
latest_0718,mispricing,report_close,confidence,低,10081,7120,0.4875,-0.0006156749912649519,-0.006338999643950238,0.706279138974308
latest_0718,mispricing,report_close,confidence,高,3813,3812,0.666579223504722,0.08288390546409055,0.08414702329404095,0.999737739312877
latest_0718,mispricing,report_close,strength,0,6114,0,,,,0.0
latest_0718,mispricing,report_close,strength,1,18364,18364,0.5511326508385973,0.02465378066695471,0.02427317254926553,1.0
latest_0718,mispricing,report_close,strength,2,12194,12194,0.6409709693291783,0.06914773330098443,0.06590655423045738,1.0
latest_0718,mispricing,report_close,relation,上下游,12507,10248,0.544984387197502,0.02216932730821414,0.019966965321144448,0.8193811465579276
latest_0718,mispricing,report_close,relation,上下游/相邻替代,1,1,0.0,-0.2706678857443069,-0.2706678857443069,1.0
latest_0718,mispricing,report_close,relation,上游,171,135,0.4074074074074074,-0.043311712586381224,-0.050528981899803815,0.7894736842105263
latest_0718,mispricing,report_close,relation,上游/替代,2,2,1.0,0.05558724774668722,0.05558724774668722,1.0
latest_0718,mispricing,report_close,relation,下游,54,41,0.6097560975609756,0.06262489481085878,0.03180403006301158,0.7592592592592593
latest_0718,mispricing,report_close,relation,下游/替代,27,27,0.6296296296296297,0.04029719624739379,0.021595831467134396,1.0
latest_0718,mispricing,report_close,relation,直接供应商/相邻替代,1,1,0.0,-0.07018308154608799,-0.07018308154608799,1.0
latest_0718,mispricing,report_close,relation,直接同业,1427,1168,0.5813356164383562,0.031650781139901725,0.0358637300802605,0.818500350385424
latest_0718,mispricing,report_close,relation,直接客户/相邻替代,1,1,1.0,0.1427890289453002,0.1427890289453002,1.0
latest_0718,mispricing,report_close,relation,相邻替代,9606,8073,0.5877616747181964,0.04232830733818989,0.040182069889302285,0.8404122423485322
latest_0718,mispricing,report_close,relation,相邻替代/上下游,2,2,0.0,-0.10706079528024603,-0.10706079528024603,1.0
latest_0718,mispricing,report_close,relation,跨赛道,12873,10859,0.6287871811400682,0.06377623441565691,0.06169477922357258,0.8435485123902742
latest_0718,mispricing,report_close,report_date,2026-07-14,33616,27987,0.595812341444242,0.047040011413121655,0.04404659525528398,0.8325499762018087
latest_0718,mispricing,report_close,report_date,2026-07-18,3056,2571,0.49085958770906263,-0.008004399602829823,-0.004355976430592934,0.8412958115183246
latest_0718,overall,next_open,all,all,36672,30425,0.6136072308956451,0.05042906498137055,0.05444612275520844,0.8296520506108203
latest_0718,overall,next_open,confidence,,14761,12180,0.6211001642036125,0.055680089303243904,0.05888670080770181,0.825147347740668
latest_0718,overall,next_open,confidence,中,12996,10646,0.5843509299267331,0.03655812719624884,0.0403061777559543,0.8191751308094798
latest_0718,overall,next_open,confidence,低,3823,2568,0.5330996884735203,0.010918957645260408,0.015754663425414983,0.6717237771383731
latest_0718,overall,next_open,confidence,高,5092,5031,0.6984694891671636,0.08723576008356083,0.09343882618577404,0.9880204241948154
latest_0718,overall,next_open,strength,0,6247,0,,,,0.0
latest_0718,overall,next_open,strength,1,19822,19822,0.5876299061648673,0.03811175669330271,0.04079630595185857,1.0
latest_0718,overall,next_open,strength,2,10603,10603,0.6621710836555692,0.07345591444718973,0.07968291585676435,1.0
latest_0718,overall,next_open,relation,上下游,12507,10214,0.5709810064617192,0.0308490449445529,0.033511822847153094,0.816662668905413
latest_0718,overall,next_open,relation,上下游/相邻替代,1,1,0.0,-0.28793985162541824,-0.28793985162541824,1.0
latest_0718,overall,next_open,relation,上游,171,151,0.3841059602649007,-0.05120457696300396,-0.0551409847679003,0.8830409356725146
latest_0718,overall,next_open,relation,上游/替代,2,2,1.0,0.05034439493761961,0.05034439493761961,1.0
latest_0718,overall,next_open,relation,下游,54,38,0.5526315789473685,0.005743549779679759,0.024002356356094157,0.7037037037037037
latest_0718,overall,next_open,relation,下游/替代,27,27,0.6296296296296297,0.039463700516713954,0.018713028557853284,1.0
latest_0718,overall,next_open,relation,直接供应商/相邻替代,1,1,0.0,-0.05546394385253084,-0.05546394385253084,1.0
latest_0718,overall,next_open,relation,直接同业,1427,1177,0.5955819881053526,0.02998947915940188,0.04076183955881452,0.8248072880168185
latest_0718,overall,next_open,relation,直接客户/相邻替代,1,1,1.0,0.14870383605171367,0.14870383605171367,1.0
latest_0718,overall,next_open,relation,相邻替代,9606,8060,0.6141439205955335,0.051013867617465285,0.05433014459869029,0.8390589215073913
latest_0718,overall,next_open,relation,相邻替代/上下游,2,1,0.0,-0.07568848182677579,-0.07568848182677579,0.5
latest_0718,overall,next_open,relation,跨赛道,12873,10752,0.6591331845238095,0.0724851732695649,0.07841264977828005,0.835236541598695
latest_0718,overall,next_open,report_date,2026-07-14,33616,27836,0.6227906308377641,0.054348855766200146,0.05889400119974508,0.8280580675868634
latest_0718,overall,next_open,report_date,2026-07-18,3056,2589,0.514870606411742,0.008284879470935364,0.007408679045900812,0.8471858638743456
latest_0718,overall,report_close,all,all,36672,30425,0.6033196384552177,0.045786673864413895,0.04899301360732,0.8296520506108203
latest_0718,overall,report_close,confidence,,14761,12180,0.6064039408866995,0.04980705065971336,0.05108512869631526,0.825147347740668
latest_0718,overall,report_close,confidence,中,12996,10646,0.579842194251362,0.03313636019202233,0.038003910819798314,0.8191751308094798
latest_0718,overall,report_close,confidence,低,3823,2568,0.5268691588785047,0.010069448530034887,0.014241030387421583,0.6717237771383731
latest_0718,overall,report_close,confidence,高,5092,5031,0.6845557543231962,0.08105379464521661,0.09164436362501349,0.9880204241948154
latest_0718,overall,report_close,strength,0,6247,0,,,,0.0
latest_0718,overall,report_close,strength,1,19822,19822,0.5774896579558066,0.033593082548680646,0.03581226372783897,1.0
latest_0718,overall,report_close,strength,2,10603,10603,0.6516080354616618,0.06858223805006557,0.07590424566361043,1.0
latest_0718,overall,report_close,relation,上下游,12507,10214,0.5662815743097709,0.027960296439078495,0.031567024912924346,0.816662668905413
latest_0718,overall,report_close,relation,上下游/相邻替代,1,1,0.0,-0.2706678857443069,-0.2706678857443069,1.0
latest_0718,overall,report_close,relation,上游,171,151,0.37748344370860926,-0.04767305526314988,-0.05895212467044442,0.8830409356725146
latest_0718,overall,report_close,relation,上游/替代,2,2,1.0,0.05558724774668722,0.05558724774668722,1.0
latest_0718,overall,report_close,relation,下游,54,38,0.5526315789473685,0.0005342182859047166,0.020876943208282817,0.7037037037037037
latest_0718,overall,report_close,relation,下游/替代,27,27,0.6296296296296297,0.04029719624739379,0.021595831467134396,1.0
latest_0718,overall,report_close,relation,直接供应商/相邻替代,1,1,0.0,-0.07018308154608799,-0.07018308154608799,1.0
latest_0718,overall,report_close,relation,直接同业,1427,1177,0.5802888700084962,0.025172139735915797,0.033642081301786364,0.8248072880168185
latest_0718,overall,report_close,relation,直接客户/相邻替代,1,1,1.0,0.1427890289453002,0.1427890289453002,1.0
latest_0718,overall,report_close,relation,相邻替代,9606,8060,0.6053349875930522,0.04664883600461928,0.05042647016437918,0.8390589215073913
latest_0718,overall,report_close,relation,相邻替代/上下游,2,1,0.0,-0.07938852004170449,-0.07938852004170449,0.5
latest_0718,overall,report_close,relation,跨赛道,12873,10752,0.6428571428571429,0.06585867192556974,0.07058929022883775,0.835236541598695
latest_0718,overall,report_close,report_date,2026-07-14,33616,27836,0.6115821238683719,0.04962371678680097,0.052951696930260195,0.8280580675868634
latest_0718,overall,report_close,report_date,2026-07-18,3056,2589,0.5144843568945539,0.004532163710854001,0.006259774676814489,0.8471858638743456
original_0714,near,next_open,all,all,36672,33647,0.5165393645793087,0.007137801258234769,0.008469616985105288,0.9175119982547993
original_0714,near,next_open,confidence,,3,0,,,,0.0
original_0714,near,next_open,confidence,中,22013,19863,0.48280722952222727,-0.00859126494679989,-0.00836033997466823,0.9023304411029845
original_0714,near,next_open,confidence,低,3251,2423,0.4572843582335947,-0.013490903328714042,-0.021036979101295983,0.7453091356505691
original_0714,near,next_open,confidence,高,11405,11361,0.5881524513687175,0.03903726373907099,0.04255810896048606,0.9961420429636124
original_0714,near,next_open,strength,0,3025,0,,,,0.0
original_0714,near,next_open,strength,1,14553,14553,0.48780320208891637,-0.005439493221732547,-0.005540545128677299,1.0
original_0714,near,next_open,strength,2,19094,19094,0.5384413952026814,0.016723920801911544,0.01879471671022659,1.0
original_0714,near,next_open,relation,上下游,12523,11560,0.5019896193771626,0.002080385544921869,0.00137791255649089,0.9231014932524155
original_0714,near,next_open,relation,上下游/相邻替代,1,1,0.0,-0.28793985162541824,-0.28793985162541824,1.0
original_0714,near,next_open,relation,上游,171,164,0.4878048780487805,0.020348718286480865,-0.009413232618114609,0.9590643274853801
original_0714,near,next_open,relation,上游/替代,2,2,1.0,0.05034439493761961,0.05034439493761961,1.0
original_0714,near,next_open,relation,下游,54,47,0.46808510638297873,-0.023519891739400795,-0.02531535296077725,0.8703703703703703
original_0714,near,next_open,relation,下游/替代,27,27,0.6296296296296297,0.039463700516713954,0.018713028557853284,1.0
original_0714,near,next_open,relation,直接供应商/相邻替代,1,1,0.0,-0.05546394385253084,-0.05546394385253084,1.0
original_0714,near,next_open,relation,直接同业,1423,1299,0.5381062355658198,0.013197165928505089,0.01956046422615776,0.9128601546029516
original_0714,near,next_open,relation,直接客户/相邻替代,1,1,1.0,0.14870383605171367,0.14870383605171367,1.0
original_0714,near,next_open,relation,相邻替代,9481,8599,0.5494824979648797,0.019469926319380507,0.022328373175959593,0.9069718384136695
original_0714,near,next_open,relation,相邻替代/上下游,2,2,0.5,0.05365582519398443,0.05365582519398443,1.0
original_0714,near,next_open,relation,跨赛道,12986,11944,0.5048559946416611,0.002364429989369398,0.003286670352493415,0.9197597412598183
original_0714,near,next_open,report_date,2026-07-14,36672,33647,0.5165393645793087,0.007137801258234769,0.008469616985105288,0.9175119982547993
original_0714,near,report_close,all,all,36672,33647,0.5180253811632538,0.007278550412066347,0.00932573657756497,0.9175119982547993
original_0714,near,report_close,confidence,,3,0,,,,0.0
original_0714,near,report_close,confidence,中,22013,19863,0.48567688667371495,-0.0078002532187676655,-0.007406804236674613,0.9023304411029845
original_0714,near,report_close,confidence,低,3251,2423,0.46801485761452744,-0.008970413174416967,-0.015276755804568554,0.7453091356505691
original_0714,near,report_close,confidence,高,11405,11361,0.5852477774843764,0.03710704396803017,0.04009992457885603,0.9961420429636124
original_0714,near,report_close,strength,0,3025,0,,,,0.0
original_0714,near,report_close,strength,1,14553,14553,0.49082663368377655,-0.004422727508025674,-0.004089688366780142,1.0
original_0714,near,report_close,strength,2,19094,19094,0.5387556300408505,0.016196990632612027,0.01874961706602729,1.0
original_0714,near,report_close,relation,上下游,12523,11560,0.5000865051903114,-0.00014190509449287783,3.945913342456864e-05,0.9231014932524155
original_0714,near,report_close,relation,上下游/相邻替代,1,1,0.0,-0.2706678857443069,-0.2706678857443069,1.0
original_0714,near,report_close,relation,上游,171,164,0.5060975609756098,0.018989571187560627,0.0030404806605040524,0.9590643274853801
original_0714,near,report_close,relation,上游/替代,2,2,1.0,0.05558724774668722,0.05558724774668722,1.0
original_0714,near,report_close,relation,下游,54,47,0.46808510638297873,-0.026066046834954226,-0.02103163896673288,0.8703703703703703
original_0714,near,report_close,relation,下游/替代,27,27,0.6296296296296297,0.04029719624739379,0.021595831467134396,1.0
original_0714,near,report_close,relation,直接供应商/相邻替代,1,1,0.0,-0.07018308154608799,-0.07018308154608799,1.0
original_0714,near,report_close,relation,直接同业,1423,1299,0.5388760585065435,0.010365211848866985,0.019288813172506192,0.9128601546029516
original_0714,near,report_close,relation,直接客户/相邻替代,1,1,1.0,0.1427890289453002,0.1427890289453002,1.0
original_0714,near,report_close,relation,相邻替代,9481,8599,0.5475055238981277,0.018470727196191358,0.022332435801253436,0.9069718384136695
original_0714,near,report_close,relation,相邻替代/上下游,2,2,0.5,0.027672275238541544,0.027672275238541544,1.0
original_0714,near,report_close,relation,跨赛道,12986,11944,0.5119725385130609,0.0059696875733074575,0.006424481307504504,0.9197597412598183
original_0714,near,report_close,report_date,2026-07-14,36672,33647,0.5180253811632538,0.007278550412066347,0.00932573657756497,0.9175119982547993
original_0714,long,next_open,all,all,36672,32110,0.5872313920896917,0.03574063299489566,0.04225202648120574,0.8755999127399651
original_0714,long,next_open,confidence,,2,0,,,,0.0
original_0714,long,next_open,confidence,中,21842,18503,0.5760147003188673,0.030173140582608598,0.035924402250336884,0.8471293837560663
original_0714,long,next_open,confidence,低,3389,2326,0.4901117798796217,-0.008402672684008253,-0.006376932758808629,0.6863381528474476
original_0714,long,next_open,confidence,高,11439,11281,0.6256537540998138,0.05397417976501161,0.062065605804755064,0.986187603811522
original_0714,long,next_open,strength,0,4562,0,,,,0.0
original_0714,long,next_open,strength,1,15356,15356,0.5562646522531909,0.021537803178771284,0.025642836824229576,1.0
original_0714,long,next_open,strength,2,16754,16754,0.6156141816879551,0.04875833949223395,0.05829833113472016,1.0
original_0714,long,next_open,relation,上下游,12523,10958,0.5616900894323782,0.024620880928505433,0.029622596556114877,0.8750299449013814
original_0714,long,next_open,relation,上下游/相邻替代,1,1,0.0,-0.28793985162541824,-0.28793985162541824,1.0
original_0714,long,next_open,relation,上游,171,163,0.44171779141104295,-0.013173262783948462,-0.030012864658255145,0.9532163742690059
original_0714,long,next_open,relation,上游/替代,2,2,1.0,0.05034439493761961,0.05034439493761961,1.0
original_0714,long,next_open,relation,下游,54,46,0.43478260869565216,-0.051081124134525646,-0.039002154768429775,0.8518518518518519
original_0714,long,next_open,relation,下游/替代,27,26,0.6153846153846154,0.026853285792654263,0.013216853530472417,0.9629629629629629
original_0714,long,next_open,relation,直接供应商/相邻替代,1,1,0.0,-0.05546394385253084,-0.05546394385253084,1.0
original_0714,long,next_open,relation,直接同业,1423,1195,0.590794979079498,0.028252483580719297,0.03711826149719344,0.8397751229796205
original_0714,long,next_open,relation,直接客户/相邻替代,1,1,1.0,0.14870383605171367,0.14870383605171367,1.0
original_0714,long,next_open,relation,相邻替代,9481,8293,0.583865911009285,0.03249041385827966,0.038758011838781914,0.8746967619449425
original_0714,long,next_open,relation,相邻替代/上下游,2,1,0.0,-0.07568848182677579,-0.07568848182677579,0.5
original_0714,long,next_open,relation,跨赛道,12986,11423,0.6164755318217631,0.05065218243986737,0.05951073881373159,0.8796396118897274
original_0714,long,next_open,report_date,2026-07-14,36672,32110,0.5872313920896917,0.03574063299489566,0.04225202648120574,0.8755999127399651
original_0714,long,report_close,all,all,36672,32110,0.5775147928994083,0.03073577492209693,0.03724274542471301,0.8755999127399651
original_0714,long,report_close,confidence,,2,0,,,,0.0
original_0714,long,report_close,confidence,中,21842,18503,0.5670972274766254,0.02515651005689887,0.03147862991430728,0.8471293837560663
original_0714,long,report_close,confidence,低,3389,2326,0.4883920894239037,-0.011065750718872187,-0.004185481153557935,0.6863381528474476
original_0714,long,report_close,confidence,高,11439,11281,0.612977572910203,0.048505785244023526,0.05673597820708054,0.986187603811522
original_0714,long,report_close,strength,0,4562,0,,,,0.0
original_0714,long,report_close,strength,1,15356,15356,0.5508595988538681,0.018327736983312422,0.022915732854622062,1.0
original_0714,long,report_close,strength,2,16754,16754,0.6019458039871075,0.042108451929854775,0.05049493043255915,1.0
original_0714,long,report_close,relation,上下游,12523,10958,0.5491878079941596,0.018405311143305028,0.02335547392662285,0.8750299449013814
original_0714,long,report_close,relation,上下游/相邻替代,1,1,0.0,-0.2706678857443069,-0.2706678857443069,1.0
original_0714,long,report_close,relation,上游,171,163,0.43558282208588955,-0.013108694603176079,-0.03624773615688026,0.9532163742690059
original_0714,long,report_close,relation,上游/替代,2,2,1.0,0.05558724774668722,0.05558724774668722,1.0
original_0714,long,report_close,relation,下游,54,46,0.43478260869565216,-0.05307479172664238,-0.04228488397919761,0.8518518518518519
original_0714,long,report_close,relation,下游/替代,27,26,0.6153846153846154,0.02733512948920567,0.013898420956172386,0.9629629629629629
original_0714,long,report_close,relation,直接供应商/相邻替代,1,1,0.0,-0.07018308154608799,-0.07018308154608799,1.0
original_0714,long,report_close,relation,直接同业,1423,1195,0.5790794979079498,0.022179987360304836,0.03169840954731162,0.8397751229796205
original_0714,long,report_close,relation,直接客户/相邻替代,1,1,1.0,0.1427890289453002,0.1427890289453002,1.0
original_0714,long,report_close,relation,相邻替代,9481,8293,0.5769926443988906,0.028948481683522886,0.03707466610367438,0.8746967619449425
original_0714,long,report_close,relation,相邻替代/上下游,2,1,0.0,-0.07938852004170449,-0.07938852004170449,0.5
original_0714,long,report_close,relation,跨赛道,12986,11423,0.6074586360850914,0.04575848813613706,0.05193715104777341,0.8796396118897274
original_0714,long,report_close,report_date,2026-07-14,36672,32110,0.5775147928994083,0.03073577492209693,0.03724274542471301,0.8755999127399651
original_0714,odds,next_open,all,all,36672,32844,0.6276945560833029,0.06220974709515736,0.06161792501409724,0.8956151832460733
original_0714,odds,next_open,confidence,,1063,0,,,,0.0
original_0714,odds,next_open,confidence,中,19433,17801,0.6079433739677547,0.05236309316183476,0.051108117734959047,0.9160191426954151
original_0714,odds,next_open,confidence,低,4725,3613,0.5422086908386382,0.025694753943473807,0.019461433580763243,0.7646560846560847
original_0714,odds,next_open,confidence,高,11451,11430,0.6854768153980753,0.08908717114801021,0.0891095482046872,0.9981660990306523
original_0714,odds,next_open,strength,0,3828,0,,,,0.0
original_0714,odds,next_open,strength,1,12642,12642,0.5813953488372093,0.03930551048380243,0.03898103521585833,1.0
original_0714,odds,next_open,strength,2,20202,20202,0.6566676566676567,0.07654275171057905,0.075675511181305,1.0
original_0714,odds,next_open,relation,上下游,12523,11000,0.600909090909091,0.0502642806938344,0.04700660493738873,0.8783837738561048
original_0714,odds,next_open,relation,上下游/相邻替代,1,1,0.0,-0.28793985162541824,-0.28793985162541824,1.0
original_0714,odds,next_open,relation,上游,171,145,0.3931034482758621,-0.0478443081638085,-0.050077245969981865,0.847953216374269
original_0714,odds,next_open,relation,上游/替代,2,2,1.0,0.05034439493761961,0.05034439493761961,1.0
original_0714,odds,next_open,relation,下游,54,44,0.6136363636363636,0.06831886595407105,0.09601558838128826,0.8148148148148148
original_0714,odds,next_open,relation,下游/替代,27,27,0.6296296296296297,0.039463700516713954,0.018713028557853284,1.0
original_0714,odds,next_open,relation,直接供应商/相邻替代,1,1,0.0,-0.05546394385253084,-0.05546394385253084,1.0
original_0714,odds,next_open,relation,直接同业,1423,1227,0.6112469437652812,0.04317757880990676,0.04571630340125188,0.8622628250175686
original_0714,odds,next_open,relation,直接客户/相邻替代,1,1,1.0,0.14870383605171367,0.14870383605171367,1.0
original_0714,odds,next_open,relation,相邻替代,9481,8598,0.6116538729937194,0.05416772395085837,0.053580076411434585,0.9068663643075625
original_0714,odds,next_open,relation,相邻替代/上下游,2,2,0.0,-0.12934430702076022,-0.12934430702076022,1.0
original_0714,odds,next_open,relation,跨赛道,12986,11796,0.6691251271617498,0.0826394914109315,0.08447906472710898,0.9083628523024796
original_0714,odds,next_open,report_date,2026-07-14,36672,32844,0.6276945560833029,0.06220974709515736,0.06161792501409724,0.8956151832460733
original_0714,odds,report_close,all,all,36672,32844,0.6145414687614176,0.05611817715665308,0.05437305647540258,0.8956151832460733
original_0714,odds,report_close,confidence,,1063,0,,,,0.0
original_0714,odds,report_close,confidence,中,19433,17801,0.5982248188304028,0.047497232689470044,0.045574981346606425,0.9160191426954151
original_0714,odds,report_close,confidence,低,4725,3613,0.5377802380293385,0.023748082684202827,0.016431850823662053,0.7646560846560847
original_0714,odds,report_close,confidence,高,11451,11430,0.6642169728783902,0.07977649594836682,0.08043818565586813,0.9981660990306523
original_0714,odds,report_close,strength,0,3828,0,,,,0.0
original_0714,odds,report_close,strength,1,12642,12642,0.5748299319727891,0.035995743209136434,0.0349848016939629,1.0
original_0714,odds,report_close,strength,2,20202,20202,0.6393921393921393,0.06871038634210527,0.06833052718577703,1.0
original_0714,odds,report_close,relation,上下游,12523,11000,0.5916363636363636,0.045265134280166985,0.04110635080763725,0.8783837738561048
original_0714,odds,report_close,relation,上下游/相邻替代,1,1,0.0,-0.2706678857443069,-0.2706678857443069,1.0
original_0714,odds,report_close,relation,上游,171,145,0.4,-0.044350727331488225,-0.050528981899803815,0.847953216374269
original_0714,odds,report_close,relation,上游/替代,2,2,1.0,0.05558724774668722,0.05558724774668722,1.0
original_0714,odds,report_close,relation,下游,54,44,0.6136363636363636,0.06756722287181827,0.08836856618638589,0.8148148148148148
original_0714,odds,report_close,relation,下游/替代,27,27,0.6296296296296297,0.04029719624739379,0.021595831467134396,1.0
original_0714,odds,report_close,relation,直接供应商/相邻替代,1,1,0.0,-0.07018308154608799,-0.07018308154608799,1.0
original_0714,odds,report_close,relation,直接同业,1423,1227,0.5900570497147515,0.03588596800071778,0.03942521700222901,0.8622628250175686
original_0714,odds,report_close,relation,直接客户/相邻替代,1,1,1.0,0.1427890289453002,0.1427890289453002,1.0
original_0714,odds,report_close,relation,相邻替代,9481,8598,0.6028146080483834,0.04894951718612404,0.04770343342109207,0.9068663643075625
original_0714,odds,report_close,relation,相邻替代/上下游,2,2,0.0,-0.10706079528024603,-0.10706079528024603,1.0
original_0714,odds,report_close,relation,跨赛道,12986,11796,0.6497117667005765,0.07485586506778061,0.07627019731051399,0.9083628523024796
original_0714,odds,report_close,report_date,2026-07-14,36672,32844,0.6145414687614176,0.05611817715665308,0.05437305647540258,0.8956151832460733
original_0714,defense,next_open,all,all,36672,33052,0.6045019968534431,0.04263434470169179,0.04962155028196136,0.9012870855148342
original_0714,defense,next_open,confidence,,3,0,,,,0.0
original_0714,defense,next_open,confidence,中,19953,17147,0.5863416341050913,0.033869018743063285,0.039960530530677496,0.8593695183681652
original_0714,defense,next_open,confidence,低,2508,1785,0.4823529411764706,-0.005602366052319741,-0.006394005542602166,0.7117224880382775
original_0714,defense,next_open,confidence,高,14208,14120,0.6419971671388102,0.05937666572920693,0.0722064184123698,0.9938063063063063
original_0714,defense,next_open,strength,0,3620,0,,,,0.0
original_0714,defense,next_open,strength,1,12964,12964,0.5662604134526381,0.024747807361555012,0.02888396636106494,1.0
original_0714,defense,next_open,strength,2,20088,20088,0.6291816009557945,0.05417760784772591,0.06555908005732636,1.0
original_0714,defense,next_open,relation,上下游,12523,11234,0.5737048246394872,0.027714603338411185,0.034235186974879483,0.8970693923181347
original_0714,defense,next_open,relation,上下游/相邻替代,1,1,0.0,-0.28793985162541824,-0.28793985162541824,1.0
original_0714,defense,next_open,relation,上游,171,161,0.45962732919254656,-0.02236252428806616,-0.023136225386761744,0.9415204678362573
original_0714,defense,next_open,relation,上游/替代,2,2,1.0,0.05034439493761961,0.05034439493761961,1.0
original_0714,defense,next_open,relation,下游,54,45,0.5111111111111111,-0.0031311498416886543,0.009980453319638372,0.8333333333333334
original_0714,defense,next_open,relation,下游/替代,27,27,0.6296296296296297,0.039463700516713954,0.018713028557853284,1.0
original_0714,defense,next_open,relation,直接供应商/相邻替代,1,1,0.0,-0.05546394385253084,-0.05546394385253084,1.0
original_0714,defense,next_open,relation,直接同业,1423,1281,0.5909445745511319,0.027142329492840893,0.03711826149719344,0.9002108222066058
original_0714,defense,next_open,relation,直接客户/相邻替代,1,1,1.0,0.14870383605171367,0.14870383605171367,1.0
original_0714,defense,next_open,relation,相邻替代,9481,8583,0.5897704765233601,0.03661504905220421,0.04195855939298554,0.9052842527159582
original_0714,defense,next_open,relation,相邻替代/上下游,2,2,0.0,-0.12934430702076022,-0.12934430702076022,1.0
original_0714,defense,next_open,relation,跨赛道,12986,11714,0.64871094416937,0.06417932944375139,0.07373428031323814,0.9020483597720622
original_0714,defense,next_open,report_date,2026-07-14,36672,33052,0.6045019968534431,0.04263434470169179,0.04962155028196136,0.9012870855148342
original_0714,defense,report_close,all,all,36672,33052,0.5891020210577272,0.03545094534322236,0.04237748787338441,0.9012870855148342
original_0714,defense,report_close,confidence,,3,0,,,,0.0
original_0714,defense,report_close,confidence,中,19953,17147,0.573686359129877,0.0287419911681431,0.034119947364672276,0.8593695183681652
original_0714,defense,report_close,confidence,低,2508,1785,0.4834733893557423,-0.007464127094917133,-0.0056524360019093445,0.7117224880382775
original_0714,defense,report_close,confidence,高,14208,14120,0.6211756373937677,0.04902331372439538,0.06180668556824842,0.9938063063063063
original_0714,defense,report_close,strength,0,3620,0,,,,0.0
original_0714,defense,report_close,strength,1,12964,12964,0.5555384140697316,0.02077604533314706,0.02414240424304598,1.0
original_0714,defense,report_close,strength,2,20088,20088,0.6107626443647949,0.0449215448917397,0.05575437659856736,1.0
original_0714,defense,report_close,relation,上下游,12523,11234,0.562310842086523,0.021925959332073537,0.029347799319154544,0.8970693923181347
original_0714,defense,report_close,relation,上下游/相邻替代,1,1,0.0,-0.2706678857443069,-0.2706678857443069,1.0
original_0714,defense,report_close,relation,上游,171,161,0.453416149068323,-0.020535126699707786,-0.015486562075200605,0.9415204678362573
original_0714,defense,report_close,relation,上游/替代,2,2,1.0,0.05558724774668722,0.05558724774668722,1.0
original_0714,defense,report_close,relation,下游,54,45,0.5111111111111111,-0.0060237029896988955,0.012712329419882096,0.8333333333333334
original_0714,defense,report_close,relation,下游/替代,27,27,0.6296296296296297,0.04029719624739379,0.021595831467134396,1.0
original_0714,defense,report_close,relation,直接供应商/相邻替代,1,1,0.0,-0.07018308154608799,-0.07018308154608799,1.0
original_0714,defense,report_close,relation,直接同业,1423,1281,0.570647931303669,0.01989479370720734,0.032047923480192364,0.9002108222066058
original_0714,defense,report_close,relation,直接客户/相邻替代,1,1,1.0,0.1427890289453002,0.1427890289453002,1.0
original_0714,defense,report_close,relation,相邻替代,9481,8583,0.5778865198648491,0.03141780869380687,0.03813907288322527,0.9052842527159582
original_0714,defense,report_close,relation,相邻替代/上下游,2,2,0.0,-0.10706079528024603,-0.10706079528024603,1.0
original_0714,defense,report_close,relation,跨赛道,12986,11714,0.6271982243469353,0.05404254245840161,0.06140307115191118,0.9020483597720622
original_0714,defense,report_close,report_date,2026-07-14,36672,33052,0.5891020210577272,0.03545094534322236,0.04237748787338441,0.9012870855148342
original_0714,explosion,next_open,all,all,36672,33498,0.45441518896650546,-0.019940618778854582,-0.02223756439963276,0.9134489528795812
original_0714,explosion,next_open,confidence,,2,0,,,,0.0
original_0714,explosion,next_open,confidence,中,21047,19086,0.44839149114534216,-0.024500425685893706,-0.025743475675963134,0.9068275763766808
original_0714,explosion,next_open,confidence,低,4944,3761,0.40600904014889655,-0.03963482121331618,-0.0450950356419163,0.760720064724919
original_0714,explosion,next_open,confidence,高,10679,10651,0.4823021312552812,-0.00481543147402323,-0.008002562324411877,0.9973780316509037
original_0714,explosion,next_open,strength,0,3174,0,,,,0.0
original_0714,explosion,next_open,strength,1,13993,13993,0.43678982348317014,-0.029305971500920878,-0.031266583471556864,1.0
original_0714,explosion,next_open,strength,2,19505,19505,0.46705972827480136,-0.013221860478937968,-0.016285876411809896,1.0
original_0714,explosion,next_open,relation,上下游,12523,11440,0.4659090909090909,-0.013378536743860458,-0.015716953621036367,0.9135191248103489
original_0714,explosion,next_open,relation,上下游/相邻替代,1,1,0.0,-0.28793985162541824,-0.28793985162541824,1.0
original_0714,explosion,next_open,relation,上游,171,163,0.43558282208588955,-0.0028709265868217654,-0.0304127715564797,0.9532163742690059
original_0714,explosion,next_open,relation,上游/替代,2,2,0.0,-0.05034439493761961,-0.05034439493761961,1.0
original_0714,explosion,next_open,relation,下游,54,53,0.49056603773584906,0.00919140286381352,-0.002199643138964702,0.9814814814814815
original_0714,explosion,next_open,relation,下游/替代,27,25,0.52,0.01334209299893788,0.004881395416395762,0.9259259259259259
original_0714,explosion,next_open,relation,直接供应商/相邻替代,1,1,0.0,-0.05546394385253084,-0.05546394385253084,1.0
original_0714,explosion,next_open,relation,直接同业,1423,1284,0.48364485981308414,-0.005895687334693897,-0.006455824834658341,0.9023190442726634
original_0714,explosion,next_open,relation,直接客户/相邻替代,1,1,0.0,-0.14870383605171367,-0.14870383605171367,1.0
original_0714,explosion,next_open,relation,相邻替代,9481,8565,0.49842381786339757,-0.0024064010296715537,-0.0009729933298255888,0.9033857188060331
original_0714,explosion,next_open,relation,相邻替代/上下游,2,2,0.5,0.05365582519398443,0.05365582519398443,1.0
original_0714,explosion,next_open,relation,跨赛道,12986,11961,0.4089122983028175,-0.04068278162524121,-0.047188481784060654,0.9210688433697829
original_0714,explosion,next_open,report_date,2026-07-14,36672,33498,0.45441518896650546,-0.019940618778854582,-0.02223756439963276,0.9134489528795812
original_0714,explosion,report_close,all,all,36672,33498,0.46501283658725895,-0.015354258069891874,-0.017571029754840373,0.9134489528795812
original_0714,explosion,report_close,confidence,,2,0,,,,0.0
original_0714,explosion,report_close,confidence,中,21047,19086,0.4587131929162737,-0.01935589559489638,-0.020456730842259352,0.9068275763766808
original_0714,explosion,report_close,confidence,低,4944,3761,0.425418771603297,-0.03321158936041802,-0.03949692099810875,0.760720064724919
original_0714,explosion,report_close,confidence,高,10679,10651,0.4902826025725284,-0.0018779012220930965,-0.004830246053981857,0.9973780316509037
original_0714,explosion,report_close,strength,0,3174,0,,,,0.0
original_0714,explosion,report_close,strength,1,13993,13993,0.4462945758593583,-0.025494412731364536,-0.027678495967592753,1.0
original_0714,explosion,report_close,strength,2,19505,19505,0.4784414252755704,-0.008079652369918177,-0.009930777859240791,1.0
original_0714,explosion,report_close,relation,上下游,12523,11440,0.4703671328671329,-0.011306337637387412,-0.014665502406282671,0.9135191248103489
original_0714,explosion,report_close,relation,上下游/相邻替代,1,1,0.0,-0.2706678857443069,-0.2706678857443069,1.0
original_0714,explosion,report_close,relation,上游,171,163,0.4539877300613497,0.00038079196549947004,-0.015866119220829922,0.9532163742690059
original_0714,explosion,report_close,relation,上游/替代,2,2,0.0,-0.05558724774668722,-0.05558724774668722,1.0
original_0714,explosion,report_close,relation,下游,54,53,0.49056603773584906,0.010423529563765702,-0.008641866649341967,0.9814814814814815
original_0714,explosion,report_close,relation,下游/替代,27,25,0.52,0.014805629187334062,0.006201010445210375,0.9259259259259259
original_0714,explosion,report_close,relation,直接供应商/相邻替代,1,1,0.0,-0.07018308154608799,-0.07018308154608799,1.0
original_0714,explosion,report_close,relation,直接同业,1423,1284,0.4883177570093458,-0.005326636038013402,-0.007426799075040569,0.9023190442726634
original_0714,explosion,report_close,relation,直接客户/相邻替代,1,1,0.0,-0.1427890289453002,-0.1427890289453002,1.0
original_0714,explosion,report_close,relation,相邻替代,9481,8565,0.5034442498540572,-5.210425838957816e-05,0.0020310476042005865,0.9033857188060331
original_0714,explosion,report_close,relation,相邻替代/上下游,2,2,0.5,0.027672275238541544,0.027672275238541544,1.0
original_0714,explosion,report_close,relation,跨赛道,12986,11961,0.4299807708385586,-0.0316154123863638,-0.03708846890824635,0.9210688433697829
original_0714,explosion,report_close,report_date,2026-07-14,36672,33498,0.46501283658725895,-0.015354258069891874,-0.017571029754840373,0.9134489528795812
original_0714,mispricing,next_open,all,all,36672,30495,0.6011805213969503,0.04912186831712475,0.04831118305010185,0.8315608638743456
original_0714,mispricing,next_open,confidence,,971,0,,,,0.0
original_0714,mispricing,next_open,confidence,中,21920,19701,0.6178874168823918,0.055512700169312326,0.056133436865545394,0.8987682481751825
original_0714,mispricing,next_open,confidence,低,10093,7107,0.5006331785563529,0.004846652582687235,0.00042931475459884183,0.7041513920538988
original_0714,mispricing,next_open,confidence,高,3688,3687,0.7057228098725251,0.10031746905070217,0.10097096721764776,0.9997288503253796
original_0714,mispricing,next_open,strength,0,6177,0,,,,0.0
original_0714,mispricing,next_open,strength,1,18292,18292,0.5580034987972884,0.02829875066659763,0.028227890813133483,1.0
original_0714,mispricing,next_open,strength,2,12203,12203,0.665901827419487,0.08033521487644966,0.07881236814158821,1.0
original_0714,mispricing,next_open,relation,上下游,12523,10149,0.5602522416001576,0.030060131586456134,0.027667074480723475,0.8104288109877825
original_0714,mispricing,next_open,relation,上下游/相邻替代,1,1,0.0,-0.28793985162541824,-0.28793985162541824,1.0
original_0714,mispricing,next_open,relation,上游,171,135,0.4074074074074074,-0.048803203803008885,-0.0551409847679003,0.7894736842105263
original_0714,mispricing,next_open,relation,上游/替代,2,2,1.0,0.05034439493761961,0.05034439493761961,1.0
original_0714,mispricing,next_open,relation,下游,54,41,0.6097560975609756,0.062266543480882265,0.03350046252024197,0.7592592592592593
original_0714,mispricing,next_open,relation,下游/替代,27,27,0.6296296296296297,0.039463700516713954,0.018713028557853284,1.0
original_0714,mispricing,next_open,relation,直接供应商/相邻替代,1,1,0.0,-0.05546394385253084,-0.05546394385253084,1.0
original_0714,mispricing,next_open,relation,直接同业,1423,1164,0.6030927835051546,0.037030136860065094,0.044527293109888344,0.8179901616303584
original_0714,mispricing,next_open,relation,直接客户/相邻替代,1,1,1.0,0.14870383605171367,0.14870383605171367,1.0
original_0714,mispricing,next_open,relation,相邻替代,9481,7965,0.5964846202134337,0.04743375868494959,0.04588106491925459,0.8401012551418626
original_0714,mispricing,next_open,relation,相邻替代/上下游,2,2,0.0,-0.12934430702076022,-0.12934430702076022,1.0
original_0714,mispricing,next_open,relation,跨赛道,12986,11007,0.6444989552103207,0.07043706874982901,0.07211088805374355,0.8476051131988295
original_0714,mispricing,next_open,report_date,2026-07-14,36672,30495,0.6011805213969503,0.04912186831712475,0.04831118305010185,0.8315608638743456
original_0714,mispricing,report_close,all,all,36672,30495,0.5906214133464502,0.04422978012644127,0.04210231324257596,0.8315608638743456
original_0714,mispricing,report_close,confidence,,971,0,,,,0.0
original_0714,mispricing,report_close,confidence,中,21920,19701,0.608395512918126,0.05066757093238954,0.04936734965860046,0.8987682481751825
original_0714,mispricing,report_close,confidence,低,10093,7107,0.4896580835795694,0.001291993297197682,-0.005360673354517731,0.7041513920538988
original_0714,mispricing,report_close,confidence,高,3688,3687,0.6902630865202062,0.09259645610350865,0.09554274989091593,0.9997288503253796
original_0714,mispricing,report_close,strength,0,6177,0,,,,0.0
original_0714,mispricing,report_close,strength,1,18292,18292,0.5495845178219987,0.02433320536612312,0.023965212434056193,1.0
original_0714,mispricing,report_close,strength,2,12203,12203,0.6521347209702533,0.07405426144380091,0.07178449098477324,1.0
original_0714,mispricing,report_close,relation,上下游,12523,10149,0.5534535422209085,0.026816789977499887,0.024269036549630307,0.8104288109877825
original_0714,mispricing,report_close,relation,上下游/相邻替代,1,1,0.0,-0.2706678857443069,-0.2706678857443069,1.0
original_0714,mispricing,report_close,relation,上游,171,135,0.4074074074074074,-0.043311712586381224,-0.050528981899803815,0.7894736842105263
original_0714,mispricing,report_close,relation,上游/替代,2,2,1.0,0.05558724774668722,0.05558724774668722,1.0
original_0714,mispricing,report_close,relation,下游,54,41,0.6097560975609756,0.06262489481085878,0.03180403006301158,0.7592592592592593
original_0714,mispricing,report_close,relation,下游/替代,27,27,0.6296296296296297,0.04029719624739379,0.021595831467134396,1.0
original_0714,mispricing,report_close,relation,直接供应商/相邻替代,1,1,0.0,-0.07018308154608799,-0.07018308154608799,1.0
original_0714,mispricing,report_close,relation,直接同业,1423,1164,0.5798969072164949,0.030293931221791862,0.0366276678815709,0.8179901616303584
original_0714,mispricing,report_close,relation,直接客户/相邻替代,1,1,1.0,0.1427890289453002,0.1427890289453002,1.0
original_0714,mispricing,report_close,relation,相邻替代,9481,7965,0.5904582548650346,0.04323378586251831,0.04140823812206995,0.8401012551418626
original_0714,mispricing,report_close,relation,相邻替代/上下游,2,2,0.0,-0.10706079528024603,-0.10706079528024603,1.0
original_0714,mispricing,report_close,relation,跨赛道,12986,11007,0.6283274280003635,0.06355017247058281,0.0626127897822546,0.8476051131988295
original_0714,mispricing,report_close,report_date,2026-07-14,36672,30495,0.5906214133464502,0.04422978012644127,0.04210231324257596,0.8315608638743456
original_0714,overall,next_open,all,all,36672,30451,0.6208663098092017,0.054040972232736885,0.05842846427590653,0.8303610383944153
original_0714,overall,next_open,confidence,,14761,12210,0.6206388206388206,0.05609045594570164,0.05868834513402099,0.8271797303705711
original_0714,overall,next_open,confidence,中,12874,10560,0.5918560606060606,0.03909395605893403,0.04459490971708724,0.8202578841075034
original_0714,overall,next_open,confidence,低,3840,2547,0.5441696113074205,0.018209581539542986,0.02031296319702569,0.66328125
original_0714,overall,next_open,confidence,高,5197,5134,0.7191273860537593,0.09768702730784856,0.10435288060712156,0.9878776217048297
original_0714,overall,next_open,strength,0,6221,0,,,,0.0
original_0714,overall,next_open,strength,1,19940,19940,0.5890672016048144,0.03954005943281363,0.041526927463440166,1.0
original_0714,overall,next_open,strength,2,10511,10511,0.6811911330986585,0.08155007709720932,0.08605689478133416,1.0
original_0714,overall,next_open,relation,上下游,12523,10203,0.5858080956581397,0.0385633853802305,0.040922770874669445,0.8147408767867125
original_0714,overall,next_open,relation,上下游/相邻替代,1,1,0.0,-0.28793985162541824,-0.28793985162541824,1.0
original_0714,overall,next_open,relation,上游,171,151,0.3841059602649007,-0.05120457696300396,-0.0551409847679003,0.8830409356725146
original_0714,overall,next_open,relation,上游/替代,2,2,1.0,0.05034439493761961,0.05034439493761961,1.0
original_0714,overall,next_open,relation,下游,54,38,0.5526315789473685,0.005743549779679759,0.024002356356094157,0.7037037037037037
original_0714,overall,next_open,relation,下游/替代,27,27,0.6296296296296297,0.039463700516713954,0.018713028557853284,1.0
original_0714,overall,next_open,relation,直接供应商/相邻替代,1,1,0.0,-0.05546394385253084,-0.05546394385253084,1.0
original_0714,overall,next_open,relation,直接同业,1423,1173,0.5950554134697357,0.030709323160261103,0.041766976415310464,0.8243148278285313
original_0714,overall,next_open,relation,直接客户/相邻替代,1,1,1.0,0.14870383605171367,0.14870383605171367,1.0
original_0714,overall,next_open,relation,相邻替代,9481,7949,0.6215876210844131,0.05427539818324605,0.05729736288569198,0.8384136694441514
original_0714,overall,next_open,relation,相邻替代/上下游,2,1,0.0,-0.07568848182677579,-0.07568848182677579,0.5
original_0714,overall,next_open,relation,跨赛道,12986,10904,0.6594827586206896,0.07256970507760292,0.07889865198774926,0.8396734945325736
original_0714,overall,next_open,report_date,2026-07-14,36672,30451,0.6208663098092017,0.054040972232736885,0.05842846427590653,0.8303610383944153
original_0714,overall,report_close,all,all,36672,30451,0.607336376473679,0.04775215106809588,0.05085217555835908,0.8303610383944153
original_0714,overall,report_close,confidence,,14761,12210,0.6057330057330057,0.05035436949158525,0.05013973131932037,0.8271797303705711
original_0714,overall,report_close,confidence,中,12874,10560,0.5849431818181818,0.03393746874606837,0.04036941654398685,0.8202578841075034
original_0714,overall,report_close,confidence,低,3840,2547,0.5327836670592855,0.014637349172877285,0.01744644295747766,0.66328125
original_0714,overall,report_close,confidence,高,5197,5134,0.6941955590183093,0.08640687619410434,0.09618848964692378,0.9878776217048297
original_0714,overall,report_close,strength,0,6221,0,,,,0.0
original_0714,overall,report_close,strength,1,19940,19940,0.5779839518555667,0.03447999302644031,0.035797553792162706,1.0
original_0714,overall,report_close,strength,2,10511,10511,0.6630196936542669,0.07293023415729884,0.07972929282229668,1.0
original_0714,overall,report_close,relation,上下游,12523,10203,0.5760070567480153,0.032867428002551206,0.0351505793249709,0.8147408767867125
original_0714,overall,report_close,relation,上下游/相邻替代,1,1,0.0,-0.2706678857443069,-0.2706678857443069,1.0
original_0714,overall,report_close,relation,上游,171,151,0.37748344370860926,-0.04767305526314988,-0.05895212467044442,0.8830409356725146
original_0714,overall,report_close,relation,上游/替代,2,2,1.0,0.05558724774668722,0.05558724774668722,1.0
original_0714,overall,report_close,relation,下游,54,38,0.5526315789473685,0.0005342182859047166,0.020876943208282817,0.7037037037037037
original_0714,overall,report_close,relation,下游/替代,27,27,0.6296296296296297,0.04029719624739379,0.021595831467134396,1.0
original_0714,overall,report_close,relation,直接供应商/相邻替代,1,1,0.0,-0.07018308154608799,-0.07018308154608799,1.0
original_0714,overall,report_close,relation,直接同业,1423,1173,0.5763000852514919,0.02242879763031752,0.03306609169826824,0.8243148278285313
original_0714,overall,report_close,relation,直接客户/相邻替代,1,1,1.0,0.1427890289453002,0.1427890289453002,1.0
original_0714,overall,report_close,relation,相邻替代,9481,7949,0.6111460561076865,0.04900305399255762,0.05300379797403032,0.8384136694441514
original_0714,overall,report_close,relation,相邻替代/上下游,2,1,0.0,-0.07938852004170449,-0.07938852004170449,0.5
original_0714,overall,report_close,relation,跨赛道,12986,10904,0.6405906089508437,0.06503821635834924,0.07058612026862288,0.8396734945325736
original_0714,overall,report_close,report_date,2026-07-14,36672,30451,0.607336376473679,0.04775215106809588,0.05085217555835908,0.8303610383944153
