dimension,date,nav
near,2026-07-15,0.9636154351379614
near,2026-07-16,0.9076418995593369
near,2026-07-17,0.9023537039500056
near,2026-07-20,0.9066336427087818
near,2026-07-21,0.9703083762227175
near,2026-07-22,0.9684103759855811
near,2026-07-23,0.9678814385725888
near,2026-07-24,0.9120842637466214
near,2026-07-27,0.8868205696181464
near,2026-07-28,0.833961806069313
near,2026-07-29,0.78480311378381
near,2026-07-30,0.8752108733924405
near,2026-07-31,0.8842801012512251
near,2026-08-03,0.9147213139356262
near,2026-08-04,0.9688920421022692
near,2026-08-05,0.9508439978117136
near,2026-08-06,0.9435519387724848
near,2026-08-07,0.9587901401260139
near,2026-08-10,0.9416776094945845
near,2026-08-11,0.9535259392885572
near,2026-08-12,0.9996879536001051
near,2026-08-13,1.0081061739209922
near,2026-08-14,1.0185042512276035
near,2026-08-17,1.041475553397495
near,2026-08-18,0.9639272139265709
near,2026-08-19,0.9384804743104078
near,2026-08-20,0.9432773425057133
near,2026-08-21,0.940843099600487
near,2026-08-24,0.9091807617964421
near,2026-08-25,0.9253533843877804
near,2026-08-26,0.9355210696357906
near,2026-08-27,0.9472436793309994
near,2026-08-28,0.9126694236831088
near,2026-08-31,0.9146189211720153
near,2026-09-01,0.887500925706765
near,2026-09-02,0.8897111527881383
near,2026-09-03,0.9012180315075008
near,2026-09-04,0.9397562807690915
long,2026-07-15,0.9878101804096475
long,2026-07-16,0.973555514071811
long,2026-07-17,0.9577901891639021
long,2026-07-20,0.9555459414395612
long,2026-07-21,0.9655788720273297
long,2026-07-22,0.9590271226351734
long,2026-07-23,0.9561287370244568
long,2026-07-24,0.9443529921681274
long,2026-07-27,0.9407078261847155
long,2026-07-28,0.927951182662643
long,2026-07-29,0.9050791713919161
long,2026-07-30,0.9408688087483303
long,2026-07-31,0.9571753546963547
long,2026-08-03,0.9735078110890396
long,2026-08-04,0.9963532264046687
long,2026-08-05,0.9963126877567636
long,2026-08-06,0.9997316023682042
long,2026-08-07,1.0095051581687104
long,2026-08-10,1.0081637838941542
long,2026-08-11,1.012763894642549
long,2026-08-12,1.0182059036127145
long,2026-08-13,1.0182786804237491
long,2026-08-14,1.012192562842939
long,2026-08-17,1.0121740091563314
long,2026-08-18,0.9863311627852337
long,2026-08-19,0.9793474402744712
long,2026-08-20,0.9713828412180816
long,2026-08-21,0.9772133230271852
long,2026-08-24,0.9705050514473754
long,2026-08-25,0.9757065407359273
long,2026-08-26,0.9823639970929587
long,2026-08-27,0.9984801345018528
long,2026-08-28,0.9802822730872338
long,2026-08-31,0.9790518301970274
long,2026-09-01,0.9597178053586124
long,2026-09-02,0.9591144228805316
long,2026-09-03,0.9677075697607288
long,2026-09-04,0.9698510677400436
odds,2026-07-15,0.9938480952101186
odds,2026-07-16,0.9780792119621953
odds,2026-07-17,0.9715519778599401
odds,2026-07-20,0.9690093300759944
odds,2026-07-21,0.9943936010864115
odds,2026-07-22,1.003332079759958
odds,2026-07-23,0.9971720050112293
odds,2026-07-24,0.9888055042390927
odds,2026-07-27,0.9939102590587888
odds,2026-07-28,0.9886942291916349
odds,2026-07-29,0.9618340966538883
odds,2026-07-30,0.9925122312041064
odds,2026-07-31,0.9995688627472187
odds,2026-08-03,1.0308748780178922
odds,2026-08-04,1.0631259218617852
odds,2026-08-05,1.0596992810859684
odds,2026-08-06,1.0530524598104587
odds,2026-08-07,1.073538424462746
odds,2026-08-10,1.078346952069937
odds,2026-08-11,1.0809246461745539
odds,2026-08-12,1.093957198267056
odds,2026-08-13,1.1006612935116125
odds,2026-08-14,1.0985903965643218
odds,2026-08-17,1.0875844137301074
odds,2026-08-18,1.0624804918138868
odds,2026-08-19,1.0588889817108904
odds,2026-08-20,1.0524147648774942
odds,2026-08-21,1.0532028673318878
odds,2026-08-24,1.0367318016207707
odds,2026-08-25,1.0483848720675442
odds,2026-08-26,1.0558123377696114
odds,2026-08-27,1.065343224075744
odds,2026-08-28,1.0471643231076189
odds,2026-08-31,1.0456417921197612
odds,2026-09-01,1.0322724878975058
odds,2026-09-02,1.0409697905146467
odds,2026-09-03,1.0526492541789387
odds,2026-09-04,1.06500286398519
defense,2026-07-15,1.0004030801231953
defense,2026-07-16,0.9982140710642763
defense,2026-07-17,0.9901212646988519
defense,2026-07-20,0.9854049810199218
defense,2026-07-21,0.9862931398391267
defense,2026-07-22,0.9841052155310865
defense,2026-07-23,0.9788493790055349
defense,2026-07-24,0.981416312048807
defense,2026-07-27,0.9860021036873795
defense,2026-07-28,0.9892657393187996
defense,2026-07-29,0.9753455615380281
defense,2026-07-30,0.9876353561536058
defense,2026-07-31,0.9939967894715772
defense,2026-08-03,1.0106385840807213
defense,2026-08-04,1.030674785214927
defense,2026-08-05,1.0330946595681556
defense,2026-08-06,1.0398335315635656
defense,2026-08-07,1.0478700047245881
defense,2026-08-10,1.0436876599445923
defense,2026-08-11,1.0457543076285816
defense,2026-08-12,1.0435389484384106
defense,2026-08-13,1.048322159141024
defense,2026-08-14,1.0466102704184594
defense,2026-08-17,1.0370983780631837
defense,2026-08-18,1.0230923477528808
defense,2026-08-19,1.0239223703751983
defense,2026-08-20,1.0150484821043426
defense,2026-08-21,1.0196541474781557
defense,2026-08-24,1.016248694182077
defense,2026-08-25,1.0197595088871154
defense,2026-08-26,1.0248748025852312
defense,2026-08-27,1.0247928899107994
defense,2026-08-28,1.0194596466572832
defense,2026-08-31,1.0135474801940125
defense,2026-09-01,1.000785011913694
defense,2026-09-02,1.0017206391673872
defense,2026-09-03,1.0132011752087702
defense,2026-09-04,1.0087995874638616
explosion,2026-07-15,0.9662008924048319
explosion,2026-07-16,0.9003174821161387
explosion,2026-07-17,0.8948972728980945
explosion,2026-07-20,0.9065673597263778
explosion,2026-07-21,0.9785189520911061
explosion,2026-07-22,0.97538821583211
explosion,2026-07-23,0.980237635055405
explosion,2026-07-24,0.9072789419439565
explosion,2026-07-27,0.8790493253411394
explosion,2026-07-28,0.8256531399716606
explosion,2026-07-29,0.7616276420883691
explosion,2026-07-30,0.8720828294735881
explosion,2026-07-31,0.8738364039588771
explosion,2026-08-03,0.9189699113298462
explosion,2026-08-04,0.9789500983831397
explosion,2026-08-05,0.948391136663463
explosion,2026-08-06,0.9391666012620227
explosion,2026-08-07,0.9663855307302323
explosion,2026-08-10,0.9368161915606206
explosion,2026-08-11,0.949133483852181
explosion,2026-08-12,1.011270678527687
explosion,2026-08-13,1.0078607285751293
explosion,2026-08-14,1.0247584726415389
explosion,2026-08-17,1.0565963644248346
explosion,2026-08-18,0.9689235937620848
explosion,2026-08-19,0.9362392956676239
explosion,2026-08-20,0.9394022235366793
explosion,2026-08-21,0.9277025352040654
explosion,2026-08-24,0.891401429928328
explosion,2026-08-25,0.9114445070805387
explosion,2026-08-26,0.9137007338711322
explosion,2026-08-27,0.9248290446376877
explosion,2026-08-28,0.8831767440337099
explosion,2026-08-31,0.8875663873167691
explosion,2026-09-01,0.8647440296338378
explosion,2026-09-02,0.8674196076989897
explosion,2026-09-03,0.8819400841348757
explosion,2026-09-04,0.92773716347942
mispricing,2026-07-15,0.9956083353901773
mispricing,2026-07-16,0.9752966378908002
mispricing,2026-07-17,0.9679321851857616
mispricing,2026-07-20,0.9651334061270709
mispricing,2026-07-21,0.9884001655207716
mispricing,2026-07-22,0.9959111778591586
mispricing,2026-07-23,0.9817388420513218
mispricing,2026-07-24,0.9720227603151117
mispricing,2026-07-27,0.9749377291238057
mispricing,2026-07-28,0.9692833265853099
mispricing,2026-07-29,0.941095798609301
mispricing,2026-07-30,0.973896416262994
mispricing,2026-07-31,0.9815977426661501
mispricing,2026-08-03,1.0130147842289463
mispricing,2026-08-04,1.0474553271704536
mispricing,2026-08-05,1.0353896012801953
mispricing,2026-08-06,1.028183171581804
mispricing,2026-08-07,1.052201240621327
mispricing,2026-08-10,1.0525197940977182
mispricing,2026-08-11,1.0521960940032205
mispricing,2026-08-12,1.0648558895929006
mispricing,2026-08-13,1.0705921403970133
mispricing,2026-08-14,1.0698415393195533
mispricing,2026-08-17,1.0607590331251313
mispricing,2026-08-18,1.0358105952795824
mispricing,2026-08-19,1.032617848135584
mispricing,2026-08-20,1.0260384076837723
mispricing,2026-08-21,1.0278933765675229
mispricing,2026-08-24,1.0105534678530368
mispricing,2026-08-25,1.022542451639327
mispricing,2026-08-26,1.0290009692811233
mispricing,2026-08-27,1.03869686741913
mispricing,2026-08-28,1.0223622391151772
mispricing,2026-08-31,1.021546850947998
mispricing,2026-09-01,1.006627988366061
mispricing,2026-09-02,1.015837879541251
mispricing,2026-09-03,1.0277941561201038
mispricing,2026-09-04,1.0377684001712706
overall,2026-07-15,0.9932985933351798
overall,2026-07-16,0.9775805597070977
overall,2026-07-17,0.96880868226089
overall,2026-07-20,0.9693357715205386
overall,2026-07-21,0.9835447319263648
overall,2026-07-22,0.9849775429385914
overall,2026-07-23,0.9821642309185225
overall,2026-07-24,0.9678861768480764
overall,2026-07-27,0.9691286836452692
overall,2026-07-28,0.9575927024139974
overall,2026-07-29,0.9391455095312831
overall,2026-07-30,0.9773217897971692
overall,2026-07-31,0.9854011942965173
overall,2026-08-03,1.013274497781878
overall,2026-08-04,1.0390821022844645
overall,2026-08-05,1.0354065435166953
overall,2026-08-06,1.0377040710147993
overall,2026-08-07,1.0483592884072195
overall,2026-08-10,1.045319398649665
overall,2026-08-11,1.0471138048797013
overall,2026-08-12,1.0568074106150938
overall,2026-08-13,1.061080109094953
overall,2026-08-14,1.056302005169129
overall,2026-08-17,1.0546969677175158
overall,2026-08-18,1.024121833982353
overall,2026-08-19,1.021341641477764
overall,2026-08-20,1.0151963631074246
overall,2026-08-21,1.018648032310447
overall,2026-08-24,1.008608846209884
overall,2026-08-25,1.013274297511914
overall,2026-08-26,1.0212916024050223
overall,2026-08-27,1.0306041123415646
overall,2026-08-28,1.0182381569309569
overall,2026-08-31,1.0142806022367157
overall,2026-09-01,0.9979851724716018
overall,2026-09-02,1.0015401804875368
overall,2026-09-03,1.0132584824912945
overall,2026-09-04,1.0220692404540501
SPY,2026-07-15,1.0007557373403677
SPY,2026-07-16,0.99533302453221
SPY,2026-07-17,0.9854820582986741
SPY,2026-07-20,0.9838911175007696
SPY,2026-07-21,0.9920980576279865
SPY,2026-07-22,0.9909445041654165
SPY,2026-07-23,0.9787070458122975
SPY,2026-07-24,0.979701424272351
SPY,2026-07-27,0.9799136036605557
SPY,2026-07-28,0.9822602817988281
SPY,2026-07-29,0.967145777759651
SPY,2026-07-30,0.983360749952984
SPY,2026-07-31,0.9904407601945642
SPY,2026-08-03,1.0045476144465841
SPY,2026-08-04,1.0226586061157512
SPY,2026-08-05,1.0206167638872299
SPY,2026-08-06,1.0189860091080147
SPY,2026-08-07,1.0252174636422284
SPY,2026-08-10,1.024912546809751
SPY,2026-08-11,1.0216376850014905
SPY,2026-08-12,1.0241965425279678
SPY,2026-08-13,1.0313428284823396
SPY,2026-08-14,1.0293010671765446
SPY,2026-08-17,1.0244351836476533
SPY,2026-08-18,1.0175143484085898
SPY,2026-08-19,1.0196489280813836
SPY,2026-08-20,1.011083985813275
SPY,2026-08-21,1.0152205937332794
SPY,2026-08-24,1.0122374583531188
SPY,2026-08-25,1.0154725061800687
SPY,2026-08-26,1.015697956895377
SPY,2026-08-27,1.0223536083605476
SPY,2026-08-28,1.0200333919537563
SPY,2026-08-31,1.016983980860804
SPY,2026-09-01,1.009996869908949
SPY,2026-09-02,1.0144781277200152
SPY,2026-09-03,1.0250981026210224
SPY,2026-09-04,1.0211471314350156
QQQ,2026-07-15,0.9915590446119493
QQQ,2026-07-16,0.9752573409565517
QQQ,2026-07-17,0.9605996277432937
QQQ,2026-07-20,0.9616080970302603
QQQ,2026-07-21,0.9794432473790339
QQQ,2026-07-22,0.9744422178297033
QQQ,2026-07-23,0.9559439736286968
QQQ,2026-07-24,0.9452649078490108
QQQ,2026-07-27,0.9423499594167
QQQ,2026-07-28,0.9331905961419473
QQQ,2026-07-29,0.9141811187229744
QQQ,2026-07-30,0.944325496784956
QQQ,2026-07-31,0.9504593678786343
QQQ,2026-08-03,0.9671479324946174
QQQ,2026-08-04,1.0
QQQ,2026-08-05,0.9909511804740109
QQQ,2026-08-06,0.987290251457938
QQQ,2026-08-07,0.9988672427758268
QQQ,2026-08-10,0.9958831518004296
QQQ,2026-08-11,0.992539941201856
QQQ,2026-08-12,0.9997928253312645
QQQ,2026-08-13,1.011355988140536
QQQ,2026-08-14,1.0099744864016011
QQQ,2026-08-17,1.0083166674508444
QQQ,2026-08-18,0.99124132619445
QQQ,2026-08-19,0.989265788826194
QQQ,2026-08-20,0.9821510211426092
QQQ,2026-08-21,0.9856186039985638
QQQ,2026-08-24,0.9757823183629609
QQQ,2026-08-25,0.98186087542217
QQQ,2026-08-26,0.9827588852805476
QQQ,2026-08-27,0.9962146987265461
QQQ,2026-08-28,0.9897492807067515
QQQ,2026-08-31,0.9902051998902489
QQQ,2026-09-01,0.9776059107767759
QQQ,2026-09-02,0.9798162798310022
QQQ,2026-09-03,0.9914623293718029
QQQ,2026-09-04,0.9932445205799406
SOXX,2026-07-15,0.9654855060605346
SOXX,2026-07-16,0.9224161992349168
SOXX,2026-07-17,0.9073063047517046
SOXX,2026-07-20,0.9113576629197838
SOXX,2026-07-21,0.9609994559983767
SOXX,2026-07-22,0.9659201979546134
SOXX,2026-07-23,0.9584782217875303
SOXX,2026-07-24,0.9163479173737308
SOXX,2026-07-27,0.8976039519606026
SOXX,2026-07-28,0.8545346981979601
SOXX,2026-07-29,0.8085269229863078
SOXX,2026-07-30,0.8772604031555066
SOXX,2026-07-31,0.877886387075727
SOXX,2026-08-03,0.8827375104083027
SOXX,2026-08-04,0.9427772057589034
SOXX,2026-08-05,0.9227639739753699
SOXX,2026-08-06,0.9259285436993766
SOXX,2026-08-07,0.944620295144759
SOXX,2026-08-10,0.9204861926954357
SOXX,2026-08-11,0.9288496604924711
SOXX,2026-08-12,0.9504277194191175
SOXX,2026-08-13,0.957608837999373
SOXX,2026-08-14,0.9570524196398382
SOXX,2026-08-17,0.9721797187789658
SOXX,2026-08-18,0.923963727848065
SOXX,2026-08-19,0.903585316668163
SOXX,2026-08-20,0.9082452010375722
SOXX,2026-08-21,0.9042460568372387
SOXX,2026-08-24,0.8801293590438307
SOXX,2026-08-25,0.8938308560352661
SOXX,2026-08-26,0.896160851282946
SOXX,2026-08-27,0.9136006348878875
SOXX,2026-08-28,0.8843719561750764
SOXX,2026-08-31,0.888579797057467
SOXX,2026-09-01,0.8699228018609397
SOXX,2026-09-02,0.8718876177122514
SOXX,2026-09-03,0.8732090980504027
SOXX,2026-09-04,0.9039156867527008
