cohort,dimension,agreed_edges,complete_triplets,cycles,cycle_share
latest_0718,near,11886,349213,278,0.000796075747466446
latest_0718,long,12065,342517,17,4.963257298177901e-05
latest_0718,odds,12037,358588,82,0.00022867469073142437
latest_0718,defense,12582,390483,141,0.00036109126389625155
latest_0718,explosion,11869,332278,134,0.00040327677426733036
latest_0718,mispricing,8608,155866,42,0.0002694622303773754
latest_0718,overall,9338,195816,18,9.192302978306164e-05
original_0714,near,11829,345626,337,0.0009750423868574702
original_0714,long,12130,347454,14,4.029310354751996e-05
original_0714,odds,11945,355222,88,0.00024773240396146635
original_0714,defense,12548,388346,119,0.0003064277731713472
original_0714,explosion,11697,320047,135,0.0004218130462088381
original_0714,mispricing,8621,154428,57,0.00036910404848861604
original_0714,overall,9369,197865,21,0.00010613296944886665
