"Ticker","Company","Category","F01","F02","F03","F04","F05","F06","F07","F08","F09","F10","F11","F12","F13","F14","F15","F16","F17","F18","F19","F20","F21","F22","F23","F24","F25","F26","F27","F28","F29","F30","F31","F32","F33","F34","F35","F36","F37","F38","F39","F40","F41","F42","F43","F44","F45","F46","F47","F48","F49","F50","F51","F52"
"AAOI","Applied Optoelectronics","AI网络_光互联_连接器","25","91","92","23","146","111","153","165","160","87","45","40","68","79","93","45","13","68","73","60","51","104","75","63","68","35","36","81","146","99","20","129","48","95","145","13","30","26","119","51","159","93","93","15","164","104","170","154","156","139","115","111"
"AAON","AAON","机电_冷却_工程_水处理_边缘工业AI","45","101","66","62","112","153","113","77","78","28","19","85","48","34","61","50","51","66","74","99","140","90","86","56","23","76","61","131","94","72","74","88","22","55","92","45","47","59","29","81","108","74","35","49","72","86","151","96","102","114","107","27"
"ABBNY","ABB Ltd","配电_电源_功率器件","55","72","83","80","76","84","67","31","66","39","63","72","37","85","66","43","14","29","68","33","47","79","72","52","45","52","53","50","41","48","18","52","37","45","46","12","56","63","91","58","25","40","89","132","20","43","29","32","32","153","99","24"
"ACLS","Axcelis Technologies","晶圆制造_前道设备","162","139","141","157","90","79","71","91","92","59","111","69","158","135","151","144","151","149","134","102","147","99","130","149","153","162","142","118","99","91","158","162","118","153","118","151","127","159","134","133","137","148","119","131","142","130","146","140","145","106","151","141"
"ACMR","ACM Research","晶圆制造_前道设备","105","78","135","43","104","91","106","135","132","42","74","61","86","103","86","93","69","122","100","85","69","114","106","138","111","125","126","124","114","49","102","143","86","110","133","124","65","68","77","109","140","94","103","46","127","120","149","148","157","5","131","173"
"ADBE","Adobe","云算力_IDC_AI软件平台","152","178","117","139","8","1","3","8","4","139","163","175","124","159","141","168","167","178","156","179","179","70","133","176","156","160","177","100","38","35","134","9","168","67","78","180","169","148","153","176","34","126","129","179","115","106","3","80","27","141","33","67"
"ADI","Analog Devices","AI计算芯片_EDA_IP_custom_ASIC","120","132","47","101","88","77","93","57","62","101","127","150","58","147","134","145","83","139","86","159","148","62","153","130","135","112","147","122","100","149","143","97","129","75","63","116","144","160","120","129","75","132","109","135","85","92","19","122","48","100","17","43"
"AEHR","Aehr Test Systems","封测_检测_计量_光罩","156","109","157","173","167","165","173","137","155","41","99","96","122","102","102","160","162","160","135","136","135","82","158","65","158","156","148","59","126","65","148","126","67","135","152","103","105","153","121","138","174","149","122","30","160","171","159","155","163","16","155","103"
"AEP","American Electric Power","电力_发电_能源_储能","80","46","72","115","13","38","20","123","153","122","161","136","121","142","122","120","90","101","119","146","88","178","55","104","134","66","117","115","109","82","96","68","69","93","93","152","136","75","92","145","6","50","104","168","96","42","7","21","39","146","64","46"
"AJNMY","味之素 Ajinomoto","半导体材料_化学品_基板","81","14","49","136","113","138","72","16","43","91","86","50","60","32","42","39","17","33","50","34","31","18","41","69","69","39","26","91","32","108","97","48","53","15","17","7","137","76","78","88","94","20","112","109","32","9","46","102","91","163","164","78"
"ALAB","AsteraLabs","AI计算芯片_EDA_IP_custom_ASIC","6","21","139","17","160","166","169","52","118","49","20","12","14","27","20","51","41","26","14","8","8","16","20","10","42","14","9","38","20","95","28","86","42","28","21","14","25","11","54","45","152","86","66","8","56","19","147","2","86","18","49","75"
"ALLE","Allegion plc","机电_冷却_工程_水处理_边缘工业AI","171","170","175","132","60","13","7","75","36","158","162","172","152","171","168","161","168","172","167","178","177","167","169","165","177","175","178","159","133","144","149","133","157","163","148","176","164","154","166","160","26","167","164","178","137","91","24","107","87","98","108","50"
"AMAT","Applied Materials","晶圆制造_前道设备","26","15","79","86","97","82","107","17","19","80","59","39","21","54","57","33","27","44","17","18","10","12","18","51","67","28","27","34","17","36","50","50","103","20","15","19","27","32","35","55","60","41","20","80","26","12","55","33","15","36","23","162"
"AMD","Advanced Micro Devices","AI计算芯片_EDA_IP_custom_ASIC","10","23","63","52","121","140","146","45","88","18","53","17","50","74","35","34","33","38","21","5","13","34","13","33","46","9","6","11","68","150","85","117","61","88","42","43","13","27","21","25","102","25","36","23","75","57","113","49","16","24","2","175"
"AMKR","Amkor Technology","封测_检测_计量_光罩","35","50","88","110","57","49","31","55","119","98","87","46","104","90","114","74","28","64","32","49","52","98","52","38","84","81","58","92","127","109","75","108","102","115","116","48","43","48","87","73","80","82","113","115","63","69","99","116","88","66","104","86"
"AMPX","Amprius Technologies","电力_发电_能源_储能","153","180","171","176","169","167","170","158","176","153","35","123","92","97","131","166","146","116","162","171","165","102","174","178","178","133","155","170","115","114","66","167","114","159","164","108","115","139","180","131","172","165","177","32","173","172","171","167","173","129","159","123"
"AMZN","Amazon","云算力_IDC_AI软件平台","58","19","22","42","31","53","27","58","51","81","15","21","32","91","25","42","29","31","18","14","53","22","11","34","9","31","92","5","7","11","91","20","27","29","9","136","28","42","6","47","53","13","7","55","24","27","20","22","10","170","5","138"
"ANET","Arista Networks","AI网络_光互联_连接器","11","16","67","10","93","105","120","2","9","51","21","30","9","44","21","6","24","15","15","10","11","25","9","7","37","18","4","6","21","24","25","54","46","27","12","28","10","12","37","28","61","17","41","53","5","10","133","14","11","17","15","60"
"AOSL","Alpha and Omega Semiconductor","配电_电源_功率器件","131","144","150","170","162","92","148","141","163","145","140","170","149","138","169","164","152","109","145","133","161","157","155","163","118","138","145","154","158","157","135","164","111","165","161","130","75","161","146","169","160","174","133","124","168","159","131","173","152","31","172","117"
"APD","Air Products and Chemicals","半导体材料_化学品_基板","141","121","147","145","46","60","44","157","136","151","171","114","125","137","145","81","74","115","136","144","80","123","116","144","157","141","156","101","95","37","57","39","154","106","65","125","98","115","159","174","42","137","157","172","25","96","21","108","40","166","56","31"
"APH","Amphenol 安费诺","AI网络_光互联_连接器","50","45","55","28","43","24","54","18","23","111","36","51","13","61","41","22","30","22","11","15","37","39","28","12","31","67","41","37","77","55","21","69","32","60","20","20","52","35","38","34","27","27","67","99","10","23","56","23","28","35","30","14"
"APLD","Applied Digital","云算力_IDC_AI软件平台","20","79","132","60","170","168","174","170","173","21","37","27","94","81","70","58","45","12","62","62","89","176","58","57","40","15","28","47","169","85","11","165","57","141","154","51","50","28","55","57","168","127","45","18","163","165","174","129","168","77","120","133"
"ARM","Arm Holdings","AI计算芯片_EDA_IP_custom_ASIC","64","17","155","29","164","169","175","5","24","94","100","52","80","100","108","105","141","96","63","29","54","9","57","64","92","73","77","19","10","66","111","26","112","14","13","87","59","64","93","99","146","105","83","68","23","15","30","50","103","11","97","148"
"ASGLY","AGC Inc","半导体材料_化学品_基板","143","86","87","125","114","28","73","78","95","128","164","117","129","117","148","99","100","88","101","110","90","64","76","98","112","85","70","123","42","165","130","159","84","134","71","62","133","69","141","105","81","87","141","137","82","81","88","159","134","46","174","99"
"ASMIY","ASM International","晶圆制造_前道设备","51","28","101","48","122","94","96","19","31","67","75","44","35","59","58","65","52","65","33","31","22","11","37","79","70","48","42","54","27","105","61","80","87","23","32","37","53","49","46","59","54","51","30","86","35","16","73","51","51","158","142","155"
"ASML","ASML Holding NV","晶圆制造_前道设备","30","3","71","36","115","122","125","32","11","8","54","22","24","41","16","29","18","45","9","12","2","2","4","26","54","21","16","10","1","17","29","28","33","2","2","30","23","22","30","48","18","14","5","87","6","1","47","5","3","65","28","176"
"ASMVY","ASMPT","封测_检测_计量_光罩","59","58","50","118","135","109","117","96","108","15","46","63","51","40","26","106","60","34","87","78","70","57","82","49","77","75","54","74","69","56","126","92","63","84","83","25","88","85","47","66","95","106","55","56","87","78","121","73","115","127","176","115"
"ASX","ASE Technology Holding","封测_检测_计量_光罩","60","47","100","103","14","45","55","79","89","69","64","31","20","20","51","46","19","76","41","63","63","111","69","36","102","96","82","67","134","133","98","99","105","108","98","63","71","52","39","86","55","68","56","144","71","66","96","117","95","27","98","129"
"ATEYY","Advantest","封测_检测_计量_光罩","18","10","27","54","150","70","145","26","63","54","47","18","2","10","17","19","38","24","34","20","14","21","17","25","24","23","46","31","22","86","33","59","31","16","18","15","22","36","12","35","35","15","9","45","34","25","100","28","77","123","125","104"
"ATKR","Atkore","配电_电源_功率器件","87","154","153","165","32","2","19","124","128","157","168","137","154","161","170","107","156","138","147","150","149","169","103","121","140","118","118","138","166","170","159","139","137","171","170","64","111","89","144","134","89","128","142","133","148","143","114","169","147","63","160","158"
"AVGO","Broadcom","AI计算芯片_EDA_IP_custom_ASIC","4","4","21","7","61","123","132","20","7","6","6","4","10","29","2","14","9","11","6","2","4","7","3","4","15","3","3","3","8","18","7","8","29","4","5","9","6","3","3","5","23","2","3","20","7","7","67","7","6","81","3","137"
"AXTI","AXT Inc","半导体材料_化学品_基板","168","92","156","166","168","170","176","159","166","68","65","145","76","57","116","170","166","163","169","172","155","147","134","120","85","171","149","152","154","75","167","156","77","82","168","129","170","140","94","53","169","166","126","44","165","168","138","164","164","154","140","172"
"BABA","Alibaba 阿里巴巴","云算力_IDC_AI软件平台","97","93","32","135","15","29","35","97","59","116","88","133","88","107","92","130","111","99","69","118","119","77","84","76","93","105","119","58","52","115","153","122","141","101","86","168","83","90","95","80","45","69","114","43","132","118","68","123","78","167","41","174"
"BDC","Belden","AI网络_光互联_连接器","125","146","41","100","33","8","8","121","103","107","145","101","116","148","161","121","102","126","148","128","129","159","136","145","123","129","135","136","147","145","103","138","135","167","151","104","175","141","148","100","36","111","159","126","106","160","84","74","128","130","148","64"
"BE","Bloom Energy","电力_发电_能源_储能","36","59","123","79","158","171","164","163","164","123","16","64","45","11","64","47","46","35","56","52","68","103","45","41","62","11","22","35","128","41","86","102","23","79","94","74","33","37","13","8","161","116","94","39","159","95","142","103","159","70","70","157"
"BELFB","Bel Fuse Inc","AI网络_光互联_连接器","88","140","35","45","62","34","62","80","68","155","109","86","108","113","120","97","125","74","112","122","146","126","125","157","130","111","128","155","155","76","92","56","100","119","157","112","95","132","137","89","76","107","136","100","123","151","139","118","138","92","149","36"
"BESIY","BE Semiconductor","封测_检测_计量_光罩","37","32","38","85","165","159","144","15","70","10","24","62","33","21","15","35","53","18","64","46","64","28","78","50","51","50","62","68","28","77","104","119","71","22","50","16","72","60","22","39","131","75","46","48","64","34","111","90","92","125","165","121"
"BWXT","BWX Technologies","电力_发电_能源_储能","147","133","91","37","77","115","97","62","65","174","141","118","106","127","106","131","108","102","117","132","81","24","175","140","124","170","113","125","63","19","70","10","81","98","33","144","94","116","175","94","56","42","173","105","39","22","17","25","33","173","112","131"
"CAMT","Camtek","封测_检测_计量_光罩","21","24","70","31","116","144","130","21","75","19","29","55","61","19","22","25","42","43","45","42","18","48","70","70","32","40","51","79","43","73","71","55","58","36","43","39","48","29","24","40","133","36","31","35","76","41","137","34","119","60","128","147"
"CARR","Carrier Global","机电_冷却_工程_水处理_边缘工业AI","82","73","81","87","21","42","24","104","55","114","48","81","101","62","73","48","70","107","120","77","96","127","83","81","25","115","78","80","53","25","76","45","74","64","99","70","66","43","56","110","57","70","47","103","67","71","62","45","52","55","73","39"
"CAT","Caterpillar Inc","机电_冷却_工程_水处理_边缘工业AI","132","134","159","119","94","128","77","81","40","161","76","155","25","33","39","125","128","124","127","137","120","132","108","88","18","116","98","84","152","14","136","60","34","48","102","145","122","91","36","95","68","117","68","163","102","101","31","35","34","29","26","57"
"CC","The Chemours Company","半导体材料_化学品_基板","178","168","174","162","34","3","9","174","162","170","152","176","168","133","162","171","175","155","166","175","171","163","171","158","165","177","180","169","179","174","174","166","155","179","179","165","176","178","172","177","163","178","169","177","171","174","115","175","125","147","154","168"
"CDNS","Cadence Design Systems","AI计算芯片_EDA_IP_custom_ASIC","74","8","75","41","117","126","133","9","3","73","89","56","23","108","85","63","147","140","57","41","42","6","26","102","61","65","88","14","5","28","87","5","101","7","7","65","76","77","75","79","13","37","13","96","11","5","8","8","23","72","32","144"
"CEG","Constellation Energy","电力_发电_能源_储能","56","29","10","26","7","56","28","87","57","102","156","100","52","17","59","77","34","57","22","81","32","164","33","11","55","24","29","21","54","38","14","19","47","5","11","97","26","24","57","23","9","4","57","65","60","11","13","9","17","109","65","80"
"CIEN","Ciena Corporation","AI网络_光互联_连接器","110","102","98","66","143","163","159","113","100","92","25","80","30","26","32","90","64","58","80","74","85","61","95","101","16","119","99","46","70","15","62","38","60","81","70","17","89","53","51","96","109","88","50","67","91","127","144","84","96","49","45","65"
"CLS","Celestica Inc","AI服务器_存储_EMS","15","64","34","15","70","98","74","82","58","50","11","32","56","30","62","31","61","40","28","59","55","93","27","54","26","56","19","71","163","102","34","145","38","139","69","77","31","54","43","9","96","58","58","19","13","76","168","44","68","61","43","28"
"CMI","Cummins Inc","电力_发电_能源_储能","111","125","110","130","44","72","36","98","85","140","93","146","97","46","45","100","54","67","121","112","105","116","63","95","94","122","83","143","156","134","116","72","44","58","110","133","90","106","96","101","46","95","77","140","94","110","63","125","53","112","66","52"
"COHR","Coherent","AI网络_光互联_连接器","17","33","74","40","118","129","140","152","157","40","12","23","29","24","24","18","5","42","40","16","9","42","15","17","22","12","14","51","71","62","30","91","39","50","54","8","18","17","48","22","123","43","24","11","120","55","122","59","69","56","46","101"
"COHU","Cohu Inc","封测_检测_计量_光罩","126","65","145","155","145","99","128","105","121","66","90","84","110","48","109","114","109","144","137","115","108","139","135","103","125","145","132","117","116","92","137","130","131","92","142","88","109","107","88","141","144","138","84","152","134","140","128","150","139","26","156","154"
"CRDO","Credo Technology Group","AI网络_光互联_连接器","7","25","62","3","85","106","114","46","134","45","26","9","6","7","5","21","20","16","8","7","6","19","12","9","27","6","10","40","18","87","43","96","26","46","28","4","2","7","25","4","132","9","32","2","51","29","154","4","74","9","81","49"
"CRWD","CrowdStrike","云算力_IDC_AI软件平台","133","169","140","82","171","172","167","10","29","63","101","157","89","105","94","159","163","177","105","177","173","35","111","171","116","113","172","77","9","16","117","16","165","56","26","178","120","117","106","158","134","112","85","171","109","68","5","97","24","62","40","30"
"CRWV","CoreWeave","云算力_IDC_AI软件平台","2","30","57","4","161","100","149","172","168","30","5","2","69","52","48","30","10","2","7","19","19","152","22","2","2","4","5","20","135","6","1","152","13","52","82","49","5","4","4","26","167","52","25","1","156","84","157","104","140","107","74","127"
"CSCO","Cisco Systems","AI网络_光互联_连接器","83","51","85","120","86","50","75","34","15","26","66","70","85","94","124","86","75","75","88","83","58","76","36","68","56","139","79","57","55","88","93","77","108","74","85","68","155","78","62","82","37","83","59","155","74","56","32","46","35","115","16","74"
"DCI","Donaldson Company","机电_冷却_工程_水处理_边缘工业AI","121","155","127","111","35","23","14","65","73","132","165","153","140","158","157","115","120","142","149","145","145","125","119","162","136","152","140","162","148","142","154","147","151","112","125","131","108","137","149","117","47","133","137","148","95","109","57","119","120","68","132","32"
"DELL","Dell Technologies","AI服务器_存储_EMS","12","41","2","39","9","51","29","125","94","1","2","6","66","129","31","2","2","5","5","36","48","108","19","16","1","17","15","7","82","12","5","83","14","166","75","95","3","33","7","1","1","44","12","4","14","80","69","43","29","2","29","53"
"DIOD","Diodes Incorporated","配电_电源_功率器件","154","147","143","149","47","43","37","99","110","152","157","158","136","155","143","153","121","162","157","149","166","155","151","152","145","159","163","166","157","110","77","168","146","151","150","164","153","168","156","167","124","153","158","165","138","146","92","141","141","47","136","82"
"DLR","Digital Realty","云算力_IDC_AI软件平台","71","60","99","102","136","124","121","138","141","44","77","109","109","86","118","64","84","59","54","94","97","170","43","44","29","68","63","29","44","29","51","27","30","61","64","94","64","65","31","60","90","96","60","108","53","51","33","66","41","157","54","20"
"DOV","Dover Corporation","机电_冷却_工程_水处理_边缘工业AI","106","129","113","74","36","22","25","66","45","120","119","124","102","146","91","82","92","113","106","116","106","128","113","99","95","143","129","142","117","78","112","101","88","72","103","110","112","99","138","90","58","97","123","83","93","87","43","91","75","103","90","58"
"DSCSY","DISCO","晶圆制造_前道设备","75","34","30","57","151","88","150","35","35","89","82","105","63","50","52","60","62","78","75","71","33","31","59","66","86","93","64","69","56","129","78","74","95","31","36","31","106","92","97","97","38","59","71","97","44","49","64","36","93","136","166","109"
"DTE","DTE Energy Company","电力_发电_能源_储能","127","126","25","133","16","25","12","139","156","113","146","159","134","149","138","129","105","117","138","153","101","179","48","119","143","102","136","62","118","67","105","81","89","130","127","170","150","104","63","140","10","98","51","164","104","60","37","37","54","131","92","59"
"ECL","Ecolab","半导体材料_化学品_基板","172","150","161","108","58","73","50","67","34","135","131","168","145","84","142","108","118","143","130","151","159","138","154","14","103","114","164","73","64","131","163","132","162","114","123","160","57","158","157","168","69","143","134","173","86","119","34","85","70","96","57","16"
"EME","EMCOR Group","机电_冷却_工程_水处理_边缘工业AI","29","44","14","18","45","54","32","27","26","38","38","15","18","43","65","16","25","13","42","51","43","162","44","22","19","29","30","61","78","13","32","4","16","65","52","59","14","18","64","19","2","23","52","26","17","54","51","10","36","126","91","6"
"ENPH","Enphase Energy","电力_发电_能源_储能","179","176","160","175","100","121","102","126","124","173","176","178","174","173","175","169","164","174","173","173","176","134","176","174","176","146","175","177","176","171","171","170","178","169","169","117","171","174","178","178","157","175","176","149","157","177","134","165","126","122","134","151"
"ENS","EnerSys","电力_发电_能源_储能","112","113","114","69","18","44","15","106","90","64","136","110","135","101","132","66","112","98","89","125","116","106","109","89","113","108","84","148","129","116","113","115","110","118","128","46","145","133","139","67","48","76","143","116","111","102","79","86","89","79","135","70"
"ENTG","Entegris","半导体材料_化学品_基板","68","39","77","72","71","132","86","136","80","115","110","73","90","70","77","89","47","63","51","56","49","23","68","86","88","69","47","52","33","117","79","58","85","68","35","35","55","55","83","56","70","53","90","70","33","48","44","109","55","51","84","139"
"EQIX","Equinix","云算力_IDC_AI软件平台","72","66","93","93","109","112","126","114","106","99","67","102","103","93","103","73","93","69","46","92","91","86","51","55","47","74","71","25","13","20","58","17","40","42","30","92","69","70","70","76","77","89","53","128","31","36","10","60","18","110","34","15"
"ET","Energy Transfer LP","电力_发电_能源_储能","148","67","33","106","6","4","2","140","82","147","158","173","159","168","165","151","76","90","154","168","98","180","81","90","151","117","114","55","101","54","131","95","96","127","79","172","123","100","107","116","19","64","95","174","105","75","48","81","82","162","67","110"
"ETN","Eaton Corporation","配电_电源_功率器件","16","12","20","22","25","67","78","36","12","48","7","13","3","37","10","5","7","14","19","13","12","54","16","6","33","16","12","22","34","7","8","31","3","9","34","5","7","5","26","10","7","18","21","60","4","18","22","12","7","104","39","2"
"ETR","Entergy Corporation","电力_发电_能源_储能","73","40","82","98","22","65","38","127","150","119","147","119","123","134","107","113","94","108","113","140","76","177","64","112","117","64","109","43","102","50","52","63","59","37","74","159","129","56","40","61","3","31","37","150","97","33","35","26","42","138","93","34"
"FCEL","FuelCell Energy","电力_发电_能源_储能","180","164","180","180","172","139","160","179","180","178","169","179","180","179","178","178","179","180","179","164","178","174","179","169","175","151","146","175","180","161","179","180","179","176","180","169","180","180","160","175","178","180","170","66","179","180","178","180","174","48","171","169"
"FIX","Comfort Systems USA","机电_冷却_工程_水处理_边缘工业AI","23","42","24","14","78","133","98","37","20","33","17","11","11","38","44","10","21","8","35","65","34","173","71","18","20","22","17","70","83","8","31","13","9","69","39","60","20","13","65","11","28","26","42","27","12","45","101","15","43","134","61","9"
"FLEX","Flex Ltd","AI服务器_存储_EMS","65","122","97","75","37","62","45","76","91","56","83","57","70","66","112","49","82","73","81","90","71","151","88","67","28","95","55","116","167","152","44","131","134","125","129","99","96","124","27","36","49","90","76","111","30","121","93","52","83","94","44","13"
"FLNC","Fluence Energy","电力_发电_能源_储能","117","103","61","152","156","130","161","169","159","47","68","143","144","114","90","101","122","103","118","117","126","154","127","96","78","123","93","75","164","57","22","174","75","124","138","69","78","138","98","118","158","150","110","98","167","133","158","142","142","25","168","136"
"FN","Fabrinet","AI服务器_存储_EMS","38","80","40","12","107","134","119","53","61","61","55","24","74","25","81","26","35","41","23","68","72","67","40","20","79","72","23","32","149","132","35","76","56","144","53","36","84","101","89","27","110","65","81","51","21","67","152","67","129","140","77","91"
"FORM","FormFactor","封测_检测_计量_光罩","57","31","17","78","110","148","123","47","113","57","39","97","91","63","33","40","91","82","82","35","35","36","79","73","96","58","103","53","39","135","59","93","79","54","60","26","92","66","44","83","119","66","61","110","88","58","143","68","104","105","129","94"
"FTV","Fortive Corporation","机电_冷却_工程_水处理_边缘工业AI","144","158","142","123","38","35","39","68","56","141","153","151","142","163","160","136","148","120","139","156","150","100","150","166","146","158","150","153","103","120","118","110","171","156","136","153","130","162","161","146","71","139","165","153","103","132","36","110","76","88","109","45"
"GEV","GE Vernova","电力_发电_能源_储能","31","11","1","8","101","141","115","59","74","14","22","25","26","4","40","23","12","3","36","21","28","44","38","5","10","13","37","16","45","9","38","51","1","8","23","18","29","9","14","2","62","16","10","58","27","17","38","11","19","169","27","10"
"GFS","GlobalFoundries","晶圆制造_前道设备","157","141","39","163","79","68","61","128","148","109","143","154","163","165","140","135","113","161","140","162","136","89","141","154","163","178","151","113","72","68","138","94","126","148","153","137","139","146","122","161","120","141","115","157","135","141","58","149","71","10","87","96"
"GLW","Corning","AI网络_光互联_连接器","61","94","112","59","108","107","108","116","135","16","132","65","57","83","67","67","55","105","102","38","20","51","25","115","21","49","110","8","84","51","106","42","65","34","77","75","67","71","126","91","103","99","38","121","81","112","89","82","84","64","31","29"
"GNRC","Generac Holdings","电力_发电_能源_储能","113","123","136","143","68","103","68","129","102","130","60","125","107","80","79","94","129","118","107","126","130","142","121","91","131","132","104","95","170","69","139","82","19","103","144","126","154","120","131","135","97","100","116","117","119","142","116","126","111","37","113","100"
"GOOGL","Alphabet Inc","云算力_IDC_AI软件平台","66","22","13","30","87","85","81","6","25","90","69","28","53","56","14","59","71","32","24","9","50","10","7","30","8","32","100","9","14","1","88","6","35","43","8","146","37","38","32","70","17","19","4","69","28","20","14","18","20","174","83","146"
"HOCPY","HOYA Corporation","半导体材料_化学品_基板","122","52","94","109","137","151","137","25","53","100","128","71","96","45","56","109","56","111","76","101","44","27","90","108","71","88","94","66","23","136","89","79","97","19","37","56","128","93","108","111","72","71","117","113","42","30","39","120","116","148","141","84"
"HPE","惠普企业","AI服务器_存储_EMS","24","95","4","83","3","9","21","130","116","31","70","33","93","124","95","38","85","21","61","55","77","131","35","31","11","54","43","45","79","26","36","106","41","160","112","89","58","79","71","77","20","54","69","75","61","103","81","105","56","4","72","76"
"HUBB","Hubbell","配电_电源_功率器件","46","61","16","44","23","39","30","63","28","43","49","47","27","64","60","13","26","25","58","58","59","112","56","42","34","61","38","97","85","39","53","23","76","32","47","22","34","30","76","38","11","32","48","73","36","47","59","29","21","156","94","4"
"IBM","International Business Machines","云算力_IDC_AI软件平台","134","166","69","61","48","40","33","107","52","125","120","147","128","130","150","126","134","166","90","143","141","56","99","132","108","154","168","110","46","58","114","57","148","89","87","177","99","108","109","132","29","101","82","142","99","93","25","87","37","6","21","44"
"ICHR","Ichor Holdings","晶圆制造_前道设备","98","104","109","122","130","83","91","153","149","136","112","98","127","72","121","110","95","123","122","79","102","148","118","155","122","126","101","130","150","162","119","157","136","149","137","118","100","94","90","130","153","140","99","71","147","131","169","166","155","121","157","156"
"IESC","IES Holdings","机电_冷却_工程_水处理_边缘工业AI","32","74","18","19","141","95","87","48","48","58","71","34","22","42","53","41","43","28","47","66","65","171","61","27","49","36","31","94","136","83","46","67","7","113","104","73","49","25","58","17","30","28","62","13","45","72","140","16","130","124","121","7"
"IFNNY","Infineon Technologies AG 英飞凌科技","配电_电源_功率器件","114","26","115","159","98","116","99","100","93","20","23","126","28","120","80","122","130","91","70","47","73","45","124","113","75","86","102","64","57","42","40","36","50","59","61","61","79","118","15","115","91","108","14","125","89","64","45","75","79","32","123","63"
"IMOS","ChipMOS Technologies 南茂科技","封测_检测_计量_光罩","158","145","134","140","80","162","103","108","109","131","113","121","115","115","125","148","153","130","131","152","156","161","149","161","141","166","157","158","165","146","144","150","139","162","163","174","158","149","142","165","112","156","147","167","146","169","126","143","158","53","175","135"
"INTC","Intel Corporation 英特尔","AI计算芯片_EDA_IP_custom_ASIC","99","105","146","174","147","110","141","168","171","171","133","138","169","172","173","137","171","133","150","105","137","95","147","85","149","104","127","89","137","172","166","149","153","170","166","78","113","134","123","154","162","179","152","90","170","167","127","171","65","117","10","152"
"IREN","IREN Limited","云算力_IDC_AI软件平台","39","68","48","71","166","155","171","167","161","17","61","35","95","92","63","61","57","17","59","75","109","175","85","39","41","46","20","90","174","79","12","146","104","105","141","66","54","61","49","42","164","118","63","9","158","158","160","127","166","13","96","113"
"JBL","Jabil Inc","AI服务器_存储_EMS","47","127","73","70","26","41","40","92","86","46","78","41","67","122","75","68","72","60","95","91","92","144","66","92","52","82","48","72","171","93","67","116","90","155","96","105","73","119","59","43","43","91","86","119","18","126","123","47","100","113","78","17"
"JCI","Johnson Controls","机电_冷却_工程_水处理_边缘工业AI","92","124","90","112","49","74","56","83","77","104","56","87","112","58","74","75","63","83","123","87","110","115","120","74","35","128","105","114","58","63","94","61","68","86","134","76","60","80","114","103","73","77","72","104","83","94","70","57","25","38","62","22"
"KEYS","Keysight Technologies","封测_检测_计量_光罩","89","75","23","128","95","81","94","38","54","27","57","88","34","49","38","111","86","135","77","30","45","53","91","110","80","70","111","82","47","30","80","73","72","30","72","40","126","130","66","104","50","60","70","138","54","63","40","58","57","135","59","87"
"KLAC","KLA Corporation","晶圆制造_前道设备","40","9","89","68","133","142","118","12","5","71","79","45","44","51","43","44","48","53","20","23","15","4","23","40","50","33","32","26","11","96","45","35","36","10","10","34","38","44","41","62","31","33","26","72","19","6","52","27","8","43","24","160"
"KLIC","Kulicke Soffa","封测_检测_计量_光罩","84","87","121","142","63","71","82","88","126","88","62","115","139","75","78","127","103","95","114","111","93","133","87","136","97","136","137","134","138","126","140","123","147","109","132","113","131","102","115","149","113","119","96","102","126","100","145","139","150","93","130","105"
"LFUS","Littelfuse","配电_电源_功率器件","135","151","137","147","105","55","69","64","129","52","102","160","150","145","98","132","106","72","132","100","138","107","145","128","126","150","152","160","139","70","23","64","107","131","111","127","146","109","102","136","114","151","105","151","124","111","85","134","127","101","119","35"
"LIN","Linde plc","半导体材料_化学品_基板","138","110","144","126","81","78","76","13","16","144","159","99","130","156","135","78","73","121","128","139","78","110","100","123","144","131","153","41","80","23","54","18","120","83","45","102","118","110","152","159","15","121","148","162","16","82","1","48","38","120","22","26"
"LITE","Lumentum","AI网络_光互联_连接器","19","35","116","51","134","154","151","164","158","7","8","29","75","6","19","17","11","81","65","25","16","69","10","43","43","8","33","18","81","43","19","78","21","40","97","10","39","23","9","37","135","61","22","16","125","77","153","63","124","151","47","98"
"LRCX","Lam Research","晶圆制造_前道设备","41","53","80","73","119","147","127","28","17","76","84","43","47","55","34","52","39","54","29","27","17","13","31","58","76","45","44","42","24","80","55","44","80","24","19","44","35","40","73","71","63","46","27","81","29","13","72","42","30","20","25","165"
"LWLG","Lightwave Logic","AI网络_光互联_连接器","118","172","179","177","173","173","168","178","178","176","177","90","178","123","177","179","177","171","177","104","142","156","170","107","121","99","72","180","119","180","180","177","180","180","175","109","134","164","162","139","180","168","174","64","177","179","179","177","180","178","169","112"
"MCHP","Microchip Technology","AI计算芯片_EDA_IP_custom_ASIC","164","114","120","161","91","57","84","146","130","162","137","134","151","125","153","165","165","127","164","167","167","122","166","146","166","148","169","146","86","153","172","161","150","152","107","147","165","165","145","163","115","163","144","156","131","152","4","146","105","137","50","55"
"META","Meta Platforms","云算力_IDC_AI软件平台","90","48","42","53","10","20","16","22","8","110","138","89","59","106","82","79","77","27","30","26","60","26","14","133","109","43","120","17","104","137","175","70","173","97","22","154","44","50","111","93","32","8","78","123","37","52","53","30","26","97","6","149"
"MICLF","Mycronic AB","封测_检测_计量_光罩","139","117","118","114","163","30","111","69","137","103","103","140","131","76","72","138","126","141","124","130","143","72","138","148","89","97","133","128","65","52","145","100","94","116","117","82","162","135","74","142","125","122","100","129","141","98","102","132","153","161","180","62"
"MIELY","三菱电机 Mitsubishi Electric","配电_电源_功率器件","85","106","96","107","154","31","134","70","83","133","121","139","113","128","126","83","87","80","103","82","103","74","104","106","98","106","89","105","73","127","81","89","124","99","95","41","135","125","116","87","82","113","120","147","77","61","26","98","117","175","146","83"
"MKSI","MKS Inc","晶圆制造_前道设备","93","88","95","97","39","21","51","151","122","105","104","106","77","96","115","95","78","97","91","57","61","66","92","111","107","107","95","93","66","130","99","127","116","85","66","93","114","111","117","119","83","84","111","93","79","70","90","121","90","74","88","142"
"MMM","3M","半导体材料_化学品_基板","165","171","165","141","64","15","17","142","69","163","174","144","155","160","156","154","157","164","170","169","162","153","167","87","171","176","179","161","151","173","169","142","130","129","162","167","177","169","167","170","85","172","166","180","101","161","11","111","58","119","58","140"
"MOD","Modine Manufacturing","机电_冷却_工程_水处理_边缘工业AI","27","89","9","32","69","117","104","101","64","12","13","42","55","14","30","24","36","55","43","32","38","101","62","71","58","59","56","103","87","21","68","21","54","78","73","23","36","47","16","44","99","21","28","10","55","59","148","72","66","12","110","23"
"MPWR","Monolithic Power Systems","配电_电源_功率器件","28","36","103","33","139","160","154","7","18","62","40","58","38","5","23","69","58","49","37","24","24","14","32","53","63","41","34","44","15","74","41","112","70","38","24","42","42","39","60","29","121","55","64","50","49","26","105","24","50","67","69","12"
"MRAM","Everspin Technologies","AI服务器_存储_EMS","176","174","164","150","152","156","156","143","154","167","134","141","166","99","144","167","173","158","168","174","174","119","173","175","173","164","159","174","130","147","72","173","159","128","156","135","160","177","147","164","165","170","160","89","161","176","161","135","160","180","177","119"
"MRVL","Marvell Technology","AI计算芯片_EDA_IP_custom_ASIC","13","20","76","24","123","157","155","109","101","25","9","7","39","31","13","27","22","30","25","11","21","17","29","13","38","27","13","24","25","106","48","15","52","35","29","21","11","10","33","18","116","22","49","17","52","32","124","38","44","1","18","126"
"MSFT","微软","云算力_IDC_AI软件平台","52","13","37","25","50","36","52","3","13","84","18","19","42","98","12","37","15","23","12","17","46","15","5","24","12","19","85","4","6","2","63","3","18","21","3","140","21","34","10","63","21","12","6","77","15","24","60","19","9","133","7","114"
"MSI","Motorola Solutions","机电_冷却_工程_水处理_边缘工业AI","169","177","163","94","53","89","48","49","10","83","135","169","132","152","137","141","158","168","158","176","172","58","162","168","172","173","173","165","29","31","100","46","142","121","67","173","151","163","169","156","22","152","149","176","118","79","9","53","49","142","63","69"
"MTRN","Materion","半导体材料_化学品_基板","155","148","133","116","54","96","58","93","107","78","148","135","117","118","105","133","135","134","125","123","131","81","126","134","132","155","121","157","74","89","150","137","66","91","124","119","152","150","154","123","104","114","150","143","121","136","82","130","121","22","150","85"
"MTSI","MACOM Technology Solutions","AI网络_光互联_连接器","49","62","105","76","142","149","152","117","117","65","80","53","40","23","37","54","49","62","38","28","36","52","50","47","39","57","49","99","88","94","60","33","28","51","62","27","45","41","67","50","129","78","73","29","98","62","108","69","112","71","82","106"
"MU","Micron Technology 美光科技","AI服务器_存储_EMS","14","5","7","6","28","63","53","110","145","5","30","8","4","3","3","8","6","9","3","4","7","8","6","23","30","7","11","13","35","111","16","1","10","13","25","1","8","19","17","7","92","6","43","40","62","4","74","76","12","8","1","153"
"MXL","MaxLinear","AI计算芯片_EDA_IP_custom_ASIC","107","81","131","167","157","114","147","160","152","72","31","111","167","89","111","162","107","154","151","61","111","137","144","131","142","80","143","140","140","121","146","107","109","133","174","79","101","57","103","144","154","176","124","54","162","164","135","170","162","116","139","107"
"MYRG","MYR Group","机电_冷却_工程_水处理_边缘工业AI","62","82","44","64","55","86","59","84","81","70","105","48","73","71","88","55","79","56","78","80","74","168","80","45","82","60","59","108","120","100","56","62","43","122","126","85","119","72","79","41","44","47","79","31","59","83","86","83","59","128","133","8"
"NBIS","Nebius Group","云算力_IDC_AI软件平台","3","76","107","46","174","174","172","161","167","24","50","14","54","39","49","56","40","10","13","70","86","160","47","48","5","10","35","30","160","59","10","98","62","90","122","57","12","16","18","52","170","134","15","3","145","128","155","99","167","58","55","120"
"NDSN","Nordson","半导体材料_化学品_基板","142","135","126","105","59","61","41","71","44","138","116","92","126","131","139","116","110","129","108","148","112","113","128","135","137","149","122","147","105","101","127","118","78","102","88","138","161","121","135","124","78","120","151","127","78","114","49","112","97","73","103","56"
"NOK","诺基亚","AI网络_光互联_连接器","166","128","149","151","99","75","105","115","104","37","91","148","157","78","101","146","136","93","146","142","157","121","137","170","83","168","154","88","110","112","160","103","143","126","173","155","166","151","72","147","141","157","106","161","107","157","75","160","122","33","75","102"
"NTAP","NetApp","AI服务器_存储_EMS","115","136","54","99","12","46","43","29","32","143","94","127","87","111","127","103","138","131","109","121","113","83","96","114","128","103","123","87","40","97","107","53","82","80","106","161","140","136","143","125","39","79","138","120","80","99","41","92","72","23","79","18"
"NTNX","Nutanix","云算力_IDC_AI软件平台","128","152","86","77","56","93","63","39","46","77","95","128","81","121","104","124","159","173","96","138","127","46","115","143","110","134","130","111","26","44","128","43","161","76","101","175","97","126","128","120","40","109","107","78","100","85","18","70","60","75","102","21"
"NVDA","NVIDIA","AI计算芯片_EDA_IP_custom_ASIC","1","1","56","1","4","47","46","1","1","2","1","1","1","28","1","3","1","6","1","1","1","1","1","1","4","1","1","1","2","64","42","11","5","1","1","11","4","1","1","12","16","1","1","25","3","8","91","1","1","172","4","178"
"NVMI","Nova Ltd","晶圆制造_前道设备","77","107","28","58","124","143","124","40","72","93","92","74","82","35","87","70","96","71","66","64","25","41","60","80","64","51","73","83","48","122","82","66","98","63","51","52","74","81","99","65","98","72","74","61","66","53","117","61","98","99","106","150"
"NVT","nVent Electric","配电_电源_功率器件","42","90","3","38","82","101","85","72","37","60","10","54","19","73","46","11","37","50","48","72","79","91","65","46","17","62","39","39","75","45","13","24","12","33","68","24","24","45","11","30","64","38","33","74","40","65","71","17","61","108","95","1"
"NVTS","Navitas Semiconductor","配电_电源_功率器件","119","118","173","178","175","175","177","173","172","121","175","104","171","174","159","172","172","145","172","89","114","130","146","122","148","71","115","173","141","177","151","172","158","178","171","106","62","147","163","152","176","158","167","28","175","155","162","176","171","39","144","143"
"OKLO","Oklo Inc","电力_发电_能源_储能","163","83","169","171","176","135","165","176","177","180","180","91","176","177","179","180","178","176","180","113","117","129","178","105","129","53","57","168","121","179","120","176","174","172","149","158","51","67","174","54","175","154","179","24","180","166","176","172","177","83","127","180"
"ON","onsemi","AI计算芯片_EDA_IP_custom_ASIC","159","159","106","156","72","37","64","118","112","150","117","161","161","140","128","155","160","148","155","158","151","96","161","153","133","140","166","156","96","154","155","151","160","120","115","107","132","167","112","157","126","159","127","112","144","147","80","161","108","52","51","66"
"ONTO","Onto Innovation","封测_检测_计量_光罩","48","37","78","47","92","113","116","23","71","23","32","66","62","9","18","36","65","48","52","50","26","40","53","78","48","44","67","60","36","98","83","71","73","62","55","32","61","73","52","49","117","48","39","57","58","38","119","39","99","84","105","108"
"ORCL","Oracle Corporation","云算力_IDC_AI软件平台","33","38","8","13","83","108","92","144","79","36","3","36","17","60","7","53","23","20","26","22","56","71","30","35","6","20","18","12","16","3","2","34","15","18","44","86","15","20","5","16","86","29","11","21","57","44","94","54","13","40","8","134"
"PENG","Penguin Solutions","AI服务器_存储_EMS","22","142","11","50","29","69","60","145","139","146","122","49","119","132","123","84","97","104","92","73","121","158","123","29","73","110","40","145","153","138","121","158","99","157","100","83","40","51","129","33","128","30","135","14","130","135","156","113","148","15","147","92"
"PH","Parker-Hannifin","机电_冷却_工程_水处理_边缘工业AI","94","119","102","95","40","76","49","50","27","124","123","142","105","150","133","91","101","150","97","96","94","73","102","156","114","137","116","104","89","107","122","84","122","87","56","98","82","112","155","122","51","115","146","145","84","73","27","71","45","144","35","33"
"PLAB","Photronics","封测_检测_计量_光罩","123","115","59","121","20","7","4","60","96","169","173","129","147","143","163","134","119","106","93","124","122","124","117","127","152","142","124","144","111","176","132","154","156","146","159","53","149","127","170","148","79","135","161","130","122","107","150","128","136","177","170","130"
"PNR","Pentair plc","机电_冷却_工程_水处理_边缘工业AI","136","160","122","124","41","10","10","94","60","175","170","130","133","157","171","102","114","169","133","131","139","141","122","172","138","121","131","171","142","139","147","148","133","150","119","120","85","122","179","106","84","129","172","154","110","116","54","144","80","165","111","51"
"POET","POET Technologies","AI网络_光互联_连接器","69","84","177","172","177","164","178","177","175","172","139","79","172","67","174","174","169","94","174","84","123","136","140","84","91","77","68","127","112","163","178","175","169","132","176","91","124","82","113","107","179","164","130","42","174","178","180","179","178","150","161","42"
"POWI","Power Integrations","配电_电源_功率器件","145","137","128","138","125","145","138","85","67","142","166","152","143","139","36","142","115","147","159","141","132","55","139","141","150","109","162","139","90","168","170","171","164","136","105","156","121","142","150","150","150","123","162","134","129","144","125","151","113","41","153","71"
"POWL","Powell Industries","配电_电源_功率器件","34","69","31","9","106","131","112","41","14","35","14","37","8","36","47","4","44","19","39","54","57","92","39","28","14","30","24","56","67","10","6","47","8","25","80","6","16","14","45","20","93","10","65","5","46","40","103","40","67","82","114","3"
"PSIX","Power Solutions International","电力_发电_能源_储能","67","96","53","20","27","5","5","154","143","165","129","59","65","95","149","57","66","39","83","106","118","165","93","116","99","98","65","172","173","158","141","144","123","164","172","90","104","95","140","74","127","39","153","6","152","138","164","114","161","102","178","89"
"PSTG","Everpure PureStorage","AI服务器_存储_EMS","91","120","104","91","73","118","100","24","50","82","41","116","78","87","117","87","127","125","79","114","104","75","89","83","119","87","96","96","30","60","37","37","64","70","84","128","116","96","84","98","59","92","91","52","90","88","65","55","170","171","143","25"
"PWR","Quanta Services","电力_发电_能源_储能","43","27","5","16","65","127","101","73","33","9","27","16","36","47","29","7","67","36","31","53","23","135","24","8","13","34","25","63","59","4","3","7","11","73","40","55","41","15","20","13","8","24","23","63","9","46","28","31","14","143","38","5"
"Q","Qnity Electronics","半导体材料_化学品_基板","100","97","58","127","75","119","88","120","142","96","96","112","72","53","50","150","98","119","44","129","124","47","101","77","120","89","90","112","143","140","164","87","92","53","146","71","147","131","80","46","105","62","97","79","92","97","76","101","169","87","85","68"
"QCOM","Qualcomm","AI计算芯片_EDA_IP_custom_ASIC","129","130","36","96","30","12","42","14","38","134","142","95","99","153","155","139","131","110","115","109","125","63","132","117","147","130","144","132","106","159","156","136","167","137","131","121","86","113","132","121","65","45","125","136","108","105","61","88","62","42","19","163"
"RKLB","Rocket Lab","机电_冷却_工程_水处理_边缘工业AI","177","179","176","90","178","176","179","166","170","159","130","107","173","175","164","173","176","84","165","180","180","32","180","180","180","172","176","120","97","71","15","125","149","175","120","179","156","105","171","127","173","173","139","36","169","149","163","152","123","179","71","167"
"RMBS","Rambus","AI服务器_存储_EMS","101","85","129","65","128","158","139","11","22","129","124","75","98","82","99","119","149","136","71","44","82","33","73","62","100","83","80","106","19","156","101","113","119","49","48","33","102","143","133","84","106","80","131","76","112","14","87","77","73","34","100","73"
"ROG","Rogers Corporation","半导体材料_化学品_基板","137","156","138","146","102","104","79","74","120","160","160","131","146","126","146","128","132","137","98","93","115","97","129","109","159","135","134","167","122","169","152","169","144","145","108","80","157","155","165","112","142","124","163","114","133","123","136","156","132","44","167","159"
"RYCEY","Rolls-Royce Holdings","电力_发电_能源_储能","102","131","19","55","126","120","95","42","41","53","114","122","83","119","97","88","139","85","94","107","87","37","142","60","104","94","86","149","60","32","49","22","55","94","57","123","141","128","68","85","33","63","34","106","73","50","42","64","94","78","122","81"
"SANM","Sanmina Corporation","AI服务器_存储_EMS","86","108","84","63","19","26","23","111","111","79","115","67","71","116","100","76","116","86","126","97","133","145","49","97","101","124","66","98","168","113","95","140","125","161","139","114","107","123","104","68","74","102","87","22","69","145","166","100","118","90","101","41"
"SHECY","Shin-Etsu Chemical 信越化学","半导体材料_化学品_基板","108","70","108","117","148","58","142","4","30","108","150","82","100","69","96","96","68","70","49","95","29","20","77","94","106","101","52","78","31","103","73","40","93","47","31","81","117","62","105","78","52","67","101","101","38","37","15","78","106","59","145","79"
"SIMO","Silicon Motion Technology","AI服务器_存储_EMS","124","157","151","89","140","136","157","51","98","85","51","93","114","77","89","112","161","132","141","147","144","120","131","142","105","144","141","135","144","164","123","120","128","104","121","134","142","152","110","137","138","130","145","84","139","170","129","145","154","69","124","132"
"SITM","SiTime Corporation","AI网络_光互联_连接器","103","99","125","56","159","177","166","112","140","74","72","108","49","68","54","117","117","114","104","98","99","30","114","129","74","92","107","107","51","84","133","85","117","96","59","122","110","129","127","113","155","125","140","95","113","122","104","106","131","168","116","61"
"SMCI","Super Micro Computer Inc","AI服务器_存储_EMS","8","54","29","92","1","14","6","171","165","95","81","10","84","166","84","28","59","4","10","37","66","166","46","21","44","25","7","23","159","123","47","128","45","174","130","72","19","6","61","3","147","11","98","7","154","117","175","93","175","30","80","164"
"SMR","NuScale Power","电力_发电_能源_储能","160","98","166","169","179","178","180","175","174","179","179","113","177","178","176","177","174","175","178","120","134","117","177","124","139","78","74","163","123","178","173","178","172","168","160","163","63","97","176","69","177","161","178","37","178","162","177","174","176","80","162","177"
"SMTC","Semtech Corporation","AI网络_光互联_连接器","95","111","26","113","149","125","143","162","146","117","85","83","41","22","69","71","88","52","84","45","83","85","98","82","65","84","91","85","107","118","108","111","83","66","114","67","103","46","85","75","151","85","102","34","151","113","120","115","135","14","117","77"
"SNDK","SanDisk","AI服务器_存储_EMS","109","143","119","21","42","66","83","149","133","3","73","38","15","8","8","92","31","61","16","103","75","84","97","100","7","26","97","76","172","33","9","14","20","17","113","150","91","156","19","32","136","81","16","33","70","163","97","89","165","45","12","124"
"SNPS","Synopsys","AI计算芯片_EDA_IP_custom_ASIC","78","7","64","35","89","80","109","30","2","86","97","68","31","88","76","62","150","128","55","39","39","5","21","93","57","55","75","15","4","27","84","2","91","6","6","58","77","74","81","72","12","34","17","91","8","3","6","13","22","164","52","145"
"SOMMY","住友化学 Sumitomo Chemical","半导体材料_化学品_基板","146","138","170","154","129","32","70","155","131","118","167","162","165","141","129","143","142","156","142","161","152","87","148","118","154","161","138","133","113","167","165","153","138","107","158","141","178","86","158","143","100","169","155","166","116","115","95","136","143","176","179","128"
"ST","Sensata Technologies","配电_电源_功率器件","161","161","154","153","66","11","22","134","115","127","149","163","164","164","158","157","137","157","152","134","169","118","152","159","161","167","165","150","131","141","129","155","127","143","155","162","159","166","136","162","118","155","154","159","150","125","77","131","137","91","137","72"
"STM","STMicroelectronics","AI计算芯片_EDA_IP_custom_ASIC","149","167","152","168","103","48","65","89","105","168","125","165","162","136","154","158","170","159","163","165","163","109","157","147","164","153","170","65","124","119","142","104","166","140","135","132","167","175","130","171","130","171","132","141","140","153","118","162","114","21","53","93"
"STX","Seagate Technology","AI服务器_存储_EMS","79","55","130","34","131","152","135","119","87","13","52","20","12","12","11","12","50","51","67","135","67","29","74","75","53","37","87","28","175","81","26","25","25","26","58","142","70","87","42","21","143","73","40","38","50","150","109","62","101","76","13","47"
"TDY","Teledyne Technologies","封测_检测_计量_光罩","173","162","162","137","51","27","26","54","47","148","106","166","141","154","136","123","143","151","129","119","158","80","159","137","162","169","161","129","61","46","109","49","106","117","89","100","172","170","164","155","66","142","168","170","65","108","16","79","63","155","86","95"
"TEL","TE Connectivity","AI网络_光互联_连接器","70","71","46","84","11","19","13","43","42","32","42","76","79","109","55","32","99","37","110","69","95","43","105","32","66","100","69","33","76","40","90","65","51","71","41","29","80","98","53","24","4","56","80","107","22","31","66","94","46","86","48","19"
"TER","Teradyne","封测_检测_计量_光罩","44","18","65","67","127","146","131","44","84","55","28","77","43","15","27","72","80","77","72","40","40","65","42","37","81","47","81","86","62","124","64","114","163","57","38","50","32","83","23","108","111","35","18","92","47","35","132","95","81","7","60","88"
"TMO","Thermo Fisher Scientific","封测_检测_计量_光罩","175","175","168","144","24","17","18","61","39","164","172","171","153","167","172","156","140","170","171","155","164","88","172","177","174","179","174","178","108","151","124","105","140","147","90","171","174","176","173","179","41","144","175","175","43","129","2","124","47","118","42","38"
"TSEM","Tower Semiconductor","晶圆制造_前道设备","150","49","6","129","132","161","136","131","114","22","33","164","156","144","83","147","123","152","143","166","153","49","143","150","167","157","158","102","49","125","157","109","145","111","147","148","138","157","50","151","107","136","44","139","128","137","130","133","109","149","89","166"
"TSLA","Tesla","机电_冷却_工程_水处理_边缘工业AI","170","173","148","160","155","179","162","102","127","166","107","149","170","176","166","140","145","89","111","163","175","59","164","173","169","91","112","109","161","90","168","163","176","123","109","84","125","144","124","114","166","160","121","146","166","154","141","157","110","89","9","161"
"TSM","台积电","晶圆制造_前道设备","9","2","60","11","5","33","34","56","76","34","43","5","7","2","4","15","4","7","2","3","5","3","2","15","36","2","8","2","3","61","39","12","4","3","4","3","46","8","2","14","5","5","2","82","1","2","78","3","2","95","11","179"
"TT","Trane Technologies","机电_冷却_工程_水处理_边缘工业AI","53","56","52","49","52","102","66","33","21","75","44","60","64","18","28","20","8","79","53","67","30","60","54","59","59","90","50","48","50","22","65","29","6","44","27","38","9","31","28","64","24","49","19","94","48","39","50","56","5","111","36","40"
"TXN","德州仪器","AI计算芯片_EDA_IP_custom_ASIC","96","165","68","148","111","90","80","122","151","156","154","156","120","151","147","149","154","165","160","160","168","105","165","126","160","165","171","151","91","166","161","121","170","100","49","157","173","171","118","173","87","145","118","158","114","139","12","137","64","145","20","37"
"UCTT","Ultra Clean Holdings","晶圆制造_前道设备","104","112","43","131","96","18","57","150","138","126","98","94","118","65","130","98","89","112","116","76","100","140","112","151","127","120","106","119","145","148","115","160","121","142","143","101","87","103","100","126","145","131","92","88","149","124","167","158","149","54","158","122"
"UMC","United Microelectronics 联华电子","晶圆制造_前道设备","167","153","158","158","17","52","47","90","97","154","151","174","148","169","152","152","133","167","153","170","160","149","160","167","168","174","167","141","98","160","162","124","132","158","167","166","168","172","151","166","101","146","156","160","136","148","83","163","85","28","76","116"
"VECO","Veeco Instruments","晶圆制造_前道设备","130","77","51","104","84","64","89","132","123","29","108","120","111","104","110","104","104","100","99","86","84","78","107","139","115","127","108","137","92","128","125","75","113","77","91","96","81","88","69","102","122","110","54","62","117","90","112","138","133","132","152","170"
"VIAV","VIAVI Solutions","AI网络_光互联_连接器","116","116","12","134","144","97","122","156","147","137","126","132","138","112","113","118","124","87","144","48","107","94","110","160","90","79","125","121","132","155","110","141","152","41","140","47","148","145","82","128","148","147","108","85","143","89","106","153","144","152","118","54"
"VICR","Vicor Corporation","配电_电源_功率器件","54","57","111","88","153","180","163","147","125","112","34","78","137","110","71","85","81","92","85","43","41","38","94","61","87","63","45","126","37","34","24","90","24","138","81","54","93","58","101","92","156","103","88","47","153","74","165","65","151","19","126","118"
"VISN","Vistance Networks","AI网络_光互联_连接器","140","100","172","81","67","6","1","95","169","149","144","177","175","162","167","175","155","153","175","157","170","146","163","179","179","180","60","179","178","143","176","135","175","173","178","143","179","114","177","153","88","104","180","122","172","173","173","168","179","85","173","125"
"VRT","Vertiv","机电_冷却_工程_水处理_边缘工业AI","5","6","45","2","74","150","129","86","6","4","4","3","5","1","6","1","3","1","4","6","3","50","8","3","3","5","2","27","12","5","4","41","2","11","14","2","1","2","8","6","67","7","8","12","2","21","98","6","4","160","37","11"
"VSH","Vishay Intertechnology","配电_电源_功率器件","151","149","167","164","120","87","90","133","144","106","118","167","160","170","119","163","144","146","161","127","154","150","156","164","155","163","160","164","162","104","69","134","115","154","165","149","163","173","125","172","149","162","128","169","155","134","110","147","146","3","138","90"
"VST","Vistra Corp","电力_发电_能源_储能","63","43","15","5","2","16","11","103","49","97","155","103","46","16","68","80","32","46","27","88","27","172","34","19","72","38","21","49","93","47","17","30","49","12","16","111","17","21","86","31","14","3","75","59","68","28","23","20","31","50","68","97"
"WDC","WesternDigital","AI服务器_存储_EMS","76","63","124","27","138","137","110","148","99","11","58","26","16","13","9","9","16","47","60","108","62","68","67","72","60","42","76","36","177","53","27","32","17","39","76","139","68","84","34","15","139","57","29","41","41","156","107","41","107","57","14","48"
"WOLF","Wolfspeed","配电_电源_功率器件","174","163","178","179","180","59","158","180","179","177","178","180","179","180","180","176","180","179","176","154","128","143","168","125","170","147","139","176","125","175","177","179","177","177","177","115","143","179","168","180","171","177","171","118","176","175","172","178","172","159","163","171"
