method_id,source_path,source_line,text
01,D:\drive\Investment\分析报告\公司排序\01_暂时有效_核心\01_风险调整赔率_十二句话S03_原11\迭代版本\R10_2026-07-12_独立自洽版\01_研究方案.md,1,# 风险调整赔率全公司排序研究方案
01,D:\drive\Investment\分析报告\公司排序\01_暂时有效_核心\01_风险调整赔率_十二句话S03_原11\迭代版本\R10_2026-07-12_独立自洽版\01_研究方案.md,3,## 研究目标与唯一输出
01,D:\drive\Investment\分析报告\公司排序\01_暂时有效_核心\01_风险调整赔率_十二句话S03_原11\迭代版本\R10_2026-07-12_独立自洽版\01_研究方案.md,5,对统一截止时点下的全部公司做连续排名，优先寻找可验证上行、估值缓冲和下行边界同时成立的公司。高质量但没有赔率、赔率很大但缺少兑现证据、或近期下跌仍未解释的公司均不得机械进入前列。
01,D:\drive\Investment\分析报告\公司排序\01_暂时有效_核心\01_风险调整赔率_十二句话S03_原11\迭代版本\R10_2026-07-12_独立自洽版\01_研究方案.md,7,完整结果只能写入：
01,D:\drive\Investment\分析报告\公司排序\01_暂时有效_核心\01_风险调整赔率_十二句话S03_原11\迭代版本\R10_2026-07-12_独立自洽版\01_研究方案.md,11,不得创建或修改其他文件。
01,D:\drive\Investment\分析报告\公司排序\01_暂时有效_核心\01_风险调整赔率_十二句话S03_原11\迭代版本\R10_2026-07-12_独立自洽版\01_研究方案.md,13,## 输入边界与时间截止
01,D:\drive\Investment\分析报告\公司排序\01_暂时有效_核心\01_风险调整赔率_十二句话S03_原11\迭代版本\R10_2026-07-12_独立自洽版\01_研究方案.md,15,只能读取：
01,D:\drive\Investment\分析报告\公司排序\01_暂时有效_核心\01_风险调整赔率_十二句话S03_原11\迭代版本\R10_2026-07-12_独立自洽版\01_研究方案.md,20,不得读取公司调研、行业调研、任何排序结果、效果验证、特征量化、备份资料、外部网页或未列出的本地资料。
01,D:\drive\Investment\分析报告\公司排序\01_暂时有效_核心\01_风险调整赔率_十二句话S03_原11\迭代版本\R10_2026-07-12_独立自洽版\01_研究方案.md,22,1. 选择执行时点以前日期最新、覆盖完整的每日金融主文件；“补充字段校验”文件只能与同日主文件合并。
01,D:\drive\Investment\分析报告\公司排序\01_暂时有效_核心\01_风险调整赔率_十二句话S03_原11\迭代版本\R10_2026-07-12_独立自洽版\01_研究方案.md,25,4. 区间价格和估值变化只能由价格截止日及以前的每日金融文件计算。禁止读取任何更晚文件。
01,D:\drive\Investment\分析报告\公司排序\01_暂时有效_核心\01_风险调整赔率_十二句话S03_原11\迭代版本\R10_2026-07-12_独立自洽版\01_研究方案.md,28,## 统一评分
01,D:\drive\Investment\分析报告\公司排序\01_暂时有效_核心\01_风险调整赔率_十二句话S03_原11\迭代版本\R10_2026-07-12_独立自洽版\01_研究方案.md,32,| 分项 | 权重 | 判定重点 |
01,D:\drive\Investment\分析报告\公司排序\01_暂时有效_核心\01_风险调整赔率_十二句话S03_原11\迭代版本\R10_2026-07-12_独立自洽版\01_研究方案.md,34,| 上行质量 | 18% | 基准与乐观情景的收入、利润、FCF及其证据链 |
01,D:\drive\Investment\分析报告\公司排序\01_暂时有效_核心\01_风险调整赔率_十二句话S03_原11\迭代版本\R10_2026-07-12_独立自洽版\01_研究方案.md,35,| 下行边界 | 16% | 悲观情景、估值安全边际、流动性和资产负债表 |
01,D:\drive\Investment\分析报告\公司排序\01_暂时有效_核心\01_风险调整赔率_十二句话S03_原11\迭代版本\R10_2026-07-12_独立自洽版\01_研究方案.md,36,| 财务韧性 | 12% | 毛利率、经营杠杆、现金转化、融资和稀释 |
01,D:\drive\Investment\分析报告\公司排序\01_暂时有效_核心\01_风险调整赔率_十二句话S03_原11\迭代版本\R10_2026-07-12_独立自洽版\01_研究方案.md,37,| 估值缓冲 | 15% | 当前及基准情景下的P/S、Forward PE、EV/EBITDA和FCF收益率 |
01,D:\drive\Investment\分析报告\公司排序\01_暂时有效_核心\01_风险调整赔率_十二句话S03_原11\迭代版本\R10_2026-07-12_独立自洽版\01_研究方案.md,38,| 负面触发控制 | 12% | 客户、订单、交付、验收、供应、监管及融资风险是否关闭 |
01,D:\drive\Investment\分析报告\公司排序\01_暂时有效_核心\01_风险调整赔率_十二句话S03_原11\迭代版本\R10_2026-07-12_独立自洽版\01_研究方案.md,39,| 催化兑现 | 13% | 未来两个至四个季度可验证的订单、交付、产能、指引或财报节点 |
01,D:\drive\Investment\分析报告\公司排序\01_暂时有效_核心\01_风险调整赔率_十二句话S03_原11\迭代版本\R10_2026-07-12_独立自洽版\01_研究方案.md,40,| 假设稳健性 | 9% | 上行路径依赖的未验证关键条件数量及相互依赖程度 |
01,D:\drive\Investment\分析报告\公司排序\01_暂时有效_核心\01_风险调整赔率_十二句话S03_原11\迭代版本\R10_2026-07-12_独立自洽版\01_研究方案.md,41,| 资料完整性 | 5% | 日期、字段、币种、ADR、估值校验和证据可追溯性 |
01,D:\drive\Investment\分析报告\公司排序\01_暂时有效_核心\01_风险调整赔率_十二句话S03_原11\迭代版本\R10_2026-07-12_独立自洽版\01_研究方案.md,43,`基础分 = 0.18×上行质量 + 0.16×下行边界 + 0.12×财务韧性 + 0.15×估值缓冲 + 0.12×负面触发控制 + 0.13×催化兑现 + 0.09×假设稳健性 + 0.05×资料完整性`
01,D:\drive\Investment\分析报告\公司排序\01_暂时有效_核心\01_风险调整赔率_十二句话S03_原11\迭代版本\R10_2026-07-12_独立自洽版\01_研究方案.md,45,## 价格确认调整
01,D:\drive\Investment\分析报告\公司排序\01_暂时有效_核心\01_风险调整赔率_十二句话S03_原11\迭代版本\R10_2026-07-12_独立自洽版\01_研究方案.md,49,- 20日收益位于全样本前40%、5日收益不在后30%，且存在可验证经营改善或催化兑现：加6分；两类证据同时成立再加4分。
01,D:\drive\Investment\分析报告\公司排序\01_暂时有效_核心\01_风险调整赔率_十二句话S03_原11\迭代版本\R10_2026-07-12_独立自洽版\01_研究方案.md,50,- 20日收益位于后30%：扣6分；若评估中没有可验证的风险出清、错杀解释或经营缓释，再扣4分。
01,D:\drive\Investment\分析报告\公司排序\01_暂时有效_核心\01_风险调整赔率_十二句话S03_原11\迭代版本\R10_2026-07-12_独立自洽版\01_研究方案.md,56,## 前排门槛与冲突处理
01,D:\drive\Investment\分析报告\公司排序\01_暂时有效_核心\01_风险调整赔率_十二句话S03_原11\迭代版本\R10_2026-07-12_独立自洽版\01_研究方案.md,58,- Top20要求下行边界不低于55、负面触发控制不低于50，且不能同时存在两项未解除核心风险。
01,D:\drive\Investment\分析报告\公司排序\01_暂时有效_核心\01_风险调整赔率_十二句话S03_原11\迭代版本\R10_2026-07-12_独立自洽版\01_研究方案.md,62,- 不得按公司名称、代码、行业标签或目录分类直接加减分。
01,D:\drive\Investment\分析报告\公司排序\01_暂时有效_核心\01_风险调整赔率_十二句话S03_原11\迭代版本\R10_2026-07-12_独立自洽版\01_研究方案.md,64,## 执行与输出
01,D:\drive\Investment\分析报告\公司排序\01_暂时有效_核心\01_风险调整赔率_十二句话S03_原11\迭代版本\R10_2026-07-12_独立自洽版\01_研究方案.md,66,先逐公司形成评分卡，再做横截面排序和相邻名次复核。不得根据初排结果临时改变权重、门槛或价格规则。
02,D:\drive\Investment\分析报告\公司排序\01_暂时有效_核心\02_预期兑现概率_十二句话S02_原10\迭代版本\R10_2026-07-12_独立自洽版\01_研究方案.md,1,# 预期兑现概率全公司排序研究方案
02,D:\drive\Investment\分析报告\公司排序\01_暂时有效_核心\02_预期兑现概率_十二句话S02_原10\迭代版本\R10_2026-07-12_独立自洽版\01_研究方案.md,3,## 研究目标与唯一输出
02,D:\drive\Investment\分析报告\公司排序\01_暂时有效_核心\02_预期兑现概率_十二句话S02_原10\迭代版本\R10_2026-07-12_独立自洽版\01_研究方案.md,5,对统一截止时点下的全部公司做连续排名，判断未来两个至四个季度的收入、利润、订单、交付、验收和现金流预期能否兑现。长期叙事必须转换为短窗口可验证桥梁，估值空间和价格上涨本身不得被当作经营兑现。
02,D:\drive\Investment\分析报告\公司排序\01_暂时有效_核心\02_预期兑现概率_十二句话S02_原10\迭代版本\R10_2026-07-12_独立自洽版\01_研究方案.md,7,完整结果只能写入：
02,D:\drive\Investment\分析报告\公司排序\01_暂时有效_核心\02_预期兑现概率_十二句话S02_原10\迭代版本\R10_2026-07-12_独立自洽版\01_研究方案.md,11,不得创建或修改其他文件。
02,D:\drive\Investment\分析报告\公司排序\01_暂时有效_核心\02_预期兑现概率_十二句话S02_原10\迭代版本\R10_2026-07-12_独立自洽版\01_研究方案.md,13,## 输入边界与时间截止
02,D:\drive\Investment\分析报告\公司排序\01_暂时有效_核心\02_预期兑现概率_十二句话S02_原10\迭代版本\R10_2026-07-12_独立自洽版\01_研究方案.md,15,只能读取 `D:\drive\Investment\基本面\分析报告\公司评估\结果\` 和 `D:\drive\Investment\基本面\日度资料\每日金融数据\`。不得读取公司调研、行业调研、任何排序结果、效果验证、特征量化、备份资料、外部网页或未列出的资料。
02,D:\drive\Investment\分析报告\公司排序\01_暂时有效_核心\02_预期兑现概率_十二句话S02_原10\迭代版本\R10_2026-07-12_独立自洽版\01_研究方案.md,17,选择执行时点以前最新且覆盖完整的每日金融主文件，同日补充文件只能用于字段校验。以主文件生成时间为研究资料截止时点，以主文件披露的最新价格日期为价格截止日。样本池取主文件全部公司；每家公司只使用截止时点以前最新的一份正式公司评估。区间指标只读取价格截止日及以前的文件，并采用可确认的复权口径。
02,D:\drive\Investment\分析报告\公司排序\01_暂时有效_核心\02_预期兑现概率_十二句话S02_原10\迭代版本\R10_2026-07-12_独立自洽版\01_研究方案.md,19,## 证据分档
02,D:\drive\Investment\分析报告\公司排序\01_暂时有效_核心\02_预期兑现概率_十二句话S02_原10\迭代版本\R10_2026-07-12_独立自洽版\01_研究方案.md,25,- 100：已确认收入、利润、FCF或连续季度兑现。
02,D:\drive\Investment\分析报告\公司排序\01_暂时有效_核心\02_预期兑现概率_十二句话S02_原10\迭代版本\R10_2026-07-12_独立自洽版\01_研究方案.md,27,同一事实只能进入一个主评分项。报告篇幅、公司名称、行业热度和目标价不构成证据。
02,D:\drive\Investment\分析报告\公司排序\01_暂时有效_核心\02_预期兑现概率_十二句话S02_原10\迭代版本\R10_2026-07-12_独立自洽版\01_研究方案.md,29,## 固定评分
02,D:\drive\Investment\分析报告\公司排序\01_暂时有效_核心\02_预期兑现概率_十二句话S02_原10\迭代版本\R10_2026-07-12_独立自洽版\01_研究方案.md,31,| 分项 | 权重 | 判定重点 |
02,D:\drive\Investment\分析报告\公司排序\01_暂时有效_核心\02_预期兑现概率_十二句话S02_原10\迭代版本\R10_2026-07-12_独立自洽版\01_研究方案.md,33,| 兑现条件清晰度 | 25% | 需求到订单、交付、验收、收入和利润的完整链条 |
02,D:\drive\Investment\分析报告\公司排序\01_暂时有效_核心\02_预期兑现概率_十二句话S02_原10\迭代版本\R10_2026-07-12_独立自洽版\01_研究方案.md,34,| 证据新鲜度 | 10% | 关键证据日期相对研究资料截止时点的距离 |
02,D:\drive\Investment\分析报告\公司排序\01_暂时有效_核心\02_预期兑现概率_十二句话S02_原10\迭代版本\R10_2026-07-12_独立自洽版\01_研究方案.md,35,| 可量化桥梁 | 25% | 未来两个至四个季度可检验的数量、金额、时间和财务口径 |
02,D:\drive\Investment\分析报告\公司排序\01_暂时有效_核心\02_预期兑现概率_十二句话S02_原10\迭代版本\R10_2026-07-12_独立自洽版\01_研究方案.md,36,| 负面证据闭环 | 15% | 核心反证是否有量化缓释、关闭条件和验证日期 |
02,D:\drive\Investment\分析报告\公司排序\01_暂时有效_核心\02_预期兑现概率_十二句话S02_原10\迭代版本\R10_2026-07-12_独立自洽版\01_研究方案.md,37,| 阻力解除 | 10% | 产能、供应、客户、监管、融资和验收障碍是否实质改善 |
02,D:\drive\Investment\分析报告\公司排序\01_暂时有效_核心\02_预期兑现概率_十二句话S02_原10\迭代版本\R10_2026-07-12_独立自洽版\01_研究方案.md,38,| 估值反映状态 | 15% | 当前估值是否已经充分计入基准兑现，或仍存在合理空间 |
02,D:\drive\Investment\分析报告\公司排序\01_暂时有效_核心\02_预期兑现概率_十二句话S02_原10\迭代版本\R10_2026-07-12_独立自洽版\01_研究方案.md,40,`基本面主分 = 0.25×条件 + 0.10×新鲜度 + 0.25×桥梁 + 0.15×负面闭环 + 0.10×阻力解除 + 0.15×估值反映`
02,D:\drive\Investment\分析报告\公司排序\01_暂时有效_核心\02_预期兑现概率_十二句话S02_原10\迭代版本\R10_2026-07-12_独立自洽版\01_研究方案.md,42,## 价格状态校验
02,D:\drive\Investment\分析报告\公司排序\01_暂时有效_核心\02_预期兑现概率_十二句话S02_原10\迭代版本\R10_2026-07-12_独立自洽版\01_研究方案.md,46,- 确认且桥梁分不低于60：加5分；同时负面闭环不低于60时再加3分。
02,D:\drive\Investment\分析报告\公司排序\01_暂时有效_核心\02_预期兑现概率_十二句话S02_原10\迭代版本\R10_2026-07-12_独立自洽版\01_研究方案.md,53,## 门槛
02,D:\drive\Investment\分析报告\公司排序\01_暂时有效_核心\02_预期兑现概率_十二句话S02_原10\迭代版本\R10_2026-07-12_独立自洽版\01_研究方案.md,55,- Top20要求可量化桥梁不低于60、负面证据闭环不低于50，且至少一个验证节点位于未来两个报告期内。
02,D:\drive\Investment\分析报告\公司排序\01_暂时有效_核心\02_预期兑现概率_十二句话S02_原10\迭代版本\R10_2026-07-12_独立自洽版\01_研究方案.md,56,- 缺少可量化桥梁时不得进入最高档。
02,D:\drive\Investment\分析报告\公司排序\01_暂时有效_核心\02_预期兑现概率_十二句话S02_原10\迭代版本\R10_2026-07-12_独立自洽版\01_研究方案.md,61,## 执行与输出
02,D:\drive\Investment\分析报告\公司排序\01_暂时有效_核心\02_预期兑现概率_十二句话S02_原10\迭代版本\R10_2026-07-12_独立自洽版\01_研究方案.md,63,逐公司完成证据卡和固定评分后再横截面排序；权重与门槛不得按结果调整。输出包括输入审计、主快照、价格截止日、覆盖情况、Top20、Bottom20和完整连续排名。
03,D:\drive\Investment\分析报告\公司排序\01_暂时有效_核心\03_反证惩罚_压力防守_原16\迭代版本\R03_2026-07-12_独立自洽版\01_研究方案.md,1,# 反证惩罚与压力防守全公司排序研究方案
03,D:\drive\Investment\分析报告\公司排序\01_暂时有效_核心\03_反证惩罚_压力防守_原16\迭代版本\R03_2026-07-12_独立自洽版\01_研究方案.md,3,## 研究目标与唯一输出
03,D:\drive\Investment\分析报告\公司排序\01_暂时有效_核心\03_反证惩罚_压力防守_原16\迭代版本\R03_2026-07-12_独立自洽版\01_研究方案.md,7,完整结果只能写入：
03,D:\drive\Investment\分析报告\公司排序\01_暂时有效_核心\03_反证惩罚_压力防守_原16\迭代版本\R03_2026-07-12_独立自洽版\01_研究方案.md,11,不得创建或修改其他文件。
03,D:\drive\Investment\分析报告\公司排序\01_暂时有效_核心\03_反证惩罚_压力防守_原16\迭代版本\R03_2026-07-12_独立自洽版\01_研究方案.md,13,## 输入边界与截止规则
03,D:\drive\Investment\分析报告\公司排序\01_暂时有效_核心\03_反证惩罚_压力防守_原16\迭代版本\R03_2026-07-12_独立自洽版\01_研究方案.md,15,只能读取 `D:\drive\Investment\基本面\分析报告\公司评估\结果\` 和 `D:\drive\Investment\基本面\日度资料\每日金融数据\`。不得读取公司调研、行业调研、任何排序结果、效果验证、特征量化、备份或外部资料。
03,D:\drive\Investment\分析报告\公司排序\01_暂时有效_核心\03_反证惩罚_压力防守_原16\迭代版本\R03_2026-07-12_独立自洽版\01_研究方案.md,19,## 评分要素
03,D:\drive\Investment\分析报告\公司排序\01_暂时有效_核心\03_反证惩罚_压力防守_原16\迭代版本\R03_2026-07-12_独立自洽版\01_研究方案.md,33,区间价格按真实5日和20日复权收益判定。下跌不得机械视为负面，但没有量化解释或经营缓释时必须计入未解释风险；上涨只有与经营改善、反证关闭或承载增强相互印证时才加分。
03,D:\drive\Investment\分析报告\公司排序\01_暂时有效_核心\03_反证惩罚_压力防守_原16\迭代版本\R03_2026-07-12_独立自洽版\01_研究方案.md,35,## 二次门槛
03,D:\drive\Investment\分析报告\公司排序\01_暂时有效_核心\03_反证惩罚_压力防守_原16\迭代版本\R03_2026-07-12_独立自洽版\01_研究方案.md,37,- 负向价格验证、未解释价格风险、核心反证未解除、承载不足四项中同时出现两项及以上：不得进入Top30。
03,D:\drive\Investment\分析报告\公司排序\01_暂时有效_核心\03_反证惩罚_压力防守_原16\迭代版本\R03_2026-07-12_独立自洽版\01_研究方案.md,38,- EPS与FCF均为负且未来24个月需要外部融资：不得进入Top30。
03,D:\drive\Investment\分析报告\公司排序\01_暂时有效_核心\03_反证惩罚_压力防守_原16\迭代版本\R03_2026-07-12_独立自洽版\01_研究方案.md,40,- 同一事实只能产生一次主扣分，其他相关项记录为冲突链，防止重复惩罚。
03,D:\drive\Investment\分析报告\公司排序\01_暂时有效_核心\03_反证惩罚_压力防守_原16\迭代版本\R03_2026-07-12_独立自洽版\01_研究方案.md,41,- 仅因长期不确定、资料缺口或估值上限而承压的公司，不得在没有短期恶化证据时机械压入最末段。
03,D:\drive\Investment\分析报告\公司排序\01_暂时有效_核心\03_反证惩罚_压力防守_原16\迭代版本\R03_2026-07-12_独立自洽版\01_研究方案.md,43,## 排序复核
03,D:\drive\Investment\分析报告\公司排序\01_暂时有效_核心\03_反证惩罚_压力防守_原16\迭代版本\R03_2026-07-12_独立自洽版\01_研究方案.md,45,先逐公司评分，再复核Top30、中段相邻样本和尾部。中段优先比较价格确认、未解释风险、反证层级、承载冲突和资料完整性；尾部必须区分已经发生的可验证恶化与尚未证明的远期不确定性。不得按名称、代码或行业标签设置规则，也不得根据初排结果修改分值上限。
03,D:\drive\Investment\分析报告\公司排序\01_暂时有效_核心\03_反证惩罚_压力防守_原16\迭代版本\R03_2026-07-12_独立自洽版\01_研究方案.md,47,## 输出要求
04,D:\drive\Investment\分析报告\公司排序\02_暂时有效_辅助\04_极简基准兑现_迭代实验_原06\迭代版本\R23_2026-07-12_独立自洽版\01_研究方案.md,1,# 极简基准兑现与估值承载全公司排序研究方案
04,D:\drive\Investment\分析报告\公司排序\02_暂时有效_辅助\04_极简基准兑现_迭代实验_原06\迭代版本\R23_2026-07-12_独立自洽版\01_研究方案.md,3,## 研究目标与唯一输出
04,D:\drive\Investment\分析报告\公司排序\02_暂时有效_辅助\04_极简基准兑现_迭代实验_原06\迭代版本\R23_2026-07-12_独立自洽版\01_研究方案.md,5,用最少而固定的变量判断全部公司的基准经营能否兑现、兑现后的估值是否合理、悲观情景是否可承受。乐观和极度乐观情景只能作为有限的右尾补充，不能主导排名。
04,D:\drive\Investment\分析报告\公司排序\02_暂时有效_辅助\04_极简基准兑现_迭代实验_原06\迭代版本\R23_2026-07-12_独立自洽版\01_研究方案.md,7,完整结果只能写入：
04,D:\drive\Investment\分析报告\公司排序\02_暂时有效_辅助\04_极简基准兑现_迭代实验_原06\迭代版本\R23_2026-07-12_独立自洽版\01_研究方案.md,11,不得创建或修改其他文件。
04,D:\drive\Investment\分析报告\公司排序\02_暂时有效_辅助\04_极简基准兑现_迭代实验_原06\迭代版本\R23_2026-07-12_独立自洽版\01_研究方案.md,13,## 输入边界与时间规则
04,D:\drive\Investment\分析报告\公司排序\02_暂时有效_辅助\04_极简基准兑现_迭代实验_原06\迭代版本\R23_2026-07-12_独立自洽版\01_研究方案.md,15,只能读取 `D:\drive\Investment\基本面\分析报告\公司评估\结果\` 和 `D:\drive\Investment\基本面\日度资料\每日金融数据\`。不得读取公司调研、行业调研、任何排序结果、效果验证、特征量化、备份和外部资料。
04,D:\drive\Investment\分析报告\公司排序\02_暂时有效_辅助\04_极简基准兑现_迭代实验_原06\迭代版本\R23_2026-07-12_独立自洽版\01_研究方案.md,17,选择执行时点以前最新且覆盖完整的每日金融主文件，同日补充文件只用于校验。以主文件全部公司为样本池；每家公司选择主文件生成时间以前最新的一份正式公司评估。价格与估值变化只能使用主文件所示价格截止日及以前的数据。
04,D:\drive\Investment\分析报告\公司排序\02_暂时有效_辅助\04_极简基准兑现_迭代实验_原06\迭代版本\R23_2026-07-12_独立自洽版\01_研究方案.md,19,## 固定评分
04,D:\drive\Investment\分析报告\公司排序\02_暂时有效_辅助\04_极简基准兑现_迭代实验_原06\迭代版本\R23_2026-07-12_独立自洽版\01_研究方案.md,21,| 分项 | 权重 | 标准 |
04,D:\drive\Investment\分析报告\公司排序\02_暂时有效_辅助\04_极简基准兑现_迭代实验_原06\迭代版本\R23_2026-07-12_独立自洽版\01_研究方案.md,23,| 基准兑现 | 30% | 未来两个至四个季度收入、利润和FCF是否有订单、交付或指引桥梁 |
04,D:\drive\Investment\分析报告\公司排序\02_暂时有效_辅助\04_极简基准兑现_迭代实验_原06\迭代版本\R23_2026-07-12_独立自洽版\01_研究方案.md,24,| 基准估值 | 25% | 基准情景兑现后的P/S、Forward PE、EV/EBITDA和FCF收益率 |
04,D:\drive\Investment\分析报告\公司排序\02_暂时有效_辅助\04_极简基准兑现_迭代实验_原06\迭代版本\R23_2026-07-12_独立自洽版\01_研究方案.md,25,| 悲观承受 | 20% | 悲观收入、利润率、资金跑道、稀释和估值下行 |
04,D:\drive\Investment\分析报告\公司排序\02_暂时有效_辅助\04_极简基准兑现_迭代实验_原06\迭代版本\R23_2026-07-12_独立自洽版\01_研究方案.md,26,| 利润与现金质量 | 15% | 收入能否转成毛利、经营利润和自由现金流 |
04,D:\drive\Investment\分析报告\公司排序\02_暂时有效_辅助\04_极简基准兑现_迭代实验_原06\迭代版本\R23_2026-07-12_独立自洽版\01_研究方案.md,27,| 折扣后右尾 | 10% | 乐观与极度乐观空间经过证据和条件数量折扣后的剩余价值 |
04,D:\drive\Investment\分析报告\公司排序\02_暂时有效_辅助\04_极简基准兑现_迭代实验_原06\迭代版本\R23_2026-07-12_独立自洽版\01_研究方案.md,29,`总分 = 0.30×基准兑现 + 0.25×基准估值 + 0.20×悲观承受 + 0.15×利润现金质量 + 0.10×折扣后右尾`
04,D:\drive\Investment\分析报告\公司排序\02_暂时有效_辅助\04_极简基准兑现_迭代实验_原06\迭代版本\R23_2026-07-12_独立自洽版\01_研究方案.md,31,极度乐观情景折扣固定如下：已经确认收入或连续兑现取100%；正式合同、订单或RPO取75%；量化指引或客户认证取50%；定性规划取25%；纯叙事取0%。若路径依赖两个未验证关键条件，折扣后再乘0.6；依赖三个及以上则只作备注、不计分。
04,D:\drive\Investment\分析报告\公司排序\02_暂时有效_辅助\04_极简基准兑现_迭代实验_原06\迭代版本\R23_2026-07-12_独立自洽版\01_研究方案.md,33,## 门槛与处理
04,D:\drive\Investment\分析报告\公司排序\02_暂时有效_辅助\04_极简基准兑现_迭代实验_原06\迭代版本\R23_2026-07-12_独立自洽版\01_研究方案.md,35,- 基准兑现或悲观承受低于40：不得进入Top30。
04,D:\drive\Investment\分析报告\公司排序\02_暂时有效_辅助\04_极简基准兑现_迭代实验_原06\迭代版本\R23_2026-07-12_独立自洽版\01_研究方案.md,36,- 基准兑现后估值仍处全样本最高10%且利润/FCF不能解释：基准估值最高30分。
04,D:\drive\Investment\分析报告\公司排序\02_暂时有效_辅助\04_极简基准兑现_迭代实验_原06\迭代版本\R23_2026-07-12_独立自洽版\01_研究方案.md,37,- IV处于最高10%且EPS、FCF均为负：最高进入中段，除非基准兑现不低于75且资金跑道至少24个月。
04,D:\drive\Investment\分析报告\公司排序\02_暂时有效_辅助\04_极简基准兑现_迭代实验_原06\迭代版本\R23_2026-07-12_独立自洽版\01_研究方案.md,41,## 输出要求
04,D:\drive\Investment\分析报告\公司排序\02_暂时有效_辅助\04_极简基准兑现_迭代实验_原06\迭代版本\R23_2026-07-12_独立自洽版\01_研究方案.md,45,所有权重和折扣必须在看见排序结果前固定使用，不得为改善名次临时改变。
05,D:\drive\Investment\分析报告\公司排序\02_暂时有效_辅助\05_反证惩罚优先_原09\迭代版本\R10_2026-07-12_独立自洽版\01_研究方案.md,1,# 反证惩罚优先全公司排序研究方案
05,D:\drive\Investment\分析报告\公司排序\02_暂时有效_辅助\05_反证惩罚优先_原09\迭代版本\R10_2026-07-12_独立自洽版\01_研究方案.md,3,## 研究目标与唯一输出
05,D:\drive\Investment\分析报告\公司排序\02_暂时有效_辅助\05_反证惩罚优先_原09\迭代版本\R10_2026-07-12_独立自洽版\01_研究方案.md,7,完整结果只能写入：
05,D:\drive\Investment\分析报告\公司排序\02_暂时有效_辅助\05_反证惩罚优先_原09\迭代版本\R10_2026-07-12_独立自洽版\01_研究方案.md,11,不得创建或修改其他文件。
05,D:\drive\Investment\分析报告\公司排序\02_暂时有效_辅助\05_反证惩罚优先_原09\迭代版本\R10_2026-07-12_独立自洽版\01_研究方案.md,13,## 输入边界与时间截止
05,D:\drive\Investment\分析报告\公司排序\02_暂时有效_辅助\05_反证惩罚优先_原09\迭代版本\R10_2026-07-12_独立自洽版\01_研究方案.md,15,只能读取 `D:\drive\Investment\基本面\分析报告\公司评估\结果\` 和 `D:\drive\Investment\基本面\日度资料\每日金融数据\`。不得读取公司调研、行业调研、任何排序结果、效果验证、特征量化、备份、外部资料或未列出的缓存。
05,D:\drive\Investment\分析报告\公司排序\02_暂时有效_辅助\05_反证惩罚优先_原09\迭代版本\R10_2026-07-12_独立自洽版\01_研究方案.md,19,## 固定计分
05,D:\drive\Investment\分析报告\公司排序\02_暂时有效_辅助\05_反证惩罚优先_原09\迭代版本\R10_2026-07-12_独立自洽版\01_研究方案.md,30,负向价格递进规则按20日复权收益执行：低于-5%至少扣5分；低于-8%至少扣9分；低于-10%至少扣13分。若下跌位于全样本后10%，且评估没有量化缓释，再扣4分。上述扣分不得被一般性支持证据全部抵消。
05,D:\drive\Investment\分析报告\公司排序\02_暂时有效_辅助\05_反证惩罚优先_原09\迭代版本\R10_2026-07-12_独立自洽版\01_研究方案.md,32,## 前排和中段复核
05,D:\drive\Investment\分析报告\公司排序\02_暂时有效_辅助\05_反证惩罚优先_原09\迭代版本\R10_2026-07-12_独立自洽版\01_研究方案.md,34,- Top30必须有非负价格确认或可验证的风险出清；核心反证未解除且20日收益为负时不得进入Top30。
05,D:\drive\Investment\分析报告\公司排序\02_暂时有效_辅助\05_反证惩罚优先_原09\迭代版本\R10_2026-07-12_独立自洽版\01_研究方案.md,35,- Top50要求承载冲突不高于中等；需要紧急融资、重大稀释或客户/验收链条断裂的公司不得进入。
05,D:\drive\Investment\分析报告\公司排序\02_暂时有效_辅助\05_反证惩罚优先_原09\迭代版本\R10_2026-07-12_独立自洽版\01_研究方案.md,37,- 同一事实只能产生一个主扣分，避免在融资、FCF、稀释和资料缺口之间重复惩罚。
05,D:\drive\Investment\分析报告\公司排序\02_暂时有效_辅助\05_反证惩罚优先_原09\迭代版本\R10_2026-07-12_独立自洽版\01_研究方案.md,38,- 不得用名称、代码、行业标签或目录分类直接设置优先级。
05,D:\drive\Investment\分析报告\公司排序\02_暂时有效_辅助\05_反证惩罚优先_原09\迭代版本\R10_2026-07-12_独立自洽版\01_研究方案.md,40,## 输出要求
06,D:\drive\Investment\分析报告\公司排序\02_暂时有效_辅助\06_双源三视图_原01\迭代版本\R03_2026-07-12_独立自洽版\01_研究方案.md,1,# 双源三视图全公司排序研究方案
06,D:\drive\Investment\分析报告\公司排序\02_暂时有效_辅助\06_双源三视图_原01\迭代版本\R03_2026-07-12_独立自洽版\01_研究方案.md,3,## 研究目标与唯一输出
06,D:\drive\Investment\分析报告\公司排序\02_暂时有效_辅助\06_双源三视图_原01\迭代版本\R03_2026-07-12_独立自洽版\01_研究方案.md,5,基于统一的公司评估与每日金融数据，对全部公司分别生成三张用途不同的完整排名：基本面性价比、激进成长、财报事件与右尾弹性。三张榜不得合并成一个含义含混的总榜。
06,D:\drive\Investment\分析报告\公司排序\02_暂时有效_辅助\06_双源三视图_原01\迭代版本\R03_2026-07-12_独立自洽版\01_研究方案.md,7,完整结果只能写入：
06,D:\drive\Investment\分析报告\公司排序\02_暂时有效_辅助\06_双源三视图_原01\迭代版本\R03_2026-07-12_独立自洽版\01_研究方案.md,11,不得创建或修改其他文件。
06,D:\drive\Investment\分析报告\公司排序\02_暂时有效_辅助\06_双源三视图_原01\迭代版本\R03_2026-07-12_独立自洽版\01_研究方案.md,13,## 输入边界与截止
06,D:\drive\Investment\分析报告\公司排序\02_暂时有效_辅助\06_双源三视图_原01\迭代版本\R03_2026-07-12_独立自洽版\01_研究方案.md,15,只能读取：
06,D:\drive\Investment\分析报告\公司排序\02_暂时有效_辅助\06_双源三视图_原01\迭代版本\R03_2026-07-12_独立自洽版\01_研究方案.md,20,不得读取公司调研、行业调研、任何排序结果、效果验证、特征量化、备份、外部网页或未列出的资料。
06,D:\drive\Investment\分析报告\公司排序\02_暂时有效_辅助\06_双源三视图_原01\迭代版本\R03_2026-07-12_独立自洽版\01_研究方案.md,24,## 统一抽取
06,D:\drive\Investment\分析报告\公司排序\02_暂时有效_辅助\06_双源三视图_原01\迭代版本\R03_2026-07-12_独立自洽版\01_研究方案.md,30,若报告没有股价情景，但有经营情景，可用当前市值、收入、利润与FCF推导，必须标记为推导值；不得使用外部同业倍数。情景不满足悲观≤基准≤乐观≤极度乐观时必须标记并降低置信度，不得静默修正。
06,D:\drive\Investment\分析报告\公司排序\02_暂时有效_辅助\06_双源三视图_原01\迭代版本\R03_2026-07-12_独立自洽版\01_研究方案.md,32,## 三类情景期望收益
06,D:\drive\Investment\分析报告\公司排序\02_暂时有效_辅助\06_双源三视图_原01\迭代版本\R03_2026-07-12_独立自洽版\01_研究方案.md,34,- 基本面性价比：`0.15×悲观 + 0.45×基准 + 0.30×乐观 + 0.10×极度乐观`。
06,D:\drive\Investment\分析报告\公司排序\02_暂时有效_辅助\06_双源三视图_原01\迭代版本\R03_2026-07-12_独立自洽版\01_研究方案.md,35,- 激进成长：`0.08×悲观 + 0.25×基准 + 0.42×乐观 + 0.25×极度乐观`。
06,D:\drive\Investment\分析报告\公司排序\02_暂时有效_辅助\06_双源三视图_原01\迭代版本\R03_2026-07-12_独立自洽版\01_研究方案.md,36,- 事件右尾：`0.05×悲观 + 0.15×基准 + 0.35×乐观 + 0.45×极度乐观`。
06,D:\drive\Investment\分析报告\公司排序\02_暂时有效_辅助\06_双源三视图_原01\迭代版本\R03_2026-07-12_独立自洽版\01_研究方案.md,38,情景收益与其他连续变量先做1%/99%缩尾，再转换为全样本0–100百分位。缺失项取50分并降低数据质量，不得填想象值。
06,D:\drive\Investment\分析报告\公司排序\02_暂时有效_辅助\06_双源三视图_原01\迭代版本\R03_2026-07-12_独立自洽版\01_研究方案.md,40,## 基本面性价比评分
06,D:\drive\Investment\分析报告\公司排序\02_暂时有效_辅助\06_双源三视图_原01\迭代版本\R03_2026-07-12_独立自洽版\01_研究方案.md,42,`性价比分 = 45%×稳健期望收益 + 15%×基准确定性 + 15%×利润与FCF质量 + 10%×估值支撑 + 10%×下跌保护 + 5%×数据质量`
06,D:\drive\Investment\分析报告\公司排序\02_暂时有效_辅助\06_双源三视图_原01\迭代版本\R03_2026-07-12_独立自洽版\01_研究方案.md,44,Top20要求基准确定性和下跌保护均不低于50，且不能同时存在融资、客户、现金流和估值中的两项重大冲突。
06,D:\drive\Investment\分析报告\公司排序\02_暂时有效_辅助\06_双源三视图_原01\迭代版本\R03_2026-07-12_独立自洽版\01_研究方案.md,46,## 激进成长评分
06,D:\drive\Investment\分析报告\公司排序\02_暂时有效_辅助\06_双源三视图_原01\迭代版本\R03_2026-07-12_独立自洽版\01_研究方案.md,48,`激进分 = 35%×激进期望收益 + 20%×乐观弹性 + 15%×收入台阶 + 10%×需求直接性 + 10%×估值可承受度 + 10%×执行质量`
06,D:\drive\Investment\分析报告\公司排序\02_暂时有效_辅助\06_双源三视图_原01\迭代版本\R03_2026-07-12_独立自洽版\01_研究方案.md,52,## 财报事件与右尾弹性评分
06,D:\drive\Investment\分析报告\公司排序\02_暂时有效_辅助\06_双源三视图_原01\迭代版本\R03_2026-07-12_独立自洽版\01_研究方案.md,54,`事件分 = 25%×事件期望收益 + 15%×5/10/20日动量 + 15%×IV与交易弹性 + 15%×财报证据状态 + 10%×订单/指引边际变化 + 10%×已涨幅后剩余空间 + 5%×数据质量 - 5%×追高风险`
06,D:\drive\Investment\分析报告\公司排序\02_暂时有效_辅助\06_双源三视图_原01\迭代版本\R03_2026-07-12_独立自洽版\01_研究方案.md,56,该榜只表示短期重估与交易弹性。IV缺失、价格口径不明或最新评估未覆盖近期财报时不得进入Top20。
06,D:\drive\Investment\分析报告\公司排序\02_暂时有效_辅助\06_双源三视图_原01\迭代版本\R03_2026-07-12_独立自洽版\01_研究方案.md,58,## 数据与风险护栏
06,D:\drive\Investment\分析报告\公司排序\02_暂时有效_辅助\06_双源三视图_原01\迭代版本\R03_2026-07-12_独立自洽版\01_研究方案.md,60,- `ok`估值字段可正常使用，`warn`降权，`bad`不得产生正向估值分。
06,D:\drive\Investment\分析报告\公司排序\02_暂时有效_辅助\06_双源三视图_原01\迭代版本\R03_2026-07-12_独立自洽版\01_研究方案.md,64,- 同一事实不得在多个风险项重复扣分，但可以在三张用途不同的榜中产生不同影响。
06,D:\drive\Investment\分析报告\公司排序\02_暂时有效_辅助\06_双源三视图_原01\迭代版本\R03_2026-07-12_独立自洽版\01_研究方案.md,66,## 执行与输出
06,D:\drive\Investment\分析报告\公司排序\02_暂时有效_辅助\06_双源三视图_原01\迭代版本\R03_2026-07-12_独立自洽版\01_研究方案.md,68,逐公司生成统一评分卡，完成横截面标准化后分别计算三张榜，不得根据结果改变权重。每张榜都覆盖全部样本并给出连续名次。
07,D:\drive\Investment\分析报告\公司排序\02_暂时有效_辅助\07_未来收入台阶_原07\迭代版本\R03_2026-07-12_独立自洽版\01_研究方案.md,1,# 未来收入台阶全公司排序研究方案
07,D:\drive\Investment\分析报告\公司排序\02_暂时有效_辅助\07_未来收入台阶_原07\迭代版本\R03_2026-07-12_独立自洽版\01_研究方案.md,3,## 研究目标与唯一输出
07,D:\drive\Investment\分析报告\公司排序\02_暂时有效_辅助\07_未来收入台阶_原07\迭代版本\R03_2026-07-12_独立自洽版\01_研究方案.md,5,对统一截止时点下的全部公司做连续排名，寻找未来12–24个月收入最可能切换到更高运行率、同时利润和现金流质量可接受且兑现后估值仍有吸引力的公司。行业空间、技术先进和客户叙事只有转化为可信收入时才能得分。
07,D:\drive\Investment\分析报告\公司排序\02_暂时有效_辅助\07_未来收入台阶_原07\迭代版本\R03_2026-07-12_独立自洽版\01_研究方案.md,7,完整结果只能写入：
07,D:\drive\Investment\分析报告\公司排序\02_暂时有效_辅助\07_未来收入台阶_原07\迭代版本\R03_2026-07-12_独立自洽版\01_研究方案.md,11,不得创建或修改其他文件。
07,D:\drive\Investment\分析报告\公司排序\02_暂时有效_辅助\07_未来收入台阶_原07\迭代版本\R03_2026-07-12_独立自洽版\01_研究方案.md,13,## 输入边界与时间截止
07,D:\drive\Investment\分析报告\公司排序\02_暂时有效_辅助\07_未来收入台阶_原07\迭代版本\R03_2026-07-12_独立自洽版\01_研究方案.md,15,只能读取：
07,D:\drive\Investment\分析报告\公司排序\02_暂时有效_辅助\07_未来收入台阶_原07\迭代版本\R03_2026-07-12_独立自洽版\01_研究方案.md,21,不得读取公司评估、任何排序结果、效果验证、特征量化、备份资料或外部网页。
07,D:\drive\Investment\分析报告\公司排序\02_暂时有效_辅助\07_未来收入台阶_原07\迭代版本\R03_2026-07-12_独立自洽版\01_研究方案.md,25,## 证据标准与统一底表
07,D:\drive\Investment\分析报告\公司排序\02_暂时有效_辅助\07_未来收入台阶_原07\迭代版本\R03_2026-07-12_独立自洽版\01_研究方案.md,29,每家公司建立统一底表：当前TTM收入与季度运行率、12/24个月可信收入、订单与客户、产能、交付、验收、毛利率、经营利润率、FCF、CapEx、资金与稀释、市值、EV、PE、Forward PE、P/S和EV/EBITDA。
07,D:\drive\Investment\分析报告\公司排序\02_暂时有效_辅助\07_未来收入台阶_原07\迭代版本\R03_2026-07-12_独立自洽版\01_研究方案.md,31,若24个月收入没有直接披露，只能用合同、产能和交付节点推导保守区间并标记；纯TAM外推不得进入基准。
07,D:\drive\Investment\分析报告\公司排序\02_暂时有效_辅助\07_未来收入台阶_原07\迭代版本\R03_2026-07-12_独立自洽版\01_研究方案.md,33,## 固定评分
07,D:\drive\Investment\分析报告\公司排序\02_暂时有效_辅助\07_未来收入台阶_原07\迭代版本\R03_2026-07-12_独立自洽版\01_研究方案.md,35,| 分项 | 权重 |
07,D:\drive\Investment\分析报告\公司排序\02_暂时有效_辅助\07_未来收入台阶_原07\迭代版本\R03_2026-07-12_独立自洽版\01_研究方案.md,37,| 12–24个月收入台阶倍率 | 25% |
07,D:\drive\Investment\分析报告\公司排序\02_暂时有效_辅助\07_未来收入台阶_原07\迭代版本\R03_2026-07-12_独立自洽版\01_研究方案.md,38,| 订单、RPO、backlog和客户证据 | 20% |
07,D:\drive\Investment\分析报告\公司排序\02_暂时有效_辅助\07_未来收入台阶_原07\迭代版本\R03_2026-07-12_独立自洽版\01_研究方案.md,39,| 收入确认速度与可见度 | 15% |
07,D:\drive\Investment\分析报告\公司排序\02_暂时有效_辅助\07_未来收入台阶_原07\迭代版本\R03_2026-07-12_独立自洽版\01_研究方案.md,40,| 行业需求持续性与传导直接性 | 10% |
07,D:\drive\Investment\分析报告\公司排序\02_暂时有效_辅助\07_未来收入台阶_原07\迭代版本\R03_2026-07-12_独立自洽版\01_研究方案.md,41,| 兑现后的P/S或EV/Revenue吸引力 | 20% |
07,D:\drive\Investment\分析报告\公司排序\02_暂时有效_辅助\07_未来收入台阶_原07\迭代版本\R03_2026-07-12_独立自洽版\01_研究方案.md,42,| 利润率与FCF质量 | 10% |
07,D:\drive\Investment\分析报告\公司排序\02_暂时有效_辅助\07_未来收入台阶_原07\迭代版本\R03_2026-07-12_独立自洽版\01_研究方案.md,48,`总分 = 100 × 台阶^0.25 × 证据^0.20 × 确认速度^0.15 × 行业持续^0.10 × 未来估值^0.20 × 利润现金^0.10`
07,D:\drive\Investment\分析报告\公司排序\02_暂时有效_辅助\07_未来收入台阶_原07\迭代版本\R03_2026-07-12_独立自洽版\01_研究方案.md,50,任一核心项缺失时取0.5并降低置信度，不得取0或补想象值。
07,D:\drive\Investment\分析报告\公司排序\02_暂时有效_辅助\07_未来收入台阶_原07\迭代版本\R03_2026-07-12_独立自洽版\01_研究方案.md,52,## 门槛与反证
07,D:\drive\Investment\分析报告\公司排序\02_暂时有效_辅助\07_未来收入台阶_原07\迭代版本\R03_2026-07-12_独立自洽版\01_研究方案.md,54,- 收入台阶、证据、确认速度、未来估值任一低于30：不得进入Top30。
07,D:\drive\Investment\分析报告\公司排序\02_暂时有效_辅助\07_未来收入台阶_原07\迭代版本\R03_2026-07-12_独立自洽版\01_研究方案.md,57,- 台阶兑现后估值仍处全样本最高10%，且利润/FCF不能解释：未来估值最高20。
07,D:\drive\Investment\分析报告\公司排序\02_暂时有效_辅助\07_未来收入台阶_原07\迭代版本\R03_2026-07-12_独立自洽版\01_研究方案.md,59,- 同一事实只计算一次；不得按行业标签或公司身份直接设置优先级。
07,D:\drive\Investment\分析报告\公司排序\02_暂时有效_辅助\07_未来收入台阶_原07\迭代版本\R03_2026-07-12_独立自洽版\01_研究方案.md,61,## 输出要求
07,D:\drive\Investment\分析报告\公司排序\02_暂时有效_辅助\07_未来收入台阶_原07\迭代版本\R03_2026-07-12_独立自洽版\01_研究方案.md,63,输出输入审计、资料覆盖、Top20、Bottom20和全样本连续排名。每行至少包含：排名、代码、公司、总分、六项分数、市值、Forward PE、P/S、EV/EBITDA、当前收入、12个月收入、24个月收入、台阶倍率、未来P/S、证据等级、确认时间、利润/FCF变化、资金与稀释、主要反证、置信度和一句理由。
07,D:\drive\Investment\分析报告\公司排序\02_暂时有效_辅助\07_未来收入台阶_原07\迭代版本\R03_2026-07-12_独立自洽版\01_研究方案.md,65,文末列出实际使用的公司与行业文件、缺失覆盖、推导收入数量和未来四个季度验证里程碑，确保排序可以按生成时点复核。
08,D:\drive\Investment\分析报告\公司排序\02_暂时有效_辅助\08_信息质量门控_原13\迭代版本\R09_2026-07-12_独立自洽版\01_研究方案.md,1,# 信息质量门控与近端验证全公司排序研究方案
08,D:\drive\Investment\分析报告\公司排序\02_暂时有效_辅助\08_信息质量门控_原13\迭代版本\R09_2026-07-12_独立自洽版\01_研究方案.md,3,## 研究目标与唯一输出
08,D:\drive\Investment\分析报告\公司排序\02_暂时有效_辅助\08_信息质量门控_原13\迭代版本\R09_2026-07-12_独立自洽版\01_研究方案.md,5,先判断关键投资结论是否有足够、可追溯且可量化的证据，再比较未来一至三个报告周期内的验证节点、情景差异和价格敏感度。资料完整但没有近端触发的公司不得仅凭“研究做得好”进入前排。
08,D:\drive\Investment\分析报告\公司排序\02_暂时有效_辅助\08_信息质量门控_原13\迭代版本\R09_2026-07-12_独立自洽版\01_研究方案.md,7,完整结果只能写入：
08,D:\drive\Investment\分析报告\公司排序\02_暂时有效_辅助\08_信息质量门控_原13\迭代版本\R09_2026-07-12_独立自洽版\01_研究方案.md,11,不得创建或修改其他文件。
08,D:\drive\Investment\分析报告\公司排序\02_暂时有效_辅助\08_信息质量门控_原13\迭代版本\R09_2026-07-12_独立自洽版\01_研究方案.md,13,## 输入边界与截止
08,D:\drive\Investment\分析报告\公司排序\02_暂时有效_辅助\08_信息质量门控_原13\迭代版本\R09_2026-07-12_独立自洽版\01_研究方案.md,15,只能读取 `D:\drive\Investment\基本面\分析报告\公司评估\结果\` 和 `D:\drive\Investment\基本面\日度资料\每日金融数据\`。不得读取公司调研、行业调研、任何排序结果、效果验证、特征量化、备份和外部资料。
08,D:\drive\Investment\分析报告\公司排序\02_暂时有效_辅助\08_信息质量门控_原13\迭代版本\R09_2026-07-12_独立自洽版\01_研究方案.md,17,选择执行时点以前最新且覆盖完整的每日金融主文件，同日补充文件只作校验；记录主文件生成时间和价格截止日。以主文件全部公司为样本池，每家公司只用资料截止时点以前最新的一份正式评估。5、10、20日价格指标只能由价格截止日及以前的可确认复权数据计算。
08,D:\drive\Investment\分析报告\公司排序\02_暂时有效_辅助\08_信息质量门控_原13\迭代版本\R09_2026-07-12_独立自洽版\01_研究方案.md,19,## 固定评分
08,D:\drive\Investment\分析报告\公司排序\02_暂时有效_辅助\08_信息质量门控_原13\迭代版本\R09_2026-07-12_独立自洽版\01_研究方案.md,21,| 分项 | 权重 | 判定标准 |
08,D:\drive\Investment\分析报告\公司排序\02_暂时有效_辅助\08_信息质量门控_原13\迭代版本\R09_2026-07-12_独立自洽版\01_研究方案.md,23,| 信息质量门槛 | 18% | 关键判断是否有收入、利润率、现金流、订单、客户、产能、指引或资产负债表数字支持 |
08,D:\drive\Investment\分析报告\公司排序\02_暂时有效_辅助\08_信息质量门控_原13\迭代版本\R09_2026-07-12_独立自洽版\01_研究方案.md,24,| 近端验证 | 24% | 一至三个报告周期内是否存在明确金额、数量、日期和成功/失败标准 |
08,D:\drive\Investment\分析报告\公司排序\02_暂时有效_辅助\08_信息质量门控_原13\迭代版本\R09_2026-07-12_独立自洽版\01_研究方案.md,25,| 情景差异 | 18% | 悲观、基准、乐观之间是否形成有意义且可解释的赔率差异 |
08,D:\drive\Investment\分析报告\公司排序\02_暂时有效_辅助\08_信息质量门控_原13\迭代版本\R09_2026-07-12_独立自洽版\01_研究方案.md,26,| 价格敏感度 | 16% | 真实5/20日价格与估值变化是否能对关键事实产生可验证响应 |
08,D:\drive\Investment\分析报告\公司排序\02_暂时有效_辅助\08_信息质量门控_原13\迭代版本\R09_2026-07-12_独立自洽版\01_研究方案.md,27,| 估值可解释性 | 10% | 当前和基准兑现后的估值是否能被经营结果解释 |
08,D:\drive\Investment\分析报告\公司排序\02_暂时有效_辅助\08_信息质量门控_原13\迭代版本\R09_2026-07-12_独立自洽版\01_研究方案.md,28,| 财务承受力与数据完整性 | 14% | 资金、FCF、稀释、币种、ADR、估值校验和字段缺失 |
08,D:\drive\Investment\分析报告\公司排序\02_暂时有效_辅助\08_信息质量门控_原13\迭代版本\R09_2026-07-12_独立自洽版\01_研究方案.md,30,`总分 = 0.18×信息质量 + 0.24×近端验证 + 0.18×情景差异 + 0.16×价格敏感度 + 0.10×估值解释 + 0.14×财务与数据`
08,D:\drive\Investment\分析报告\公司排序\02_暂时有效_辅助\08_信息质量门控_原13\迭代版本\R09_2026-07-12_独立自洽版\01_研究方案.md,32,## 信息门槛与封顶
08,D:\drive\Investment\分析报告\公司排序\02_暂时有效_辅助\08_信息质量门控_原13\迭代版本\R09_2026-07-12_独立自洽版\01_研究方案.md,34,- 信息质量低于40：最高进入后半区；低于25：最高进入后25%。
08,D:\drive\Investment\分析报告\公司排序\02_暂时有效_辅助\08_信息质量门控_原13\迭代版本\R09_2026-07-12_独立自洽版\01_研究方案.md,35,- Top20要求信息质量和近端验证均不低于60，且至少一个验证点有明确日期与量化标准。
08,D:\drive\Investment\分析报告\公司排序\02_暂时有效_辅助\08_信息质量门控_原13\迭代版本\R09_2026-07-12_独立自洽版\01_研究方案.md,36,- 情景差异和价格敏感度必须与财务承受力同时成立；财务与数据低于40时不得进入Top30。
08,D:\drive\Investment\分析报告\公司排序\02_暂时有效_辅助\08_信息质量门控_原13\迭代版本\R09_2026-07-12_独立自洽版\01_研究方案.md,37,- 只有叙事、TAM或远期规划，不得被视为近端验证。
08,D:\drive\Investment\分析报告\公司排序\02_暂时有效_辅助\08_信息质量门控_原13\迭代版本\R09_2026-07-12_独立自洽版\01_研究方案.md,41,## 执行与输出
08,D:\drive\Investment\分析报告\公司排序\02_暂时有效_辅助\08_信息质量门控_原13\迭代版本\R09_2026-07-12_独立自洽版\01_研究方案.md,43,逐公司先完成证据与缺口审计，再评分和排序。不得按公司名称、行业标签或初排结果调整权重。缺评估或字段不全的公司仍保留。
09,D:\drive\Investment\分析报告\公司排序\03_观察_待更新\09_弹性成长_原02\迭代版本\R09_2026-07-12_独立自洽版\01_研究方案.md,1,# 反脆弱弹性成长全公司排序研究方案
09,D:\drive\Investment\分析报告\公司排序\03_观察_待更新\09_弹性成长_原02\迭代版本\R09_2026-07-12_独立自洽版\01_研究方案.md,3,## 研究目标与唯一输出
09,D:\drive\Investment\分析报告\公司排序\03_观察_待更新\09_弹性成长_原02\迭代版本\R09_2026-07-12_独立自洽版\01_研究方案.md,7,完整结果只能写入：
09,D:\drive\Investment\分析报告\公司排序\03_观察_待更新\09_弹性成长_原02\迭代版本\R09_2026-07-12_独立自洽版\01_研究方案.md,11,不得创建或修改其他文件。
09,D:\drive\Investment\分析报告\公司排序\03_观察_待更新\09_弹性成长_原02\迭代版本\R09_2026-07-12_独立自洽版\01_研究方案.md,13,## 输入边界与截止
09,D:\drive\Investment\分析报告\公司排序\03_观察_待更新\09_弹性成长_原02\迭代版本\R09_2026-07-12_独立自洽版\01_研究方案.md,15,只能读取 `D:\drive\Investment\基本面\分析报告\公司评估\结果\` 和 `D:\drive\Investment\基本面\日度资料\每日金融数据\`。不得读取公司调研、行业调研、任何排序结果、效果验证、特征量化、备份和外部资料。
09,D:\drive\Investment\分析报告\公司排序\03_观察_待更新\09_弹性成长_原02\迭代版本\R09_2026-07-12_独立自洽版\01_研究方案.md,19,## 固定评分
09,D:\drive\Investment\分析报告\公司排序\03_观察_待更新\09_弹性成长_原02\迭代版本\R09_2026-07-12_独立自洽版\01_研究方案.md,21,| 分项 | 权重 | 判定重点 |
09,D:\drive\Investment\分析报告\公司排序\03_观察_待更新\09_弹性成长_原02\迭代版本\R09_2026-07-12_独立自洽版\01_研究方案.md,23,| 短窗弹性 | 24% | 收入/利润变化对市值、估值和股价的潜在放大程度 |
09,D:\drive\Investment\分析报告\公司排序\03_观察_待更新\09_弹性成长_原02\迭代版本\R09_2026-07-12_独立自洽版\01_研究方案.md,24,| 价格确认 | 22% | 5、10、20日真实动量及其与经营证据的一致性 |
09,D:\drive\Investment\分析报告\公司排序\03_观察_待更新\09_弹性成长_原02\迭代版本\R09_2026-07-12_独立自洽版\01_研究方案.md,25,| 触发临近 | 16% | 未来一至两个报告期的财报、订单、交付、验收或产能节点 |
09,D:\drive\Investment\分析报告\公司排序\03_观察_待更新\09_弹性成长_原02\迭代版本\R09_2026-07-12_独立自洽版\01_研究方案.md,26,| 风险折价 | 12% | 风险是否已被估值和价格充分反映，而非仍在扩散 |
09,D:\drive\Investment\分析报告\公司排序\03_观察_待更新\09_弹性成长_原02\迭代版本\R09_2026-07-12_独立自洽版\01_研究方案.md,27,| 下行承受 | 10% | 悲观情景、资金跑道、现金流和估值底部 |
09,D:\drive\Investment\分析报告\公司排序\03_观察_待更新\09_弹性成长_原02\迭代版本\R09_2026-07-12_独立自洽版\01_研究方案.md,28,| 盈利修正 | 8% | EPS、毛利率、经营利润和FCF的方向与可验证性 |
09,D:\drive\Investment\分析报告\公司排序\03_观察_待更新\09_弹性成长_原02\迭代版本\R09_2026-07-12_独立自洽版\01_研究方案.md,29,| 资料可靠 | 5% | 日期、字段、估值校验和证据可追溯性 |
09,D:\drive\Investment\分析报告\公司排序\03_观察_待更新\09_弹性成长_原02\迭代版本\R09_2026-07-12_独立自洽版\01_研究方案.md,30,| 集中约束 | 3% | 客户、产品、单一催化和融资依赖程度 |
09,D:\drive\Investment\分析报告\公司排序\03_观察_待更新\09_弹性成长_原02\迭代版本\R09_2026-07-12_独立自洽版\01_研究方案.md,32,`总分 = 0.24×短窗弹性 + 0.22×价格确认 + 0.16×触发临近 + 0.12×风险折价 + 0.10×下行承受 + 0.08×盈利修正 + 0.05×资料可靠 + 0.03×集中约束`
09,D:\drive\Investment\分析报告\公司排序\03_观察_待更新\09_弹性成长_原02\迭代版本\R09_2026-07-12_独立自洽版\01_研究方案.md,34,## 排名门槛
09,D:\drive\Investment\分析报告\公司排序\03_观察_待更新\09_弹性成长_原02\迭代版本\R09_2026-07-12_独立自洽版\01_研究方案.md,36,- Top36必须同时满足价格确认、短窗弹性和下行承受均不低于55；缺一项则最高进入第37–72名区间。
09,D:\drive\Investment\分析报告\公司排序\03_观察_待更新\09_弹性成长_原02\迭代版本\R09_2026-07-12_独立自洽版\01_研究方案.md,37,- 第37–125名中，价格确认不低于65、触发临近不低于60且风险折价不低于55的公司，可按总分进入第20–60名，但必须通过下行承受门槛。
09,D:\drive\Investment\分析报告\公司排序\03_观察_待更新\09_弹性成长_原02\迭代版本\R09_2026-07-12_独立自洽版\01_研究方案.md,40,- 资料缺口、估值异常和盈利脆弱只产生明确封顶或置信度折扣，不得重复扣分。
09,D:\drive\Investment\分析报告\公司排序\03_观察_待更新\09_弹性成长_原02\迭代版本\R09_2026-07-12_独立自洽版\01_研究方案.md,41,- 不得按公司名称、行业标签或目录分类直接加减分。
09,D:\drive\Investment\分析报告\公司排序\03_观察_待更新\09_弹性成长_原02\迭代版本\R09_2026-07-12_独立自洽版\01_研究方案.md,43,## 输出要求
10,D:\drive\Investment\分析报告\公司排序\04_冻结_待重构\10_风险调整动量_原03\迭代版本\R08_2026-07-12_独立自洽版\01_研究方案.md,1,# 风险调整动量全公司排序研究方案
10,D:\drive\Investment\分析报告\公司排序\04_冻结_待重构\10_风险调整动量_原03\迭代版本\R08_2026-07-12_独立自洽版\01_研究方案.md,3,## 研究目标与唯一输出
10,D:\drive\Investment\分析报告\公司排序\04_冻结_待重构\10_风险调整动量_原03\迭代版本\R08_2026-07-12_独立自洽版\01_研究方案.md,7,完整结果只能写入：
10,D:\drive\Investment\分析报告\公司排序\04_冻结_待重构\10_风险调整动量_原03\迭代版本\R08_2026-07-12_独立自洽版\01_研究方案.md,11,不得创建或修改其他文件。
10,D:\drive\Investment\分析报告\公司排序\04_冻结_待重构\10_风险调整动量_原03\迭代版本\R08_2026-07-12_独立自洽版\01_研究方案.md,13,## 输入边界与截止
10,D:\drive\Investment\分析报告\公司排序\04_冻结_待重构\10_风险调整动量_原03\迭代版本\R08_2026-07-12_独立自洽版\01_研究方案.md,15,只能读取 `D:\drive\Investment\基本面\分析报告\公司评估\结果\` 和 `D:\drive\Investment\基本面\日度资料\每日金融数据\`。不得读取公司调研、行业调研、任何排序结果、效果验证、特征量化、备份和外部资料。
10,D:\drive\Investment\分析报告\公司排序\04_冻结_待重构\10_风险调整动量_原03\迭代版本\R08_2026-07-12_独立自洽版\01_研究方案.md,19,## 固定评分
10,D:\drive\Investment\分析报告\公司排序\04_冻结_待重构\10_风险调整动量_原03\迭代版本\R08_2026-07-12_独立自洽版\01_研究方案.md,21,| 分项 | 权重 |
10,D:\drive\Investment\分析报告\公司排序\04_冻结_待重构\10_风险调整动量_原03\迭代版本\R08_2026-07-12_独立自洽版\01_研究方案.md,23,| 价格动量 | 24% |
10,D:\drive\Investment\分析报告\公司排序\04_冻结_待重构\10_风险调整动量_原03\迭代版本\R08_2026-07-12_独立自洽版\01_研究方案.md,24,| 可交易弹性 | 18% |
10,D:\drive\Investment\分析报告\公司排序\04_冻结_待重构\10_风险调整动量_原03\迭代版本\R08_2026-07-12_独立自洽版\01_研究方案.md,25,| 风险调整动量 | 16% |
10,D:\drive\Investment\分析报告\公司排序\04_冻结_待重构\10_风险调整动量_原03\迭代版本\R08_2026-07-12_独立自洽版\01_研究方案.md,26,| 触发临近 | 14% |
10,D:\drive\Investment\分析报告\公司排序\04_冻结_待重构\10_风险调整动量_原03\迭代版本\R08_2026-07-12_独立自洽版\01_研究方案.md,27,| 下行支撑 | 10% |
10,D:\drive\Investment\分析报告\公司排序\04_冻结_待重构\10_风险调整动量_原03\迭代版本\R08_2026-07-12_独立自洽版\01_研究方案.md,28,| 质量底线 | 8% |
10,D:\drive\Investment\分析报告\公司排序\04_冻结_待重构\10_风险调整动量_原03\迭代版本\R08_2026-07-12_独立自洽版\01_研究方案.md,29,| 数据可信度 | 6% |
10,D:\drive\Investment\分析报告\公司排序\04_冻结_待重构\10_风险调整动量_原03\迭代版本\R08_2026-07-12_独立自洽版\01_研究方案.md,30,| 集中度约束 | 4% |
10,D:\drive\Investment\分析报告\公司排序\04_冻结_待重构\10_风险调整动量_原03\迭代版本\R08_2026-07-12_独立自洽版\01_研究方案.md,32,`总分 = 0.24×价格动量 + 0.18×可交易弹性 + 0.16×风险调整动量 + 0.14×触发临近 + 0.10×下行支撑 + 0.08×质量底线 + 0.06×数据可信度 + 0.04×集中度约束`
10,D:\drive\Investment\分析报告\公司排序\04_冻结_待重构\10_风险调整动量_原03\迭代版本\R08_2026-07-12_独立自洽版\01_研究方案.md,34,价格动量由5、10、20日收益按20%、30%、50%合成并转换为横截面百分位。风险调整动量等于动量百分位扣除IV拥挤、估值扩张、负FCF、融资和客户集中造成的固定折扣；单项最多扣15分，总折扣最多40分。
10,D:\drive\Investment\分析报告\公司排序\04_冻结_待重构\10_风险调整动量_原03\迭代版本\R08_2026-07-12_独立自洽版\01_研究方案.md,36,## 门槛与封顶
10,D:\drive\Investment\分析报告\公司排序\04_冻结_待重构\10_风险调整动量_原03\迭代版本\R08_2026-07-12_独立自洽版\01_研究方案.md,38,- Top20必须同时具备价格动量不低于60和可交易弹性不低于55，并有未来两个报告期内的明确触发。
10,D:\drive\Investment\分析报告\公司排序\04_冻结_待重构\10_风险调整动量_原03\迭代版本\R08_2026-07-12_独立自洽版\01_研究方案.md,41,- EPS与FCF均为负、资金跑道不足24个月且IV处最高四分位：不得进入Top30。
10,D:\drive\Investment\分析报告\公司排序\04_冻结_待重构\10_风险调整动量_原03\迭代版本\R08_2026-07-12_独立自洽版\01_研究方案.md,43,- 同一事实只在一个主风险项扣分，不得按公司名称、代码或行业标签设置优先级。
10,D:\drive\Investment\分析报告\公司排序\04_冻结_待重构\10_风险调整动量_原03\迭代版本\R08_2026-07-12_独立自洽版\01_研究方案.md,45,## 输出要求
10,D:\drive\Investment\分析报告\公司排序\04_冻结_待重构\10_风险调整动量_原03\迭代版本\R08_2026-07-12_独立自洽版\01_研究方案.md,49,文末记录输入文件、价格覆盖、复权口径、风险折扣分布、门槛触发和全样本覆盖，不得在看到结果后改变权重。
11,D:\drive\Investment\分析报告\公司排序\04_冻结_待重构\11_九个月情景估值_原12\迭代版本\R03_2026-07-12_独立自洽版\01_研究方案.md,1,# 九个月情景估值全公司排序研究方案
11,D:\drive\Investment\分析报告\公司排序\04_冻结_待重构\11_九个月情景估值_原12\迭代版本\R03_2026-07-12_独立自洽版\01_研究方案.md,3,## 研究目标与唯一输出
11,D:\drive\Investment\分析报告\公司排序\04_冻结_待重构\11_九个月情景估值_原12\迭代版本\R03_2026-07-12_独立自洽版\01_研究方案.md,5,对统一截止时点下的全部公司评估未来九个月的悲观、基准、乐观和极度乐观股价空间，在追求上涨空间的同时兼顾兑现确定性、估值承载和下跌保护。
11,D:\drive\Investment\分析报告\公司排序\04_冻结_待重构\11_九个月情景估值_原12\迭代版本\R03_2026-07-12_独立自洽版\01_研究方案.md,7,完整结果只能写入：
11,D:\drive\Investment\分析报告\公司排序\04_冻结_待重构\11_九个月情景估值_原12\迭代版本\R03_2026-07-12_独立自洽版\01_研究方案.md,9,`D:\drive\Investment\基本面\分析报告\公司排序\04_冻结_待重构\11_九个月情景估值_原12\迭代版本\R03_2026-07-12_独立自洽版\02_排序结果.md`
11,D:\drive\Investment\分析报告\公司排序\04_冻结_待重构\11_九个月情景估值_原12\迭代版本\R03_2026-07-12_独立自洽版\01_研究方案.md,11,不得创建或修改其他文件。
11,D:\drive\Investment\分析报告\公司排序\04_冻结_待重构\11_九个月情景估值_原12\迭代版本\R03_2026-07-12_独立自洽版\01_研究方案.md,13,## 输入边界与截止
11,D:\drive\Investment\分析报告\公司排序\04_冻结_待重构\11_九个月情景估值_原12\迭代版本\R03_2026-07-12_独立自洽版\01_研究方案.md,15,只能读取 `D:\drive\Investment\基本面\分析报告\公司评估\结果\` 和 `D:\drive\Investment\基本面\日度资料\每日金融数据\`。不得读取公司调研、行业调研、任何排序结果、效果验证、特征量化、备份和外部资料。
11,D:\drive\Investment\分析报告\公司排序\04_冻结_待重构\11_九个月情景估值_原12\迭代版本\R03_2026-07-12_独立自洽版\01_研究方案.md,17,选择执行时点以前最新且覆盖完整的每日金融主文件，同日补充文件只作校验。研究资料截止时点为主文件生成时间，价格截止日单独记录。样本池取主文件全部公司；每家公司只用截止时点以前最新的一份正式评估。任何区间价格指标只能使用价格截止日及以前的文件。
11,D:\drive\Investment\分析报告\公司排序\04_冻结_待重构\11_九个月情景估值_原12\迭代版本\R03_2026-07-12_独立自洽版\01_研究方案.md,19,## 情景构建
11,D:\drive\Investment\分析报告\公司排序\04_冻结_待重构\11_九个月情景估值_原12\迭代版本\R03_2026-07-12_独立自洽版\01_研究方案.md,21,每家公司抽取九个月悲观、基准、乐观和极度乐观的收入、利润、EPS、FCF和估值假设，并换算为股价变化。若评估已给出完整情景，先校验口径；若只给经营值，则用当前市值、EV、股本和可用估值字段推导并标记。不得调用外部同业倍数。
11,D:\drive\Investment\分析报告\公司排序\04_冻结_待重构\11_九个月情景估值_原12\迭代版本\R03_2026-07-12_独立自洽版\01_研究方案.md,23,情景必须满足悲观≤基准≤乐观≤极度乐观；不满足时不得静默改值，相关公司降低置信度并限制最高排名。
11,D:\drive\Investment\分析报告\公司排序\04_冻结_待重构\11_九个月情景估值_原12\迭代版本\R03_2026-07-12_独立自洽版\01_研究方案.md,25,`九个月期望收益 = 0.15×悲观收益 + 0.45×基准收益 + 0.30×乐观收益 + 0.10×极度乐观收益`
11,D:\drive\Investment\分析报告\公司排序\04_冻结_待重构\11_九个月情景估值_原12\迭代版本\R03_2026-07-12_独立自洽版\01_研究方案.md,27,## 固定评分
11,D:\drive\Investment\分析报告\公司排序\04_冻结_待重构\11_九个月情景估值_原12\迭代版本\R03_2026-07-12_独立自洽版\01_研究方案.md,29,| 分项 | 权重 |
11,D:\drive\Investment\分析报告\公司排序\04_冻结_待重构\11_九个月情景估值_原12\迭代版本\R03_2026-07-12_独立自洽版\01_研究方案.md,31,| 九个月期望收益 | 35% |
11,D:\drive\Investment\分析报告\公司排序\04_冻结_待重构\11_九个月情景估值_原12\迭代版本\R03_2026-07-12_独立自洽版\01_研究方案.md,32,| 基准情景确定性 | 20% |
11,D:\drive\Investment\分析报告\公司排序\04_冻结_待重构\11_九个月情景估值_原12\迭代版本\R03_2026-07-12_独立自洽版\01_研究方案.md,33,| 悲观下行保护 | 15% |
11,D:\drive\Investment\分析报告\公司排序\04_冻结_待重构\11_九个月情景估值_原12\迭代版本\R03_2026-07-12_独立自洽版\01_研究方案.md,34,| 当前与未来估值承载 | 15% |
11,D:\drive\Investment\分析报告\公司排序\04_冻结_待重构\11_九个月情景估值_原12\迭代版本\R03_2026-07-12_独立自洽版\01_研究方案.md,35,| 利润与FCF质量 | 10% |
11,D:\drive\Investment\分析报告\公司排序\04_冻结_待重构\11_九个月情景估值_原12\迭代版本\R03_2026-07-12_独立自洽版\01_研究方案.md,36,| 数据置信度 | 5% |
11,D:\drive\Investment\分析报告\公司排序\04_冻结_待重构\11_九个月情景估值_原12\迭代版本\R03_2026-07-12_独立自洽版\01_研究方案.md,38,`总分 = 0.35×期望收益百分位 + 0.20×基准确定性 + 0.15×下行保护 + 0.15×估值承载 + 0.10×利润FCF + 0.05×数据置信度`
11,D:\drive\Investment\分析报告\公司排序\04_冻结_待重构\11_九个月情景估值_原12\迭代版本\R03_2026-07-12_独立自洽版\01_研究方案.md,40,连续变量先做1%/99%缩尾，再转换为全样本百分位。缺失项取50并降低置信度。
11,D:\drive\Investment\分析报告\公司排序\04_冻结_待重构\11_九个月情景估值_原12\迭代版本\R03_2026-07-12_独立自洽版\01_研究方案.md,42,## 门槛
11,D:\drive\Investment\分析报告\公司排序\04_冻结_待重构\11_九个月情景估值_原12\迭代版本\R03_2026-07-12_独立自洽版\01_研究方案.md,44,- Top20要求基准确定性和下行保护均不低于50。
11,D:\drive\Investment\分析报告\公司排序\04_冻结_待重构\11_九个月情景估值_原12\迭代版本\R03_2026-07-12_独立自洽版\01_研究方案.md,45,- 基准情景依赖重大融资、两个以上未验证客户条件或倍数显著扩张时，不得进入Top20。
11,D:\drive\Investment\分析报告\公司排序\04_冻结_待重构\11_九个月情景估值_原12\迭代版本\R03_2026-07-12_独立自洽版\01_研究方案.md,46,- 悲观情景包含流动性危机、重大稀释或下跌超过60%且无缓释时，最高进入后半区。
11,D:\drive\Investment\分析报告\公司排序\04_冻结_待重构\11_九个月情景估值_原12\迭代版本\R03_2026-07-12_独立自洽版\01_研究方案.md,50,## 输出要求
11,D:\drive\Investment\分析报告\公司排序\04_冻结_待重构\11_九个月情景估值_原12\迭代版本\R03_2026-07-12_独立自洽版\01_研究方案.md,52,输出输入审计、Top20、Bottom20和完整连续排名。每行至少包含：排名、代码、公司、总分、六项分数、价格、市值、PE、Forward PE、P/S、EV/EBITDA、IV、九个月四情景股价变化、期望收益、基准桥梁、悲观边界、估值承载、利润/FCF、资料缺口、封顶和一句理由。
11,D:\drive\Investment\分析报告\公司排序\04_冻结_待重构\11_九个月情景估值_原12\迭代版本\R03_2026-07-12_独立自洽版\01_研究方案.md,54,文末记录全部输入文件、情景推导数量、口径异常、价格截止日和规则执行，便于九个月生成后验证。
12,D:\drive\Investment\分析报告\公司排序\04_冻结_待重构\12_一年五倍候选_原14\迭代版本\R08_2026-07-12_独立自洽版\01_研究方案.md,1,# 一年五倍右尾候选全公司排序研究方案
12,D:\drive\Investment\分析报告\公司排序\04_冻结_待重构\12_一年五倍候选_原14\迭代版本\R08_2026-07-12_独立自洽版\01_研究方案.md,3,## 研究目标与唯一输出
12,D:\drive\Investment\分析报告\公司排序\04_冻结_待重构\12_一年五倍候选_原14\迭代版本\R08_2026-07-12_独立自洽版\01_研究方案.md,5,对统一截止时点下的全部公司按未来12个月出现五倍股价右尾的可能性连续排序。目标是识别可解释的经营与估值路径，而不是奖励小市值、高IV、负EPS、热门主题或夸张目标价。
12,D:\drive\Investment\分析报告\公司排序\04_冻结_待重构\12_一年五倍候选_原14\迭代版本\R08_2026-07-12_独立自洽版\01_研究方案.md,7,完整结果只能写入：
12,D:\drive\Investment\分析报告\公司排序\04_冻结_待重构\12_一年五倍候选_原14\迭代版本\R08_2026-07-12_独立自洽版\01_研究方案.md,11,不得创建或修改其他文件。
12,D:\drive\Investment\分析报告\公司排序\04_冻结_待重构\12_一年五倍候选_原14\迭代版本\R08_2026-07-12_独立自洽版\01_研究方案.md,13,## 输入边界与截止
12,D:\drive\Investment\分析报告\公司排序\04_冻结_待重构\12_一年五倍候选_原14\迭代版本\R08_2026-07-12_独立自洽版\01_研究方案.md,15,只能读取 `D:\drive\Investment\基本面\分析报告\公司评估\结果\` 和 `D:\drive\Investment\基本面\日度资料\每日金融数据\`。不得读取公司调研、行业调研、任何排序结果、效果验证、特征量化、备份和外部资料。
12,D:\drive\Investment\分析报告\公司排序\04_冻结_待重构\12_一年五倍候选_原14\迭代版本\R08_2026-07-12_独立自洽版\01_研究方案.md,17,选择执行时点以前最新且覆盖完整的每日金融主文件，同日补充文件只作校验。记录主文件生成时间和价格截止日；样本池取主文件全部公司，每家公司使用截止时点以前最新的一份正式评估。价格区间只允许使用价格截止日及以前的数据。
12,D:\drive\Investment\分析报告\公司排序\04_冻结_待重构\12_一年五倍候选_原14\迭代版本\R08_2026-07-12_独立自洽版\01_研究方案.md,19,## 五倍路径
12,D:\drive\Investment\分析报告\公司排序\04_冻结_待重构\12_一年五倍候选_原14\迭代版本\R08_2026-07-12_独立自洽版\01_研究方案.md,21,每家公司必须建立可审计路径：当前经营基准 → 12个月收入/订单台阶 → 产品、客户与产能节点 → 毛利、利润和FCF → 资金与完全稀释股份 → 保守估值 → 每股价值。任何环节无证据必须标记，不得用TAM或题材替代。
12,D:\drive\Investment\分析报告\公司排序\04_冻结_待重构\12_一年五倍候选_原14\迭代版本\R08_2026-07-12_独立自洽版\01_研究方案.md,23,## 固定评分
12,D:\drive\Investment\分析报告\公司排序\04_冻结_待重构\12_一年五倍候选_原14\迭代版本\R08_2026-07-12_独立自洽版\01_研究方案.md,25,| 分项 | 权重 |
12,D:\drive\Investment\分析报告\公司排序\04_冻结_待重构\12_一年五倍候选_原14\迭代版本\R08_2026-07-12_独立自洽版\01_研究方案.md,27,| 收入或订单跨台阶 | 25% |
12,D:\drive\Investment\分析报告\公司排序\04_冻结_待重构\12_一年五倍候选_原14\迭代版本\R08_2026-07-12_独立自洽版\01_研究方案.md,28,| 产品、客户、产能与交付节点 | 20% |
12,D:\drive\Investment\分析报告\公司排序\04_冻结_待重构\12_一年五倍候选_原14\迭代版本\R08_2026-07-12_独立自洽版\01_研究方案.md,29,| 正向预期差与近端验证 | 15% |
12,D:\drive\Investment\分析报告\公司排序\04_冻结_待重构\12_一年五倍候选_原14\迭代版本\R08_2026-07-12_独立自洽版\01_研究方案.md,30,| 保守估值下的每股价值空间 | 15% |
12,D:\drive\Investment\分析报告\公司排序\04_冻结_待重构\12_一年五倍候选_原14\迭代版本\R08_2026-07-12_独立自洽版\01_研究方案.md,31,| 证据质量与独立支撑点 | 15% |
12,D:\drive\Investment\分析报告\公司排序\04_冻结_待重构\12_一年五倍候选_原14\迭代版本\R08_2026-07-12_独立自洽版\01_研究方案.md,32,| 资金、稀释、客户集中和执行风险 | 10% |
12,D:\drive\Investment\分析报告\公司排序\04_冻结_待重构\12_一年五倍候选_原14\迭代版本\R08_2026-07-12_独立自洽版\01_研究方案.md,34,`总分 = 0.25×收入订单 + 0.20×节点准备 + 0.15×预期差 + 0.15×每股价值 + 0.15×证据 + 0.10×风险承受`
12,D:\drive\Investment\分析报告\公司排序\04_冻结_待重构\12_一年五倍候选_原14\迭代版本\R08_2026-07-12_独立自洽版\01_研究方案.md,36,每股价值必须至少计算倍数压缩至当前有效倍数70%和倍数不变两种情景，并计入净债务、未来融资和完全稀释股份。无法形成合理估值口径时，每股价值分最高40。
12,D:\drive\Investment\分析报告\公司排序\04_冻结_待重构\12_一年五倍候选_原14\迭代版本\R08_2026-07-12_独立自洽版\01_研究方案.md,38,## 候选分层与门槛
12,D:\drive\Investment\分析报告\公司排序\04_冻结_待重构\12_一年五倍候选_原14\迭代版本\R08_2026-07-12_独立自洽版\01_研究方案.md,40,- A：12个月五倍路径有至少两个独立支撑点，不依赖超过两个未验证关键条件，资金跑道和稀释可承受，且不依赖估值倍数扩张。
12,D:\drive\Investment\分析报告\公司排序\04_冻结_待重构\12_一年五倍候选_原14\迭代版本\R08_2026-07-12_独立自洽版\01_研究方案.md,42,- C：右尾很高但证据不足、条件过多或主要依赖题材/倍数扩张；不得进入Top20。
12,D:\drive\Investment\分析报告\公司排序\04_冻结_待重构\12_一年五倍候选_原14\迭代版本\R08_2026-07-12_独立自洽版\01_研究方案.md,45,市值很大时必须说明五倍后绝对市值的可承载性；市值很小只提高潜在弹性，不直接加分。IV处最高10%、EPS和FCF均为负且资金跑道不足24个月时，最高C。需要重大稀释才能达到规模时按完全稀释后每股价值评分。
12,D:\drive\Investment\分析报告\公司排序\04_冻结_待重构\12_一年五倍候选_原14\迭代版本\R08_2026-07-12_独立自洽版\01_研究方案.md,47,## 输出要求
12,D:\drive\Investment\分析报告\公司排序\04_冻结_待重构\12_一年五倍候选_原14\迭代版本\R08_2026-07-12_独立自洽版\01_研究方案.md,49,输出输入审计、A/B/C/D候选池、Top20、Bottom20和全样本连续排名。每行至少包含：排名、代码、公司、总分、六项分数、候选层、当前市值、P/S、Forward PE、IV、12个月收入/订单路径、产品客户产能节点、五倍后隐含市值、倍数压缩/不变的每股价值、资金与稀释、未验证条件、主要风险、置信度和一句理由。
12,D:\drive\Investment\分析报告\公司排序\04_冻结_待重构\12_一年五倍候选_原14\迭代版本\R08_2026-07-12_独立自洽版\01_研究方案.md,51,文末列出未来四个季度的升级/降级里程碑，并声明12个月生成后结果和经营节点才是评价依据。
13,D:\drive\Investment\分析报告\公司排序\04_冻结_待重构\13_反证惩罚扩展搜索_原22\迭代版本\R02_2026-07-12_独立自洽版\01_研究方案.md,1,# 扩展证据反证惩罚全公司排序研究方案
13,D:\drive\Investment\分析报告\公司排序\04_冻结_待重构\13_反证惩罚扩展搜索_原22\迭代版本\R02_2026-07-12_独立自洽版\01_研究方案.md,3,## 研究目标与唯一输出
13,D:\drive\Investment\分析报告\公司排序\04_冻结_待重构\13_反证惩罚扩展搜索_原22\迭代版本\R02_2026-07-12_独立自洽版\01_研究方案.md,7,完整结果只能写入：
13,D:\drive\Investment\分析报告\公司排序\04_冻结_待重构\13_反证惩罚扩展搜索_原22\迭代版本\R02_2026-07-12_独立自洽版\01_研究方案.md,11,不得创建或修改其他文件。
13,D:\drive\Investment\分析报告\公司排序\04_冻结_待重构\13_反证惩罚扩展搜索_原22\迭代版本\R02_2026-07-12_独立自洽版\01_研究方案.md,13,## 输入边界与截止
13,D:\drive\Investment\分析报告\公司排序\04_冻结_待重构\13_反证惩罚扩展搜索_原22\迭代版本\R02_2026-07-12_独立自洽版\01_研究方案.md,23,不得读取任何排序结果、效果验证、特征量化、备份资料、社交媒体或无法确认发布日期的网页。
13,D:\drive\Investment\分析报告\公司排序\04_冻结_待重构\13_反证惩罚扩展搜索_原22\迭代版本\R02_2026-07-12_独立自洽版\01_研究方案.md,25,选择执行时点以前最新且覆盖完整的每日金融主文件。主文件生成时间为研究资料截止时点，价格截止日单独记录；禁止使用在截止时点之后发布或更新的事实。样本池取主文件全部公司。公司评估、公司调研和行业调研均按截止时点选择最新正式文件；每家公司执行相同检索深度，不得只搜索预选前排公司。公开资料必须记录标题、发布者、发布日期和URL。
13,D:\drive\Investment\分析报告\公司排序\04_冻结_待重构\13_反证惩罚扩展搜索_原22\迭代版本\R02_2026-07-12_独立自洽版\01_研究方案.md,27,## 固定计分
13,D:\drive\Investment\分析报告\公司排序\04_冻结_待重构\13_反证惩罚扩展搜索_原22\迭代版本\R02_2026-07-12_独立自洽版\01_研究方案.md,33,20日复权收益低于-5%、-8%、-10%时至少分别扣5、9、13分；评估与扩展资料均没有量化缓释时再扣4分。接近持平或弱正最多提供6分确认。公开资料只有在直接更新订单、交付、客户、资金、利润、监管或核心反证时才可改变分数；重复事实只计一次。
13,D:\drive\Investment\分析报告\公司排序\04_冻结_待重构\13_反证惩罚扩展搜索_原22\迭代版本\R02_2026-07-12_独立自洽版\01_研究方案.md,35,## 门槛与一致性
13,D:\drive\Investment\分析报告\公司排序\04_冻结_待重构\13_反证惩罚扩展搜索_原22\迭代版本\R02_2026-07-12_独立自洽版\01_研究方案.md,37,- Top30必须通过价格确认复核；价格为负且核心反证未解除时不得进入。
13,D:\drive\Investment\分析报告\公司排序\04_冻结_待重构\13_反证惩罚扩展搜索_原22\迭代版本\R02_2026-07-12_独立自洽版\01_研究方案.md,43,## 输出要求
14,D:\drive\Investment\分析报告\公司排序\04_冻结_待重构\14_动量扩展搜索_原23\迭代版本\R02_2026-07-12_独立自洽版\01_研究方案.md,1,# 扩展证据风险调整动量全公司排序研究方案
14,D:\drive\Investment\分析报告\公司排序\04_冻结_待重构\14_动量扩展搜索_原23\迭代版本\R02_2026-07-12_独立自洽版\01_研究方案.md,3,## 研究目标与唯一输出
14,D:\drive\Investment\分析报告\公司排序\04_冻结_待重构\14_动量扩展搜索_原23\迭代版本\R02_2026-07-12_独立自洽版\01_研究方案.md,5,对统一截止时点下的全部公司做连续排名，以真实价格动量和可交易弹性识别进攻机会，并使用公司、行业及可核验公开资料解释催化、风险与下行支撑。扩展资料用于验证动量来源，不得替代价格序列或机械制造叙事。
14,D:\drive\Investment\分析报告\公司排序\04_冻结_待重构\14_动量扩展搜索_原23\迭代版本\R02_2026-07-12_独立自洽版\01_研究方案.md,7,完整结果只能写入：
14,D:\drive\Investment\分析报告\公司排序\04_冻结_待重构\14_动量扩展搜索_原23\迭代版本\R02_2026-07-12_独立自洽版\01_研究方案.md,11,不得创建或修改其他文件。
14,D:\drive\Investment\分析报告\公司排序\04_冻结_待重构\14_动量扩展搜索_原23\迭代版本\R02_2026-07-12_独立自洽版\01_研究方案.md,13,## 输入边界与截止
14,D:\drive\Investment\分析报告\公司排序\04_冻结_待重构\14_动量扩展搜索_原23\迭代版本\R02_2026-07-12_独立自洽版\01_研究方案.md,23,不得读取任何排序结果、效果验证、特征量化、备份、社交媒体或发布日期不可确认的网页。
14,D:\drive\Investment\分析报告\公司排序\04_冻结_待重构\14_动量扩展搜索_原23\迭代版本\R02_2026-07-12_独立自洽版\01_研究方案.md,27,## 固定评分
14,D:\drive\Investment\分析报告\公司排序\04_冻结_待重构\14_动量扩展搜索_原23\迭代版本\R02_2026-07-12_独立自洽版\01_研究方案.md,29,| 分项 | 权重 |
14,D:\drive\Investment\分析报告\公司排序\04_冻结_待重构\14_动量扩展搜索_原23\迭代版本\R02_2026-07-12_独立自洽版\01_研究方案.md,31,| 价格动量 | 24% |
14,D:\drive\Investment\分析报告\公司排序\04_冻结_待重构\14_动量扩展搜索_原23\迭代版本\R02_2026-07-12_独立自洽版\01_研究方案.md,32,| 可交易弹性 | 18% |
14,D:\drive\Investment\分析报告\公司排序\04_冻结_待重构\14_动量扩展搜索_原23\迭代版本\R02_2026-07-12_独立自洽版\01_研究方案.md,33,| 风险调整动量 | 16% |
14,D:\drive\Investment\分析报告\公司排序\04_冻结_待重构\14_动量扩展搜索_原23\迭代版本\R02_2026-07-12_独立自洽版\01_研究方案.md,34,| 触发临近 | 14% |
14,D:\drive\Investment\分析报告\公司排序\04_冻结_待重构\14_动量扩展搜索_原23\迭代版本\R02_2026-07-12_独立自洽版\01_研究方案.md,35,| 下行支撑 | 10% |
14,D:\drive\Investment\分析报告\公司排序\04_冻结_待重构\14_动量扩展搜索_原23\迭代版本\R02_2026-07-12_独立自洽版\01_研究方案.md,36,| 质量底线 | 8% |
14,D:\drive\Investment\分析报告\公司排序\04_冻结_待重构\14_动量扩展搜索_原23\迭代版本\R02_2026-07-12_独立自洽版\01_研究方案.md,37,| 数据可信度 | 6% |
14,D:\drive\Investment\分析报告\公司排序\04_冻结_待重构\14_动量扩展搜索_原23\迭代版本\R02_2026-07-12_独立自洽版\01_研究方案.md,38,| 集中度约束 | 4% |
14,D:\drive\Investment\分析报告\公司排序\04_冻结_待重构\14_动量扩展搜索_原23\迭代版本\R02_2026-07-12_独立自洽版\01_研究方案.md,40,`总分 = 0.24×价格动量 + 0.18×可交易弹性 + 0.16×风险调整动量 + 0.14×触发临近 + 0.10×下行支撑 + 0.08×质量底线 + 0.06×数据可信度 + 0.04×集中度约束`
14,D:\drive\Investment\分析报告\公司排序\04_冻结_待重构\14_动量扩展搜索_原23\迭代版本\R02_2026-07-12_独立自洽版\01_研究方案.md,42,价格动量由5、10、20日收益按20%、30%、50%合成。扩展资料只能改变触发临近、下行支撑、质量底线和集中约束；不得篡改价格动量。重复事实只计一次。
14,D:\drive\Investment\分析报告\公司排序\04_冻结_待重构\14_动量扩展搜索_原23\迭代版本\R02_2026-07-12_独立自洽版\01_研究方案.md,44,## 门槛与封顶
14,D:\drive\Investment\分析报告\公司排序\04_冻结_待重构\14_动量扩展搜索_原23\迭代版本\R02_2026-07-12_独立自洽版\01_研究方案.md,46,- Top20必须有价格动量不低于60、可交易弹性不低于55，以及未来两个报告期内有日期和量化标准的触发。
14,D:\drive\Investment\分析报告\公司排序\04_冻结_待重构\14_动量扩展搜索_原23\迭代版本\R02_2026-07-12_独立自洽版\01_研究方案.md,49,- EPS、FCF均为负、资金跑道不足24个月且IV最高四分位：不得进入Top30。
14,D:\drive\Investment\分析报告\公司排序\04_冻结_待重构\14_动量扩展搜索_原23\迭代版本\R02_2026-07-12_独立自洽版\01_研究方案.md,53,## 输出要求
15,D:\drive\Investment\分析报告\公司排序\05_退出与历史备份\15_非常激进_原04\迭代版本\R03_2026-07-12_独立自洽版\01_研究方案.md,1,# 高进攻性需求弹性全公司排序研究方案
15,D:\drive\Investment\分析报告\公司排序\05_退出与历史备份\15_非常激进_原04\迭代版本\R03_2026-07-12_独立自洽版\01_研究方案.md,3,## 研究目标与唯一输出
15,D:\drive\Investment\分析报告\公司排序\05_退出与历史备份\15_非常激进_原04\迭代版本\R03_2026-07-12_独立自洽版\01_研究方案.md,5,对统一截止时点下的全部公司做连续排名，寻找未来九个月具有显著上行弹性、近端催化和需求传导的进攻型机会。AI需求只有能够明确传导至公司订单、收入、利润或现金流时才能加分；公司处于热门主题或行业本身不构成优势。
15,D:\drive\Investment\分析报告\公司排序\05_退出与历史备份\15_非常激进_原04\迭代版本\R03_2026-07-12_独立自洽版\01_研究方案.md,7,完整结果只能写入：
15,D:\drive\Investment\分析报告\公司排序\05_退出与历史备份\15_非常激进_原04\迭代版本\R03_2026-07-12_独立自洽版\01_研究方案.md,11,不得创建或修改其他文件。
15,D:\drive\Investment\分析报告\公司排序\05_退出与历史备份\15_非常激进_原04\迭代版本\R03_2026-07-12_独立自洽版\01_研究方案.md,13,## 输入边界与截止
15,D:\drive\Investment\分析报告\公司排序\05_退出与历史备份\15_非常激进_原04\迭代版本\R03_2026-07-12_独立自洽版\01_研究方案.md,15,只能读取 `D:\drive\Investment\基本面\分析报告\公司评估\` 和 `D:\drive\Investment\基本面\日度资料\每日金融数据\`。不得读取公司调研、行业调研、任何排序结果、效果验证、特征量化、备份和外部资料。
15,D:\drive\Investment\分析报告\公司排序\05_退出与历史备份\15_非常激进_原04\迭代版本\R03_2026-07-12_独立自洽版\01_研究方案.md,17,选择执行时点以前最新且覆盖完整的每日金融主文件，同日补充文件只作校验。主文件生成时间为资料截止时点，价格截止日单独记录。样本池取主文件全部公司；每家公司使用截止时点以前最新的一份正式评估。任何价格区间只能使用价格截止日及以前的数据。
15,D:\drive\Investment\分析报告\公司排序\05_退出与历史备份\15_非常激进_原04\迭代版本\R03_2026-07-12_独立自洽版\01_研究方案.md,19,## 四情景与固定评分
15,D:\drive\Investment\分析报告\公司排序\05_退出与历史备份\15_非常激进_原04\迭代版本\R03_2026-07-12_独立自洽版\01_研究方案.md,21,抽取或推导九个月悲观、基准、乐观、极度乐观股价变化；推导只能使用允许输入中的经营、估值、股本和现金流数据。
15,D:\drive\Investment\分析报告\公司排序\05_退出与历史备份\15_非常激进_原04\迭代版本\R03_2026-07-12_独立自洽版\01_研究方案.md,23,| 分项 | 权重 |
15,D:\drive\Investment\分析报告\公司排序\05_退出与历史备份\15_非常激进_原04\迭代版本\R03_2026-07-12_独立自洽版\01_研究方案.md,25,| 乐观与极度乐观上行弹性 | 30% |
15,D:\drive\Investment\分析报告\公司排序\05_退出与历史备份\15_非常激进_原04\迭代版本\R03_2026-07-12_独立自洽版\01_研究方案.md,26,| 可归因需求传导 | 20% |
15,D:\drive\Investment\分析报告\公司排序\05_退出与历史备份\15_非常激进_原04\迭代版本\R03_2026-07-12_独立自洽版\01_研究方案.md,27,| 未来两个报告期催化 | 15% |
15,D:\drive\Investment\分析报告\公司排序\05_退出与历史备份\15_非常激进_原04\迭代版本\R03_2026-07-12_独立自洽版\01_研究方案.md,28,| 订单到收入的量化桥梁 | 15% |
15,D:\drive\Investment\分析报告\公司排序\05_退出与历史备份\15_非常激进_原04\迭代版本\R03_2026-07-12_独立自洽版\01_研究方案.md,29,| 估值与市值承载 | 10% |
15,D:\drive\Investment\分析报告\公司排序\05_退出与历史备份\15_非常激进_原04\迭代版本\R03_2026-07-12_独立自洽版\01_研究方案.md,30,| 执行、资金与稀释承受 | 10% |
15,D:\drive\Investment\分析报告\公司排序\05_退出与历史备份\15_非常激进_原04\迭代版本\R03_2026-07-12_独立自洽版\01_研究方案.md,32,`总分 = 0.30×上行弹性 + 0.20×需求传导 + 0.15×催化 + 0.15×收入桥梁 + 0.10×估值承载 + 0.10×风险承受`
15,D:\drive\Investment\分析报告\公司排序\05_退出与历史备份\15_非常激进_原04\迭代版本\R03_2026-07-12_独立自洽版\01_研究方案.md,34,上行弹性以乐观情景40%、极度乐观情景60%合成，但极度乐观部分按证据折扣：已确认收入/连续兑现100%，正式订单/RPO/合同75%，量化指引/认证50%，定性机会25%，纯叙事0%。
15,D:\drive\Investment\分析报告\公司排序\05_退出与历史备份\15_非常激进_原04\迭代版本\R03_2026-07-12_独立自洽版\01_研究方案.md,36,## 门槛与风险
15,D:\drive\Investment\分析报告\公司排序\05_退出与历史备份\15_非常激进_原04\迭代版本\R03_2026-07-12_独立自洽版\01_研究方案.md,39,- 需求传导必须写清需求主体、公司产品、数量/金额、收入确认和利润影响；缺一环不得高于50分。
15,D:\drive\Investment\分析报告\公司排序\05_退出与历史备份\15_非常激进_原04\迭代版本\R03_2026-07-12_独立自洽版\01_研究方案.md,40,- 悲观情景下出现流动性危机、重大稀释或超过70%下跌且无缓释：不得进入Top30。
15,D:\drive\Investment\分析报告\公司排序\05_退出与历史备份\15_非常激进_原04\迭代版本\R03_2026-07-12_独立自洽版\01_研究方案.md,44,## 输出要求
15,D:\drive\Investment\分析报告\公司排序\05_退出与历史备份\15_非常激进_原04\迭代版本\R03_2026-07-12_独立自洽版\01_研究方案.md,46,输出输入审计、Top20、Bottom20和全样本连续排名。每行至少包含：排名、代码、公司、总分、六项分数、价格、市值、PE、Forward PE、P/S、IV、九个月四情景、需求传导链、订单/收入桥梁、催化与日期、证据折扣、估值承载、资金与稀释、悲观风险、封顶和一句理由。
15,D:\drive\Investment\分析报告\公司排序\05_退出与历史备份\15_非常激进_原04\迭代版本\R03_2026-07-12_独立自洽版\01_研究方案.md,48,文末记录输入文件、情景推导、资料缺口、门槛触发和未来九个月验证节点，确保高进攻结论仍可复核。
16,D:\drive\Investment\分析报告\公司排序\05_退出与历史备份\16_均衡右尾_原18\迭代版本\R03_2026-07-12_独立自洽版\01_研究方案.md,1,# 均衡右尾五倍候选全公司排序研究方案
16,D:\drive\Investment\分析报告\公司排序\05_退出与历史备份\16_均衡右尾_原18\迭代版本\R03_2026-07-12_独立自洽版\01_研究方案.md,3,## 研究目标与唯一输出
16,D:\drive\Investment\分析报告\公司排序\05_退出与历史备份\16_均衡右尾_原18\迭代版本\R03_2026-07-12_独立自洽版\01_研究方案.md,5,对统一截止时点下的全部公司做连续排名，筛选未来12个月存在五倍右尾可能性、同时具备证据质量、估值纪律和风险控制的公司。纯高波动、单一催化或多个条件同时成功的路径不得进入前列。
16,D:\drive\Investment\分析报告\公司排序\05_退出与历史备份\16_均衡右尾_原18\迭代版本\R03_2026-07-12_独立自洽版\01_研究方案.md,7,完整结果只能写入：
16,D:\drive\Investment\分析报告\公司排序\05_退出与历史备份\16_均衡右尾_原18\迭代版本\R03_2026-07-12_独立自洽版\01_研究方案.md,11,不得创建或修改其他文件。
16,D:\drive\Investment\分析报告\公司排序\05_退出与历史备份\16_均衡右尾_原18\迭代版本\R03_2026-07-12_独立自洽版\01_研究方案.md,13,## 输入边界与截止
16,D:\drive\Investment\分析报告\公司排序\05_退出与历史备份\16_均衡右尾_原18\迭代版本\R03_2026-07-12_独立自洽版\01_研究方案.md,15,只能读取 `D:\drive\Investment\基本面\分析报告\公司评估\` 和 `D:\drive\Investment\基本面\日度资料\每日金融数据\`。不得读取公司调研、行业调研、任何排序结果、效果验证、特征量化、备份和外部资料。
16,D:\drive\Investment\分析报告\公司排序\05_退出与历史备份\16_均衡右尾_原18\迭代版本\R03_2026-07-12_独立自洽版\01_研究方案.md,19,## 固定评分
16,D:\drive\Investment\分析报告\公司排序\05_退出与历史备份\16_均衡右尾_原18\迭代版本\R03_2026-07-12_独立自洽版\01_研究方案.md,21,| 分项 | 权重 |
16,D:\drive\Investment\分析报告\公司排序\05_退出与历史备份\16_均衡右尾_原18\迭代版本\R03_2026-07-12_独立自洽版\01_研究方案.md,23,| 可解释五倍路径 | 25% |
16,D:\drive\Investment\分析报告\公司排序\05_退出与历史备份\16_均衡右尾_原18\迭代版本\R03_2026-07-12_独立自洽版\01_研究方案.md,24,| 两类以上独立证据 | 20% |
16,D:\drive\Investment\分析报告\公司排序\05_退出与历史备份\16_均衡右尾_原18\迭代版本\R03_2026-07-12_独立自洽版\01_研究方案.md,25,| 订单、产品、客户与产能节点 | 15% |
16,D:\drive\Investment\分析报告\公司排序\05_退出与历史备份\16_均衡右尾_原18\迭代版本\R03_2026-07-12_独立自洽版\01_研究方案.md,26,| 稀释后每股价值空间 | 15% |
16,D:\drive\Investment\分析报告\公司排序\05_退出与历史备份\16_均衡右尾_原18\迭代版本\R03_2026-07-12_独立自洽版\01_研究方案.md,27,| 估值与市值承载 | 10% |
16,D:\drive\Investment\分析报告\公司排序\05_退出与历史备份\16_均衡右尾_原18\迭代版本\R03_2026-07-12_独立自洽版\01_研究方案.md,28,| 资金、现金流和悲观边界 | 15% |
16,D:\drive\Investment\分析报告\公司排序\05_退出与历史备份\16_均衡右尾_原18\迭代版本\R03_2026-07-12_独立自洽版\01_研究方案.md,30,`总分 = 0.25×五倍路径 + 0.20×独立证据 + 0.15×经营节点 + 0.15×每股价值 + 0.10×估值承载 + 0.15×风险边界`
16,D:\drive\Investment\分析报告\公司排序\05_退出与历史备份\16_均衡右尾_原18\迭代版本\R03_2026-07-12_独立自洽版\01_研究方案.md,32,每股价值至少计算当前有效倍数压缩30%和倍数不变两种情景，计入净债务、资本开支、未来融资和完全稀释股份。
16,D:\drive\Investment\分析报告\公司排序\05_退出与历史备份\16_均衡右尾_原18\迭代版本\R03_2026-07-12_独立自洽版\01_研究方案.md,34,## 分层与门槛
16,D:\drive\Investment\分析报告\公司排序\05_退出与历史备份\16_均衡右尾_原18\迭代版本\R03_2026-07-12_独立自洽版\01_研究方案.md,38,- C：高可选性但证据不足、条件过多或主要依赖高IV、题材、反弹和倍数扩张；不得进入Top20。
16,D:\drive\Investment\分析报告\公司排序\05_退出与历史备份\16_均衡右尾_原18\迭代版本\R03_2026-07-12_独立自洽版\01_研究方案.md,41,资金跑道不足24个月、负FCF且没有可验证融资路径时最高B；重大稀释后每股价值不足2倍时最高C；客户集中、订单可取消或验收不确定必须进入风险边界。小市值和高IV不直接加分。
16,D:\drive\Investment\分析报告\公司排序\05_退出与历史备份\16_均衡右尾_原18\迭代版本\R03_2026-07-12_独立自洽版\01_研究方案.md,43,## 输出要求
16,D:\drive\Investment\分析报告\公司排序\05_退出与历史备份\16_均衡右尾_原18\迭代版本\R03_2026-07-12_独立自洽版\01_研究方案.md,47,文末记录未来四个季度升级/降级里程碑、输入文件和规则执行。该榜必须用经营节点和12个月生成后表现共同评价。
17,D:\drive\Investment\分析报告\公司排序\05_退出与历史备份\17_一年五倍扩展搜索_原24\迭代版本\R02_2026-07-12_独立自洽版\01_研究方案.md,1,# 扩展证据一年五倍候选全公司排序研究方案
17,D:\drive\Investment\分析报告\公司排序\05_退出与历史备份\17_一年五倍扩展搜索_原24\迭代版本\R02_2026-07-12_独立自洽版\01_研究方案.md,3,## 研究目标与唯一输出
17,D:\drive\Investment\分析报告\公司排序\05_退出与历史备份\17_一年五倍扩展搜索_原24\迭代版本\R02_2026-07-12_独立自洽版\01_研究方案.md,5,对统一截止时点下的全部公司按未来12个月出现五倍右尾的可能性连续排序，并用公司、行业及可核验公开资料补强或反证收入台阶、客户、产品、产能、资金和估值路径。
17,D:\drive\Investment\分析报告\公司排序\05_退出与历史备份\17_一年五倍扩展搜索_原24\迭代版本\R02_2026-07-12_独立自洽版\01_研究方案.md,7,完整结果只能写入：
17,D:\drive\Investment\分析报告\公司排序\05_退出与历史备份\17_一年五倍扩展搜索_原24\迭代版本\R02_2026-07-12_独立自洽版\01_研究方案.md,11,不得创建或修改其他文件。
17,D:\drive\Investment\分析报告\公司排序\05_退出与历史备份\17_一年五倍扩展搜索_原24\迭代版本\R02_2026-07-12_独立自洽版\01_研究方案.md,13,## 输入边界与截止
17,D:\drive\Investment\分析报告\公司排序\05_退出与历史备份\17_一年五倍扩展搜索_原24\迭代版本\R02_2026-07-12_独立自洽版\01_研究方案.md,23,不得读取任何排序结果、效果验证、特征量化、备份、社交媒体或发布日期不可确认的网页。
17,D:\drive\Investment\分析报告\公司排序\05_退出与历史备份\17_一年五倍扩展搜索_原24\迭代版本\R02_2026-07-12_独立自洽版\01_研究方案.md,27,## 五倍路径与固定评分
17,D:\drive\Investment\分析报告\公司排序\05_退出与历史备份\17_一年五倍扩展搜索_原24\迭代版本\R02_2026-07-12_独立自洽版\01_研究方案.md,29,必须建立：当前经营 → 12个月收入/订单台阶 → 产品客户产能 → 利润/FCF → 资金与完全稀释股份 → 保守估值 → 每股价值的完整路径。
17,D:\drive\Investment\分析报告\公司排序\05_退出与历史备份\17_一年五倍扩展搜索_原24\迭代版本\R02_2026-07-12_独立自洽版\01_研究方案.md,31,| 分项 | 权重 |
17,D:\drive\Investment\分析报告\公司排序\05_退出与历史备份\17_一年五倍扩展搜索_原24\迭代版本\R02_2026-07-12_独立自洽版\01_研究方案.md,33,| 收入或订单跨台阶 | 25% |
17,D:\drive\Investment\分析报告\公司排序\05_退出与历史备份\17_一年五倍扩展搜索_原24\迭代版本\R02_2026-07-12_独立自洽版\01_研究方案.md,34,| 产品、客户、产能与交付节点 | 20% |
17,D:\drive\Investment\分析报告\公司排序\05_退出与历史备份\17_一年五倍扩展搜索_原24\迭代版本\R02_2026-07-12_独立自洽版\01_研究方案.md,35,| 行业需求传导和近端验证 | 15% |
17,D:\drive\Investment\分析报告\公司排序\05_退出与历史备份\17_一年五倍扩展搜索_原24\迭代版本\R02_2026-07-12_独立自洽版\01_研究方案.md,36,| 保守估值下每股价值空间 | 15% |
17,D:\drive\Investment\分析报告\公司排序\05_退出与历史备份\17_一年五倍扩展搜索_原24\迭代版本\R02_2026-07-12_独立自洽版\01_研究方案.md,37,| 本地与公开证据质量 | 15% |
17,D:\drive\Investment\分析报告\公司排序\05_退出与历史备份\17_一年五倍扩展搜索_原24\迭代版本\R02_2026-07-12_独立自洽版\01_研究方案.md,38,| 资金、稀释、集中和执行风险 | 10% |
17,D:\drive\Investment\分析报告\公司排序\05_退出与历史备份\17_一年五倍扩展搜索_原24\迭代版本\R02_2026-07-12_独立自洽版\01_研究方案.md,40,`总分 = 0.25×收入订单 + 0.20×节点准备 + 0.15×需求验证 + 0.15×每股价值 + 0.15×证据 + 0.10×风险承受`
17,D:\drive\Investment\分析报告\公司排序\05_退出与历史备份\17_一年五倍扩展搜索_原24\迭代版本\R02_2026-07-12_独立自洽版\01_研究方案.md,42,每股价值至少计算当前有效倍数压缩30%和倍数不变两种情景，并计入净债务、未来融资与完全稀释股份。外部资料只能验证公告、财报、合同、客户、产能和重大风险；不可核验的传闻不计分。
17,D:\drive\Investment\分析报告\公司排序\05_退出与历史备份\17_一年五倍扩展搜索_原24\迭代版本\R02_2026-07-12_独立自洽版\01_研究方案.md,44,## 分层与门槛
17,D:\drive\Investment\分析报告\公司排序\05_退出与历史备份\17_一年五倍扩展搜索_原24\迭代版本\R02_2026-07-12_独立自洽版\01_研究方案.md,48,- C：右尾大但证据不足、条件过多或主要依赖题材/高IV；不得进入Top20。
17,D:\drive\Investment\分析报告\公司排序\05_退出与历史备份\17_一年五倍扩展搜索_原24\迭代版本\R02_2026-07-12_独立自洽版\01_研究方案.md,53,## 输出要求
17,D:\drive\Investment\分析报告\公司排序\05_退出与历史备份\17_一年五倍扩展搜索_原24\迭代版本\R02_2026-07-12_独立自洽版\01_研究方案.md,57,文末列出所有实际使用文件和URL、发布日期、信息截止、未来四个季度里程碑及规则检查，确保结果可复核。
N01,D:\drive\Investment\分析报告\公司排序\06_候选新方案_待验证\N01_基准兑现与估值承载\迭代版本\R02_2026-07-12_独立自洽版\01_研究方案.md,1,# 基准兑现与估值承载全公司排序研究方案
N01,D:\drive\Investment\分析报告\公司排序\06_候选新方案_待验证\N01_基准兑现与估值承载\迭代版本\R02_2026-07-12_独立自洽版\01_研究方案.md,3,## 研究目标与唯一输出
N01,D:\drive\Investment\分析报告\公司排序\06_候选新方案_待验证\N01_基准兑现与估值承载\迭代版本\R02_2026-07-12_独立自洽版\01_研究方案.md,5,对统一截止时点下的全部公司做连续排名，寻找未来两个至四个季度基准经营最可能兑现、估值没有透支且悲观情景仍可承受的公司。
N01,D:\drive\Investment\分析报告\公司排序\06_候选新方案_待验证\N01_基准兑现与估值承载\迭代版本\R02_2026-07-12_独立自洽版\01_研究方案.md,7,完整结果只能写入：
N01,D:\drive\Investment\分析报告\公司排序\06_候选新方案_待验证\N01_基准兑现与估值承载\迭代版本\R02_2026-07-12_独立自洽版\01_研究方案.md,11,不得创建或修改其他文件。
N01,D:\drive\Investment\分析报告\公司排序\06_候选新方案_待验证\N01_基准兑现与估值承载\迭代版本\R02_2026-07-12_独立自洽版\01_研究方案.md,13,## 输入边界与快照
N01,D:\drive\Investment\分析报告\公司排序\06_候选新方案_待验证\N01_基准兑现与估值承载\迭代版本\R02_2026-07-12_独立自洽版\01_研究方案.md,15,只能读取 `D:\drive\Investment\基本面\分析报告\公司评估\结果\` 和 `D:\drive\Investment\基本面\日度资料\每日金融数据\`。不得读取公司调研、行业调研、任何排序结果、效果验证、特征量化、备份、外部网页或未列出的资料。
N01,D:\drive\Investment\分析报告\公司排序\06_候选新方案_待验证\N01_基准兑现与估值承载\迭代版本\R02_2026-07-12_独立自洽版\01_研究方案.md,20,4. 若不足90%的公司评估距资料截止日不超过14天，或任何评估超过30天，仍完成全榜，但标题标记“输入未齐预览”。
N01,D:\drive\Investment\分析报告\公司排序\06_候选新方案_待验证\N01_基准兑现与估值承载\迭代版本\R02_2026-07-12_独立自洽版\01_研究方案.md,23,## 统一抽取与证据分档
N01,D:\drive\Investment\分析报告\公司排序\06_候选新方案_待验证\N01_基准兑现与估值承载\迭代版本\R02_2026-07-12_独立自洽版\01_研究方案.md,29,## 固定评分
N01,D:\drive\Investment\分析报告\公司排序\06_候选新方案_待验证\N01_基准兑现与估值承载\迭代版本\R02_2026-07-12_独立自洽版\01_研究方案.md,31,所有分项为0–100。连续变量先做1%/99%缩尾，再按全样本和可比业务类型各计算一次百分位，最终各占50%；业务类型本身不加分。
N01,D:\drive\Investment\分析报告\公司排序\06_候选新方案_待验证\N01_基准兑现与估值承载\迭代版本\R02_2026-07-12_独立自洽版\01_研究方案.md,33,| 分项 | 权重 |
N01,D:\drive\Investment\分析报告\公司排序\06_候选新方案_待验证\N01_基准兑现与估值承载\迭代版本\R02_2026-07-12_独立自洽版\01_研究方案.md,35,| 基准兑现桥梁 | 30% |
N01,D:\drive\Investment\分析报告\公司排序\06_候选新方案_待验证\N01_基准兑现与估值承载\迭代版本\R02_2026-07-12_独立自洽版\01_研究方案.md,36,| 基准情景估值 | 20% |
N01,D:\drive\Investment\分析报告\公司排序\06_候选新方案_待验证\N01_基准兑现与估值承载\迭代版本\R02_2026-07-12_独立自洽版\01_研究方案.md,37,| 悲观下行保护 | 15% |
N01,D:\drive\Investment\分析报告\公司排序\06_候选新方案_待验证\N01_基准兑现与估值承载\迭代版本\R02_2026-07-12_独立自洽版\01_研究方案.md,38,| 利润与FCF转化 | 15% |
N01,D:\drive\Investment\分析报告\公司排序\06_候选新方案_待验证\N01_基准兑现与估值承载\迭代版本\R02_2026-07-12_独立自洽版\01_研究方案.md,39,| 近端验证节点 | 15% |
N01,D:\drive\Investment\分析报告\公司排序\06_候选新方案_待验证\N01_基准兑现与估值承载\迭代版本\R02_2026-07-12_独立自洽版\01_研究方案.md,40,| 数据置信度 | 5% |
N01,D:\drive\Investment\分析报告\公司排序\06_候选新方案_待验证\N01_基准兑现与估值承载\迭代版本\R02_2026-07-12_独立自洽版\01_研究方案.md,42,`总分 = 0.30×兑现桥梁 + 0.20×估值 + 0.15×下行 + 0.15×FCF + 0.15×验证节点 + 0.05×数据置信度`
N01,D:\drive\Investment\分析报告\公司排序\06_候选新方案_待验证\N01_基准兑现与估值承载\迭代版本\R02_2026-07-12_独立自洽版\01_研究方案.md,44,## 门槛
N01,D:\drive\Investment\分析报告\公司排序\06_候选新方案_待验证\N01_基准兑现与估值承载\迭代版本\R02_2026-07-12_独立自洽版\01_研究方案.md,47,- 基准情景依赖紧急融资、重大稀释或无法验证客户假设：最高进入后50%。
N01,D:\drive\Investment\分析报告\公司排序\06_候选新方案_待验证\N01_基准兑现与估值承载\迭代版本\R02_2026-07-12_独立自洽版\01_研究方案.md,49,- IV最高10%且下行保护低于60：最高进入中段。
N01,D:\drive\Investment\分析报告\公司排序\06_候选新方案_待验证\N01_基准兑现与估值承载\迭代版本\R02_2026-07-12_独立自洽版\01_研究方案.md,50,- 一般性乐观证据不得抵消融资、现金流、客户集中或验收风险。
N01,D:\drive\Investment\分析报告\公司排序\06_候选新方案_待验证\N01_基准兑现与估值承载\迭代版本\R02_2026-07-12_独立自洽版\01_研究方案.md,52,## 输出要求
N01,D:\drive\Investment\分析报告\公司排序\06_候选新方案_待验证\N01_基准兑现与估值承载\迭代版本\R02_2026-07-12_独立自洽版\01_研究方案.md,56,文末记录全部输入文件、日期、缺失比例和门槛触发。本榜评价3–9个月基准兑现，不评价短期交易弹性或长期最大倍数。
N02,D:\drive\Investment\分析报告\公司排序\06_候选新方案_待验证\N02_反证闭环与尾部生存\迭代版本\R02_2026-07-12_独立自洽版\01_研究方案.md,1,# 反证闭环与尾部生存全公司排序研究方案
N02,D:\drive\Investment\分析报告\公司排序\06_候选新方案_待验证\N02_反证闭环与尾部生存\迭代版本\R02_2026-07-12_独立自洽版\01_研究方案.md,3,## 研究目标与唯一输出
N02,D:\drive\Investment\分析报告\公司排序\06_候选新方案_待验证\N02_反证闭环与尾部生存\迭代版本\R02_2026-07-12_独立自洽版\01_研究方案.md,7,完整结果只能写入：
N02,D:\drive\Investment\分析报告\公司排序\06_候选新方案_待验证\N02_反证闭环与尾部生存\迭代版本\R02_2026-07-12_独立自洽版\01_研究方案.md,11,不得创建或修改其他文件。
N02,D:\drive\Investment\分析报告\公司排序\06_候选新方案_待验证\N02_反证闭环与尾部生存\迭代版本\R02_2026-07-12_独立自洽版\01_研究方案.md,13,## 输入边界与快照
N02,D:\drive\Investment\分析报告\公司排序\06_候选新方案_待验证\N02_反证闭环与尾部生存\迭代版本\R02_2026-07-12_独立自洽版\01_研究方案.md,15,只能读取 `D:\drive\Investment\基本面\分析报告\公司评估\结果\` 和 `D:\drive\Investment\基本面\日度资料\每日金融数据\`。不得读取公司调研、行业调研、任何排序结果、效果验证、特征量化、备份和外部资料。
N02,D:\drive\Investment\分析报告\公司排序\06_候选新方案_待验证\N02_反证闭环与尾部生存\迭代版本\R02_2026-07-12_独立自洽版\01_研究方案.md,17,选择执行时点以前最新且覆盖完整的每日金融主文件，同日补充文件只用于校验。主文件生成时间为资料截止时点，价格截止日单独记录。样本池取主文件全部公司；每家公司只用截止时点以前最新的一份正式评估。若不足90%的评估距截止日不超过14天或任何评估超过30天，标题标记“输入未齐预览”。缺失样本仍保留。
N02,D:\drive\Investment\分析报告\公司排序\06_候选新方案_待验证\N02_反证闭环与尾部生存\迭代版本\R02_2026-07-12_独立自洽版\01_研究方案.md,19,## 固定风险扣分
N02,D:\drive\Investment\分析报告\公司排序\06_候选新方案_待验证\N02_反证闭环与尾部生存\迭代版本\R02_2026-07-12_独立自洽版\01_研究方案.md,21,每家公司从100分开始，同一事实只能扣一次：
N02,D:\drive\Investment\分析报告\公司排序\06_候选新方案_待验证\N02_反证闭环与尾部生存\迭代版本\R02_2026-07-12_独立自洽版\01_研究方案.md,35,融资项考察24个月资金跑道、债务再融资和资本缺口；FCF项考察负FCF、库存、应收和预付款依赖；订单项考察可取消性、客户集中、交付及验收；估值项考察基准兑现后是否仍极贵以及是否依赖倍数扩张。
N02,D:\drive\Investment\分析报告\公司排序\06_候选新方案_待验证\N02_反证闭环与尾部生存\迭代版本\R02_2026-07-12_独立自洽版\01_研究方案.md,37,同分时依次比较：基准兑现质量40%、估值承载25%、FCF与资产负债表20%、未来两个季度可验证催化15%。
N02,D:\drive\Investment\分析报告\公司排序\06_候选新方案_待验证\N02_反证闭环与尾部生存\迭代版本\R02_2026-07-12_独立自洽版\01_研究方案.md,39,## 固定判定
N02,D:\drive\Investment\分析报告\公司排序\06_候选新方案_待验证\N02_反证闭环与尾部生存\迭代版本\R02_2026-07-12_独立自洽版\01_研究方案.md,42,- EPS、FCF均为负且需要新增外部融资：不得进入Top30。
N02,D:\drive\Investment\分析报告\公司排序\06_候选新方案_待验证\N02_反证闭环与尾部生存\迭代版本\R02_2026-07-12_独立自洽版\01_研究方案.md,43,- 悲观情景出现流动性危机、债务违约或重大稀释：最高进入后25%。
N02,D:\drive\Investment\分析报告\公司排序\06_候选新方案_待验证\N02_反证闭环与尾部生存\迭代版本\R02_2026-07-12_独立自洽版\01_研究方案.md,48,## 输出要求
N03,D:\drive\Investment\分析报告\公司排序\06_候选新方案_待验证\N03_预期差增量与证据升级\迭代版本\R02_2026-07-12_独立自洽版\01_研究方案.md,1,# 预期差增量与证据升级全公司排序研究方案
N03,D:\drive\Investment\分析报告\公司排序\06_候选新方案_待验证\N03_预期差增量与证据升级\迭代版本\R02_2026-07-12_独立自洽版\01_研究方案.md,3,## 研究目标与唯一输出
N03,D:\drive\Investment\分析报告\公司排序\06_候选新方案_待验证\N03_预期差增量与证据升级\迭代版本\R02_2026-07-12_独立自洽版\01_研究方案.md,7,完整结果只能写入：
N03,D:\drive\Investment\分析报告\公司排序\06_候选新方案_待验证\N03_预期差增量与证据升级\迭代版本\R02_2026-07-12_独立自洽版\01_研究方案.md,11,不得创建或修改其他文件。
N03,D:\drive\Investment\分析报告\公司排序\06_候选新方案_待验证\N03_预期差增量与证据升级\迭代版本\R02_2026-07-12_独立自洽版\01_研究方案.md,13,## 输入边界与比较快照
N03,D:\drive\Investment\分析报告\公司排序\06_候选新方案_待验证\N03_预期差增量与证据升级\迭代版本\R02_2026-07-12_独立自洽版\01_研究方案.md,15,只能读取 `D:\drive\Investment\基本面\分析报告\公司评估\结果\` 和 `D:\drive\Investment\基本面\日度资料\每日金融数据\`。不得读取公司调研、行业调研、任何排序结果、效果验证、特征量化、外部网页或未列出的资料。
N03,D:\drive\Investment\分析报告\公司排序\06_候选新方案_待验证\N03_预期差增量与证据升级\迭代版本\R02_2026-07-12_独立自洽版\01_研究方案.md,19,两份报告日期相同、结构不可比或只有一份时，变化分设为中性并降低置信度；不得把没有较早报告当作负面。正式榜要求至少80%的样本具有可比较双报告，否则标题标记“输入未齐预览”。必须列出两份文件、日期和实际变化字段。
N03,D:\drive\Investment\分析报告\公司排序\06_候选新方案_待验证\N03_预期差增量与证据升级\迭代版本\R02_2026-07-12_独立自洽版\01_研究方案.md,21,## 固定变化评分
N03,D:\drive\Investment\分析报告\公司排序\06_候选新方案_待验证\N03_预期差增量与证据升级\迭代版本\R02_2026-07-12_独立自洽版\01_研究方案.md,25,| 变化维度 | 权重 |
N03,D:\drive\Investment\分析报告\公司排序\06_候选新方案_待验证\N03_预期差增量与证据升级\迭代版本\R02_2026-07-12_独立自洽版\01_研究方案.md,27,| 证据升级 | 30% |
N03,D:\drive\Investment\分析报告\公司排序\06_候选新方案_待验证\N03_预期差增量与证据升级\迭代版本\R02_2026-07-12_独立自洽版\01_研究方案.md,28,| 基准经营上修 | 25% |
N03,D:\drive\Investment\分析报告\公司排序\06_候选新方案_待验证\N03_预期差增量与证据升级\迭代版本\R02_2026-07-12_独立自洽版\01_研究方案.md,29,| 风险关闭 | 20% |
N03,D:\drive\Investment\分析报告\公司排序\06_候选新方案_待验证\N03_预期差增量与证据升级\迭代版本\R02_2026-07-12_独立自洽版\01_研究方案.md,30,| 催化临近 | 10% |
N03,D:\drive\Investment\分析报告\公司排序\06_候选新方案_待验证\N03_预期差增量与证据升级\迭代版本\R02_2026-07-12_独立自洽版\01_研究方案.md,31,| 估值未反映 | 10% |
N03,D:\drive\Investment\分析报告\公司排序\06_候选新方案_待验证\N03_预期差增量与证据升级\迭代版本\R02_2026-07-12_独立自洽版\01_研究方案.md,32,| 数据可比性 | 5% |
N03,D:\drive\Investment\分析报告\公司排序\06_候选新方案_待验证\N03_预期差增量与证据升级\迭代版本\R02_2026-07-12_独立自洽版\01_研究方案.md,34,`加权变化 = 0.30×证据升级 + 0.25×经营上修 + 0.20×风险关闭 + 0.10×催化临近 + 0.10×估值未反映 + 0.05×数据可比性`
N03,D:\drive\Investment\分析报告\公司排序\06_候选新方案_待验证\N03_预期差增量与证据升级\迭代版本\R02_2026-07-12_独立自洽版\01_研究方案.md,36,`最终分 = 截断到0–100的（50 + 0.5×加权变化）`
N03,D:\drive\Investment\分析报告\公司排序\06_候选新方案_待验证\N03_预期差增量与证据升级\迭代版本\R02_2026-07-12_独立自洽版\01_研究方案.md,40,## 固定规则
N03,D:\drive\Investment\分析报告\公司排序\06_候选新方案_待验证\N03_预期差增量与证据升级\迭代版本\R02_2026-07-12_独立自洽版\01_研究方案.md,45,- 20日复权价格上涨超过30%且经营上修低于20分时，估值未反映不得为正。
N03,D:\drive\Investment\分析报告\公司排序\06_候选新方案_待验证\N03_预期差增量与证据升级\迭代版本\R02_2026-07-12_独立自洽版\01_研究方案.md,49,## 输出要求
N04,D:\drive\Investment\分析报告\公司排序\06_候选新方案_待验证\N04_收入台阶与现金转化\迭代版本\R02_2026-07-12_独立自洽版\01_研究方案.md,1,# 收入台阶与现金转化全公司排序研究方案
N04,D:\drive\Investment\分析报告\公司排序\06_候选新方案_待验证\N04_收入台阶与现金转化\迭代版本\R02_2026-07-12_独立自洽版\01_研究方案.md,3,## 研究目标与唯一输出
N04,D:\drive\Investment\分析报告\公司排序\06_候选新方案_待验证\N04_收入台阶与现金转化\迭代版本\R02_2026-07-12_独立自洽版\01_研究方案.md,5,对统一截止时点下的全部公司按未来12–24个月可信收入台阶及其利润和现金流转化质量连续排序。行业需求、技术先进和热门主题只有落实到公司收入化路径时才可得分。
N04,D:\drive\Investment\分析报告\公司排序\06_候选新方案_待验证\N04_收入台阶与现金转化\迭代版本\R02_2026-07-12_独立自洽版\01_研究方案.md,7,完整结果只能写入：
N04,D:\drive\Investment\分析报告\公司排序\06_候选新方案_待验证\N04_收入台阶与现金转化\迭代版本\R02_2026-07-12_独立自洽版\01_研究方案.md,11,不得创建或修改其他文件。
N04,D:\drive\Investment\分析报告\公司排序\06_候选新方案_待验证\N04_收入台阶与现金转化\迭代版本\R02_2026-07-12_独立自洽版\01_研究方案.md,13,## 输入边界与快照
N04,D:\drive\Investment\分析报告\公司排序\06_候选新方案_待验证\N04_收入台阶与现金转化\迭代版本\R02_2026-07-12_独立自洽版\01_研究方案.md,15,只能读取 `D:\drive\Investment\基本面\分析报告\公司评估\结果\` 和 `D:\drive\Investment\基本面\日度资料\每日金融数据\`。不得读取公司调研、行业调研、任何排序结果、效果验证、特征量化、备份和外部资料。
N04,D:\drive\Investment\分析报告\公司排序\06_候选新方案_待验证\N04_收入台阶与现金转化\迭代版本\R02_2026-07-12_独立自洽版\01_研究方案.md,17,选择执行时点以前最新且覆盖完整的每日金融主文件，同日补充文件只用于校验。主文件生成时间为资料截止时点，价格截止日单独记录。样本池取主文件全部公司；每家公司只用截止时点以前最新的一份正式评估。若不足90%的评估距截止日不超过14天或任何评估超过30天，标题标记“输入未齐预览”。缺失样本仍保留。
N04,D:\drive\Investment\分析报告\公司排序\06_候选新方案_待验证\N04_收入台阶与现金转化\迭代版本\R02_2026-07-12_独立自洽版\01_研究方案.md,19,## 统一抽取
N04,D:\drive\Investment\分析报告\公司排序\06_候选新方案_待验证\N04_收入台阶与现金转化\迭代版本\R02_2026-07-12_独立自洽版\01_研究方案.md,21,抽取当前TTM收入、季度运行率、12/24个月基准收入、订单/RPO/backlog、合同质量、客户、产能、交付、验收、收入确认、毛利率、经营利润率、FCF、CapEx、资金跑道、股本变化、未来估值和主要反证。
N04,D:\drive\Investment\分析报告\公司排序\06_候选新方案_待验证\N04_收入台阶与现金转化\迭代版本\R02_2026-07-12_独立自洽版\01_研究方案.md,23,若没有明确24个月收入，只能用合同、产能与交付节点推导保守区间并标记；纯TAM外推不得进入基准。
N04,D:\drive\Investment\分析报告\公司排序\06_候选新方案_待验证\N04_收入台阶与现金转化\迭代版本\R02_2026-07-12_独立自洽版\01_研究方案.md,25,## 固定评分
N04,D:\drive\Investment\分析报告\公司排序\06_候选新方案_待验证\N04_收入台阶与现金转化\迭代版本\R02_2026-07-12_独立自洽版\01_研究方案.md,27,| 分项 | 权重 |
N04,D:\drive\Investment\分析报告\公司排序\06_候选新方案_待验证\N04_收入台阶与现金转化\迭代版本\R02_2026-07-12_独立自洽版\01_研究方案.md,29,| 可信收入台阶 | 25% |
N04,D:\drive\Investment\分析报告\公司排序\06_候选新方案_待验证\N04_收入台阶与现金转化\迭代版本\R02_2026-07-12_独立自洽版\01_研究方案.md,30,| 订单与客户证据 | 20% |
N04,D:\drive\Investment\分析报告\公司排序\06_候选新方案_待验证\N04_收入台阶与现金转化\迭代版本\R02_2026-07-12_独立自洽版\01_研究方案.md,31,| 确认速度 | 15% |
N04,D:\drive\Investment\分析报告\公司排序\06_候选新方案_待验证\N04_收入台阶与现金转化\迭代版本\R02_2026-07-12_独立自洽版\01_研究方案.md,32,| 毛利与FCF转化 | 20% |
N04,D:\drive\Investment\分析报告\公司排序\06_候选新方案_待验证\N04_收入台阶与现金转化\迭代版本\R02_2026-07-12_独立自洽版\01_研究方案.md,33,| 未来估值 | 15% |
N04,D:\drive\Investment\分析报告\公司排序\06_候选新方案_待验证\N04_收入台阶与现金转化\迭代版本\R02_2026-07-12_独立自洽版\01_研究方案.md,34,| 数据置信度 | 5% |
N04,D:\drive\Investment\分析报告\公司排序\06_候选新方案_待验证\N04_收入台阶与现金转化\迭代版本\R02_2026-07-12_独立自洽版\01_研究方案.md,38,`总分 = 0.25×收入台阶 + 0.20×证据 + 0.15×确认速度 + 0.20×现金转化 + 0.15×未来估值 + 0.05×数据置信度`
N04,D:\drive\Investment\分析报告\公司排序\06_候选新方案_待验证\N04_收入台阶与现金转化\迭代版本\R02_2026-07-12_独立自洽版\01_研究方案.md,40,## 最弱环节封顶
N04,D:\drive\Investment\分析报告\公司排序\06_候选新方案_待验证\N04_收入台阶与现金转化\迭代版本\R02_2026-07-12_独立自洽版\01_研究方案.md,42,- 收入台阶、订单证据、确认速度、现金转化、未来估值任一低于30：总分最高59且不得进入Top30。
N04,D:\drive\Investment\分析报告\公司排序\06_候选新方案_待验证\N04_收入台阶与现金转化\迭代版本\R02_2026-07-12_独立自洽版\01_研究方案.md,46,- 未来估值处全样本最高10%且没有更高利润/FCF：未来估值最高20。
N04,D:\drive\Investment\分析报告\公司排序\06_候选新方案_待验证\N04_收入台阶与现金转化\迭代版本\R02_2026-07-12_独立自洽版\01_研究方案.md,49,## 输出要求
N04,D:\drive\Investment\分析报告\公司排序\06_候选新方案_待验证\N04_收入台阶与现金转化\迭代版本\R02_2026-07-12_独立自洽版\01_研究方案.md,51,输出输入审计、Top20、Bottom20和完整连续排名。每行至少包含：排名、代码、公司、总分、六项分数、当前收入、12个月收入、24个月收入、台阶倍率、订单证据、确认时间、毛利/FCF变化、未来估值、资金与稀释、最弱环节、封顶和一句理由。
N04,D:\drive\Investment\分析报告\公司排序\06_候选新方案_待验证\N04_收入台阶与现金转化\迭代版本\R02_2026-07-12_独立自洽版\01_研究方案.md,53,文末列出输入文件、资料新鲜度和未来四个季度经营里程碑。本榜目标期为12–24个月，不以短窗涨跌评价成败。
N05,D:\drive\Investment\分析报告\公司排序\06_候选新方案_待验证\N05_市场状态自适应双阶段\迭代版本\R02_2026-07-12_独立自洽版\01_研究方案.md,1,# 市场状态自适应双阶段全公司排序研究方案
N05,D:\drive\Investment\分析报告\公司排序\06_候选新方案_待验证\N05_市场状态自适应双阶段\迭代版本\R02_2026-07-12_独立自洽版\01_研究方案.md,3,## 研究目标与唯一输出
N05,D:\drive\Investment\分析报告\公司排序\06_候选新方案_待验证\N05_市场状态自适应双阶段\迭代版本\R02_2026-07-12_独立自洽版\01_研究方案.md,5,先用排序日前的项目内价格序列识别风险扩张、风险收缩或中性状态，再使用预先固定的对应权重完成全公司排名。不得根据排序结果或后续收益反向选择市场状态。
N05,D:\drive\Investment\分析报告\公司排序\06_候选新方案_待验证\N05_市场状态自适应双阶段\迭代版本\R02_2026-07-12_独立自洽版\01_研究方案.md,7,完整结果只能写入：
N05,D:\drive\Investment\分析报告\公司排序\06_候选新方案_待验证\N05_市场状态自适应双阶段\迭代版本\R02_2026-07-12_独立自洽版\01_研究方案.md,11,不得创建或修改其他文件。
N05,D:\drive\Investment\分析报告\公司排序\06_候选新方案_待验证\N05_市场状态自适应双阶段\迭代版本\R02_2026-07-12_独立自洽版\01_研究方案.md,13,## 输入边界与快照
N05,D:\drive\Investment\分析报告\公司排序\06_候选新方案_待验证\N05_市场状态自适应双阶段\迭代版本\R02_2026-07-12_独立自洽版\01_研究方案.md,15,只能读取 `D:\drive\Investment\基本面\分析报告\公司评估\结果\` 和 `D:\drive\Investment\基本面\日度资料\每日金融数据\`。不得读取公司调研、行业调研、任何排序结果、效果验证、特征量化、技术模型、备份和外部网页。
N05,D:\drive\Investment\分析报告\公司排序\06_候选新方案_待验证\N05_市场状态自适应双阶段\迭代版本\R02_2026-07-12_独立自洽版\01_研究方案.md,17,选择执行时点以前最新且覆盖完整的每日金融主文件，同日补充文件只用于校验。主文件生成时间为资料截止时点，价格截止日单独记录。样本池取主文件全部公司；每家公司使用截止时点以前最新的一份正式评估。若不足90%的评估距截止日不超过14天或任何评估超过30天，标题标记“输入未齐预览”。
N05,D:\drive\Investment\分析报告\公司排序\06_候选新方案_待验证\N05_市场状态自适应双阶段\迭代版本\R02_2026-07-12_独立自洽版\01_研究方案.md,19,状态判定要求至少80%的样本具有20个有效交易日的可确认复权价格；不足时强制使用中性权重。疑似拆股或口径异常不得用于判定。
N05,D:\drive\Investment\分析报告\公司排序\06_候选新方案_待验证\N05_市场状态自适应双阶段\迭代版本\R02_2026-07-12_独立自洽版\01_研究方案.md,21,## 第一阶段：固定状态判定
N05,D:\drive\Investment\分析报告\公司排序\06_候选新方案_待验证\N05_市场状态自适应双阶段\迭代版本\R02_2026-07-12_独立自洽版\01_研究方案.md,25,风险收缩每项计1分：20日中位数<0；上涨比例<40%；高IV减低IV收益<-3个百分点；5日中位数<0。
N05,D:\drive\Investment\分析报告\公司排序\06_候选新方案_待验证\N05_市场状态自适应双阶段\迭代版本\R02_2026-07-12_独立自洽版\01_研究方案.md,27,风险扩张每项计1分：20日中位数>0；上涨比例>60%；高IV减低IV收益≥0；5日中位数>0。
N05,D:\drive\Investment\分析报告\公司排序\06_候选新方案_待验证\N05_市场状态自适应双阶段\迭代版本\R02_2026-07-12_独立自洽版\01_研究方案.md,33,## 第二阶段：固定权重
N05,D:\drive\Investment\分析报告\公司排序\06_候选新方案_待验证\N05_市场状态自适应双阶段\迭代版本\R02_2026-07-12_独立自洽版\01_研究方案.md,37,| 基准兑现 | 25% | 20% | 30% |
N05,D:\drive\Investment\分析报告\公司排序\06_候选新方案_待验证\N05_市场状态自适应双阶段\迭代版本\R02_2026-07-12_独立自洽版\01_研究方案.md,38,| 下行保护 | 20% | 10% | 15% |
N05,D:\drive\Investment\分析报告\公司排序\06_候选新方案_待验证\N05_市场状态自适应双阶段\迭代版本\R02_2026-07-12_独立自洽版\01_研究方案.md,39,| 估值承载 | 20% | 15% | 20% |
N05,D:\drive\Investment\分析报告\公司排序\06_候选新方案_待验证\N05_市场状态自适应双阶段\迭代版本\R02_2026-07-12_独立自洽版\01_研究方案.md,40,| 利润与FCF | 15% | 10% | 15% |
N05,D:\drive\Investment\分析报告\公司排序\06_候选新方案_待验证\N05_市场状态自适应双阶段\迭代版本\R02_2026-07-12_独立自洽版\01_研究方案.md,41,| 收入/证据增量 | 5% | 20% | 10% |
N05,D:\drive\Investment\分析报告\公司排序\06_候选新方案_待验证\N05_市场状态自适应双阶段\迭代版本\R02_2026-07-12_独立自洽版\01_研究方案.md,42,| 20日真实动量 | 5% | 15% | 5% |
N05,D:\drive\Investment\分析报告\公司排序\06_候选新方案_待验证\N05_市场状态自适应双阶段\迭代版本\R02_2026-07-12_独立自洽版\01_研究方案.md,43,| IV/拥挤控制 | 5% | 5% | 0% |
N05,D:\drive\Investment\分析报告\公司排序\06_候选新方案_待验证\N05_市场状态自适应双阶段\迭代版本\R02_2026-07-12_独立自洽版\01_研究方案.md,44,| 数据置信度 | 5% | 5% | 5% |
N05,D:\drive\Investment\分析报告\公司排序\06_候选新方案_待验证\N05_市场状态自适应双阶段\迭代版本\R02_2026-07-12_独立自洽版\01_研究方案.md,46,收入/证据增量比较每家公司截止时点以前最近两份同口径评估；只有一份时该项取50分并降低置信度。
N05,D:\drive\Investment\分析报告\公司排序\06_候选新方案_待验证\N05_市场状态自适应双阶段\迭代版本\R02_2026-07-12_独立自洽版\01_研究方案.md,48,## 护栏
N05,D:\drive\Investment\分析报告\公司排序\06_候选新方案_待验证\N05_市场状态自适应双阶段\迭代版本\R02_2026-07-12_独立自洽版\01_研究方案.md,51,- 20日涨幅前5%且IV最高四分位：动量分最高70。
N05,D:\drive\Investment\分析报告\公司排序\06_候选新方案_待验证\N05_市场状态自适应双阶段\迭代版本\R02_2026-07-12_独立自洽版\01_研究方案.md,52,- 风险收缩中，EPS与FCF均为负、IV最高四分位且基准估值不可解释：不得进入Top30。
N05,D:\drive\Investment\分析报告\公司排序\06_候选新方案_待验证\N05_市场状态自适应双阶段\迭代版本\R02_2026-07-12_独立自洽版\01_研究方案.md,54,- 基本面数值按可比业务类型与全样本各50%标准化，类别本身不加分。
N05,D:\drive\Investment\分析报告\公司排序\06_候选新方案_待验证\N05_市场状态自适应双阶段\迭代版本\R02_2026-07-12_独立自洽版\01_研究方案.md,55,- 状态、权重和护栏一旦按规则确定，不得修改。
N05,D:\drive\Investment\分析报告\公司排序\06_候选新方案_待验证\N05_市场状态自适应双阶段\迭代版本\R02_2026-07-12_独立自洽版\01_研究方案.md,57,## 输出要求
N05,D:\drive\Investment\分析报告\公司排序\06_候选新方案_待验证\N05_市场状态自适应双阶段\迭代版本\R02_2026-07-12_独立自洽版\01_研究方案.md,59,先输出市场状态诊断、四项条件、价格覆盖和采用的权重，再输出Top20、Bottom20和完整排名。每行至少包含：排名、代码、公司、总分、状态、八项分数、5/20日收益、IV分位、基准兑现、估值、FCF、收入增量、下行风险、护栏和一句理由。
N06,D:\drive\Investment\分析报告\公司排序\06_候选新方案_待验证\N06_超高增长与多倍价值\迭代版本\R02_2026-07-12_独立自洽版\01_研究方案.md,1,# 超高增长与多倍价值全公司排序研究方案
N06,D:\drive\Investment\分析报告\公司排序\06_候选新方案_待验证\N06_超高增长与多倍价值\迭代版本\R02_2026-07-12_独立自洽版\01_研究方案.md,3,## 研究目标与唯一输出
N06,D:\drive\Investment\分析报告\公司排序\06_候选新方案_待验证\N06_超高增长与多倍价值\迭代版本\R02_2026-07-12_独立自洽版\01_研究方案.md,5,对统一截止时点下的全部公司评估未来24–60个月经营规模多倍增长的可能性，以及计入融资、稀释、资本开支和保守估值后每股价值仍可多倍增长的可投资性。
N06,D:\drive\Investment\分析报告\公司排序\06_候选新方案_待验证\N06_超高增长与多倍价值\迭代版本\R02_2026-07-12_独立自洽版\01_研究方案.md,7,完整结果只能写入：
N06,D:\drive\Investment\分析报告\公司排序\06_候选新方案_待验证\N06_超高增长与多倍价值\迭代版本\R02_2026-07-12_独立自洽版\01_研究方案.md,11,不得创建或修改其他文件。
N06,D:\drive\Investment\分析报告\公司排序\06_候选新方案_待验证\N06_超高增长与多倍价值\迭代版本\R02_2026-07-12_独立自洽版\01_研究方案.md,13,## 输入边界与快照
N06,D:\drive\Investment\分析报告\公司排序\06_候选新方案_待验证\N06_超高增长与多倍价值\迭代版本\R02_2026-07-12_独立自洽版\01_研究方案.md,15,只能读取 `D:\drive\Investment\基本面\分析报告\公司评估\结果\` 和 `D:\drive\Investment\基本面\日度资料\每日金融数据\`。不得读取公司调研、行业调研、任何排序结果、效果验证、特征量化、备份、外部搜索或未列出的资料。
N06,D:\drive\Investment\分析报告\公司排序\06_候选新方案_待验证\N06_超高增长与多倍价值\迭代版本\R02_2026-07-12_独立自洽版\01_研究方案.md,17,选择执行时点以前最新且覆盖完整的每日金融主文件，同日补充文件只用于校验。主文件生成时间为资料截止时点，价格截止日单独记录。样本池取主文件全部公司；每家公司只用截止时点以前最新的一份正式评估。若不足90%的评估距截止日不超过14天或任何评估超过30天，标题标记“输入未齐预览”。
N06,D:\drive\Investment\分析报告\公司排序\06_候选新方案_待验证\N06_超高增长与多倍价值\迭代版本\R02_2026-07-12_独立自洽版\01_研究方案.md,21,## 双层评价与里程碑树
N06,D:\drive\Investment\分析报告\公司排序\06_候选新方案_待验证\N06_超高增长与多倍价值\迭代版本\R02_2026-07-12_独立自洽版\01_研究方案.md,25,抽取当前收入与运行率、NTM情景、24–36个月合同/产能/客户/产品节点、毛利率、单位经济、经营利润、FCF、现金、债务、CapEx、融资、股份数、潜在稀释、EV和估值倍数。
N06,D:\drive\Investment\分析报告\公司排序\06_候选新方案_待验证\N06_超高增长与多倍价值\迭代版本\R02_2026-07-12_独立自洽版\01_研究方案.md,27,建立最多六步里程碑树：需求或合同→产品/产能就绪→交付→客户验收→收入确认→毛利与FCF。每步标记已完成、已量化未完成、定性未完成或无证据。超过NTM的推导必须列假设；同时依赖超过两个未验证关键条件时不得进入A级。
N06,D:\drive\Investment\分析报告\公司排序\06_候选新方案_待验证\N06_超高增长与多倍价值\迭代版本\R02_2026-07-12_独立自洽版\01_研究方案.md,29,## 固定评分
N06,D:\drive\Investment\分析报告\公司排序\06_候选新方案_待验证\N06_超高增长与多倍价值\迭代版本\R02_2026-07-12_独立自洽版\01_研究方案.md,31,| 分项 | 权重 |
N06,D:\drive\Investment\分析报告\公司排序\06_候选新方案_待验证\N06_超高增长与多倍价值\迭代版本\R02_2026-07-12_独立自洽版\01_研究方案.md,33,| 收入规模跃迁 | 20% |
N06,D:\drive\Investment\分析报告\公司排序\06_候选新方案_待验证\N06_超高增长与多倍价值\迭代版本\R02_2026-07-12_独立自洽版\01_研究方案.md,34,| 需求与客户证据 | 20% |
N06,D:\drive\Investment\分析报告\公司排序\06_候选新方案_待验证\N06_超高增长与多倍价值\迭代版本\R02_2026-07-12_独立自洽版\01_研究方案.md,35,| 产品与产能准备 | 15% |
N06,D:\drive\Investment\分析报告\公司排序\06_候选新方案_待验证\N06_超高增长与多倍价值\迭代版本\R02_2026-07-12_独立自洽版\01_研究方案.md,36,| 毛利、单位经济与FCF | 15% |
N06,D:\drive\Investment\分析报告\公司排序\06_候选新方案_待验证\N06_超高增长与多倍价值\迭代版本\R02_2026-07-12_独立自洽版\01_研究方案.md,37,| 竞争优势与份额持续 | 10% |
N06,D:\drive\Investment\分析报告\公司排序\06_候选新方案_待验证\N06_超高增长与多倍价值\迭代版本\R02_2026-07-12_独立自洽版\01_研究方案.md,38,| 资金、CapEx与稀释承受 | 10% |
N06,D:\drive\Investment\分析报告\公司排序\06_候选新方案_待验证\N06_超高增长与多倍价值\迭代版本\R02_2026-07-12_独立自洽版\01_研究方案.md,39,| 保守每股价值空间 | 10% |
N06,D:\drive\Investment\分析报告\公司排序\06_候选新方案_待验证\N06_超高增长与多倍价值\迭代版本\R02_2026-07-12_独立自洽版\01_研究方案.md,43,证据校准后的24–36个月基准收入倍率分：<1.3倍=20；1.3–1.8倍=45；1.8–2.5倍=70；2.5–3倍=85；≥3倍=100。只有乐观情景达到多倍时最高70。
N06,D:\drive\Investment\分析报告\公司排序\06_候选新方案_待验证\N06_超高增长与多倍价值\迭代版本\R02_2026-07-12_独立自洽版\01_研究方案.md,45,## 每股价值与分层
N06,D:\drive\Investment\分析报告\公司排序\06_候选新方案_待验证\N06_超高增长与多倍价值\迭代版本\R02_2026-07-12_独立自洽版\01_研究方案.md,47,至少计算倍数压缩至当前有效倍数70%、倍数不变、乐观但不高于当前倍数三种情景。盈利公司优先用EV/EBITDA或Forward PE，未盈利公司用EV/Revenue；均须扣除净债务、未来融资和完全稀释股份。
N06,D:\drive\Investment\分析报告\公司排序\06_候选新方案_待验证\N06_超高增长与多倍价值\迭代版本\R02_2026-07-12_独立自洽版\01_研究方案.md,49,- A：24–36个月基准收入至少约1.8倍或3–5年基准至少约2.5倍；有正式合同/RPO/收入等证据；至少两类独立支撑；不依赖超过两个未验证条件；基准融资下股本增长不超过25%或稀释后每股价值仍至少约2倍；资金跑道至少24个月或有自我融资路径；倍数压缩下仍有正向空间。
N06,D:\drive\Investment\分析报告\公司排序\06_候选新方案_待验证\N06_超高增长与多倍价值\迭代版本\R02_2026-07-12_独立自洽版\01_研究方案.md,51,- C：空间大但合同、产能、单位经济、融资或商业化证据不足；不得进入Top20。
N06,D:\drive\Investment\分析报告\公司排序\06_候选新方案_待验证\N06_超高增长与多倍价值\迭代版本\R02_2026-07-12_独立自洽版\01_研究方案.md,54,负FCF且资金跑道不足24个月、客户集中超过50%且订单可取消、或只有NTM外推时最高B。主要依赖小市值、高IV、题材或倍数扩张时最高C。同一合同不得重复加分。
N06,D:\drive\Investment\分析报告\公司排序\06_候选新方案_待验证\N06_超高增长与多倍价值\迭代版本\R02_2026-07-12_独立自洽版\01_研究方案.md,56,## 输出要求
N06,D:\drive\Investment\分析报告\公司排序\06_候选新方案_待验证\N06_超高增长与多倍价值\迭代版本\R02_2026-07-12_独立自洽版\01_研究方案.md,58,输出输入审计、输入资料覆盖率、A/B/C/D候选池、Top20、Bottom20和完整排名。每行至少包含：排名、代码、公司、经营潜力分、可投资价值分、层级、当前收入、24–36个月收入、3–5年路径、客户证据、产品与产能、毛利/FCF、资金跑道、CapEx、稀释、三种每股价值倍数、实际使用文件、资料冲突、未验证条件、升级/降级里程碑和一句结论。
N06,D:\drive\Investment\分析报告\公司排序\06_候选新方案_待验证\N06_超高增长与多倍价值\迭代版本\R02_2026-07-12_独立自洽版\01_研究方案.md,60,文末记录全部输入文件与数据缺口。该榜只能用经营里程碑和12/24/36/60个月生成后结果评价，14日收益不能判定其有效性。
E01,D:\drive\Investment\分析报告\公司排序\07_输入扩展对照方案_待验证\E01_风险调整赔率_公司行业扩展\迭代版本\R02_2026-07-12_独立自洽版\01_研究方案.md,1,# 风险调整赔率全公司排序研究方案（公司与行业资料输入）
E01,D:\drive\Investment\分析报告\公司排序\07_输入扩展对照方案_待验证\E01_风险调整赔率_公司行业扩展\迭代版本\R02_2026-07-12_独立自洽版\01_研究方案.md,3,## 研究目标与唯一输出
E01,D:\drive\Investment\分析报告\公司排序\07_输入扩展对照方案_待验证\E01_风险调整赔率_公司行业扩展\迭代版本\R02_2026-07-12_独立自洽版\01_研究方案.md,5,对统一截止时点下的全部公司做连续排名，优先寻找可验证上行、估值缓冲和下行边界同时成立的公司。高质量但没有赔率、赔率很大但缺少兑现证据、或近期下跌仍未解释的公司均不得机械进入前列。
E01,D:\drive\Investment\分析报告\公司排序\07_输入扩展对照方案_待验证\E01_风险调整赔率_公司行业扩展\迭代版本\R02_2026-07-12_独立自洽版\01_研究方案.md,7,完整结果只能写入：
E01,D:\drive\Investment\分析报告\公司排序\07_输入扩展对照方案_待验证\E01_风险调整赔率_公司行业扩展\迭代版本\R02_2026-07-12_独立自洽版\01_研究方案.md,11,不得创建或修改其他文件。
E01,D:\drive\Investment\分析报告\公司排序\07_输入扩展对照方案_待验证\E01_风险调整赔率_公司行业扩展\迭代版本\R02_2026-07-12_独立自洽版\01_研究方案.md,13,## 输入边界与时间截止
E01,D:\drive\Investment\分析报告\公司排序\07_输入扩展对照方案_待验证\E01_风险调整赔率_公司行业扩展\迭代版本\R02_2026-07-12_独立自洽版\01_研究方案.md,15,只能读取：
E01,D:\drive\Investment\分析报告\公司排序\07_输入扩展对照方案_待验证\E01_风险调整赔率_公司行业扩展\迭代版本\R02_2026-07-12_独立自洽版\01_研究方案.md,22,不得读取任何排序结果、效果验证、特征量化、备份资料、外部网页或未列出的本地资料。
E01,D:\drive\Investment\分析报告\公司排序\07_输入扩展对照方案_待验证\E01_风险调整赔率_公司行业扩展\迭代版本\R02_2026-07-12_独立自洽版\01_研究方案.md,24,1. 选择执行时点以前日期最新、覆盖完整的每日金融主文件；“补充字段校验”文件只能与同日主文件合并。
E01,D:\drive\Investment\分析报告\公司排序\07_输入扩展对照方案_待验证\E01_风险调整赔率_公司行业扩展\迭代版本\R02_2026-07-12_独立自洽版\01_研究方案.md,30,7. 区间价格和估值变化只能由价格截止日及以前的每日金融文件计算，并采用可确认的复权口径。
E01,D:\drive\Investment\分析报告\公司排序\07_输入扩展对照方案_待验证\E01_风险调整赔率_公司行业扩展\迭代版本\R02_2026-07-12_独立自洽版\01_研究方案.md,32,## 统一评分
E01,D:\drive\Investment\分析报告\公司排序\07_输入扩展对照方案_待验证\E01_风险调整赔率_公司行业扩展\迭代版本\R02_2026-07-12_独立自洽版\01_研究方案.md,36,| 分项 | 权重 |
E01,D:\drive\Investment\分析报告\公司排序\07_输入扩展对照方案_待验证\E01_风险调整赔率_公司行业扩展\迭代版本\R02_2026-07-12_独立自洽版\01_研究方案.md,38,| 上行质量 | 18% |
E01,D:\drive\Investment\分析报告\公司排序\07_输入扩展对照方案_待验证\E01_风险调整赔率_公司行业扩展\迭代版本\R02_2026-07-12_独立自洽版\01_研究方案.md,39,| 下行边界 | 16% |
E01,D:\drive\Investment\分析报告\公司排序\07_输入扩展对照方案_待验证\E01_风险调整赔率_公司行业扩展\迭代版本\R02_2026-07-12_独立自洽版\01_研究方案.md,40,| 财务韧性 | 12% |
E01,D:\drive\Investment\分析报告\公司排序\07_输入扩展对照方案_待验证\E01_风险调整赔率_公司行业扩展\迭代版本\R02_2026-07-12_独立自洽版\01_研究方案.md,41,| 估值缓冲 | 15% |
E01,D:\drive\Investment\分析报告\公司排序\07_输入扩展对照方案_待验证\E01_风险调整赔率_公司行业扩展\迭代版本\R02_2026-07-12_独立自洽版\01_研究方案.md,42,| 负面触发控制 | 12% |
E01,D:\drive\Investment\分析报告\公司排序\07_输入扩展对照方案_待验证\E01_风险调整赔率_公司行业扩展\迭代版本\R02_2026-07-12_独立自洽版\01_研究方案.md,43,| 催化兑现 | 13% |
E01,D:\drive\Investment\分析报告\公司排序\07_输入扩展对照方案_待验证\E01_风险调整赔率_公司行业扩展\迭代版本\R02_2026-07-12_独立自洽版\01_研究方案.md,44,| 假设稳健性 | 9% |
E01,D:\drive\Investment\分析报告\公司排序\07_输入扩展对照方案_待验证\E01_风险调整赔率_公司行业扩展\迭代版本\R02_2026-07-12_独立自洽版\01_研究方案.md,45,| 资料完整性 | 5% |
E01,D:\drive\Investment\分析报告\公司排序\07_输入扩展对照方案_待验证\E01_风险调整赔率_公司行业扩展\迭代版本\R02_2026-07-12_独立自洽版\01_研究方案.md,47,`基础分 = 0.18×上行质量 + 0.16×下行边界 + 0.12×财务韧性 + 0.15×估值缓冲 + 0.12×负面触发控制 + 0.13×催化兑现 + 0.09×假设稳健性 + 0.05×资料完整性`
E01,D:\drive\Investment\分析报告\公司排序\07_输入扩展对照方案_待验证\E01_风险调整赔率_公司行业扩展\迭代版本\R02_2026-07-12_独立自洽版\01_研究方案.md,49,## 价格确认调整
E01,D:\drive\Investment\分析报告\公司排序\07_输入扩展对照方案_待验证\E01_风险调整赔率_公司行业扩展\迭代版本\R02_2026-07-12_独立自洽版\01_研究方案.md,51,- 20日复权收益位于全样本前40%、5日收益不在后30%，且有可验证经营改善或催化兑现：加6分；两类证据同时成立再加4分。
E01,D:\drive\Investment\分析报告\公司排序\07_输入扩展对照方案_待验证\E01_风险调整赔率_公司行业扩展\迭代版本\R02_2026-07-12_独立自洽版\01_研究方案.md,52,- 20日收益位于后30%：扣6分；没有可验证的风险出清、错杀解释或经营缓释时再扣4分。
E01,D:\drive\Investment\分析报告\公司排序\07_输入扩展对照方案_待验证\E01_风险调整赔率_公司行业扩展\迭代版本\R02_2026-07-12_独立自洽版\01_研究方案.md,58,## 前排门槛与冲突处理
E01,D:\drive\Investment\分析报告\公司排序\07_输入扩展对照方案_待验证\E01_风险调整赔率_公司行业扩展\迭代版本\R02_2026-07-12_独立自洽版\01_研究方案.md,60,- Top20要求下行边界不低于55、负面触发控制不低于50，且不能同时存在两项未解除核心风险。
E01,D:\drive\Investment\分析报告\公司排序\07_输入扩展对照方案_待验证\E01_风险调整赔率_公司行业扩展\迭代版本\R02_2026-07-12_独立自洽版\01_研究方案.md,64,- 不得按公司名称、代码、行业标签或资料数量直接加减分。
E01,D:\drive\Investment\分析报告\公司排序\07_输入扩展对照方案_待验证\E01_风险调整赔率_公司行业扩展\迭代版本\R02_2026-07-12_独立自洽版\01_研究方案.md,66,## 输出要求
E01,D:\drive\Investment\分析报告\公司排序\07_输入扩展对照方案_待验证\E01_风险调整赔率_公司行业扩展\迭代版本\R02_2026-07-12_独立自洽版\01_研究方案.md,68,先逐公司形成评分卡，再做横截面排序和相邻名次复核；不得根据结果改变权重或门槛。
E02,D:\drive\Investment\分析报告\公司排序\07_输入扩展对照方案_待验证\E02_预期兑现概率_公司行业扩展\迭代版本\R02_2026-07-12_独立自洽版\01_研究方案.md,1,# 预期兑现概率全公司排序研究方案（公司与行业资料输入）
E02,D:\drive\Investment\分析报告\公司排序\07_输入扩展对照方案_待验证\E02_预期兑现概率_公司行业扩展\迭代版本\R02_2026-07-12_独立自洽版\01_研究方案.md,3,## 研究目标与唯一输出
E02,D:\drive\Investment\分析报告\公司排序\07_输入扩展对照方案_待验证\E02_预期兑现概率_公司行业扩展\迭代版本\R02_2026-07-12_独立自洽版\01_研究方案.md,5,对统一截止时点下的全部公司做连续排名，判断未来两个至四个季度的收入、利润、订单、交付、验收和现金流预期能否兑现。长期叙事必须转换为短窗口可验证桥梁，估值空间和价格上涨本身不得被当作经营兑现。
E02,D:\drive\Investment\分析报告\公司排序\07_输入扩展对照方案_待验证\E02_预期兑现概率_公司行业扩展\迭代版本\R02_2026-07-12_独立自洽版\01_研究方案.md,7,完整结果只能写入：
E02,D:\drive\Investment\分析报告\公司排序\07_输入扩展对照方案_待验证\E02_预期兑现概率_公司行业扩展\迭代版本\R02_2026-07-12_独立自洽版\01_研究方案.md,11,不得创建或修改其他文件。
E02,D:\drive\Investment\分析报告\公司排序\07_输入扩展对照方案_待验证\E02_预期兑现概率_公司行业扩展\迭代版本\R02_2026-07-12_独立自洽版\01_研究方案.md,13,## 输入边界与时间截止
E02,D:\drive\Investment\分析报告\公司排序\07_输入扩展对照方案_待验证\E02_预期兑现概率_公司行业扩展\迭代版本\R02_2026-07-12_独立自洽版\01_研究方案.md,15,只能读取：
E02,D:\drive\Investment\分析报告\公司排序\07_输入扩展对照方案_待验证\E02_预期兑现概率_公司行业扩展\迭代版本\R02_2026-07-12_独立自洽版\01_研究方案.md,22,不得读取任何排序结果、效果验证、特征量化、备份资料、外部网页或未列出的资料。
E02,D:\drive\Investment\分析报告\公司排序\07_输入扩展对照方案_待验证\E02_预期兑现概率_公司行业扩展\迭代版本\R02_2026-07-12_独立自洽版\01_研究方案.md,24,选择执行时点以前最新且覆盖完整的每日金融主文件，同日补充文件只能用于校验。主文件生成时间是资料截止时点，价格日期单独记录。样本池取主文件全部公司。每家公司使用截止时点以前最新的一份正式公司评估、最多一份最新正式公司调研，以及一份与主营收入传导直接相关的最新正式行业报告。
E02,D:\drive\Investment\分析报告\公司排序\07_输入扩展对照方案_待验证\E02_预期兑现概率_公司行业扩展\迭代版本\R02_2026-07-12_独立自洽版\01_研究方案.md,26,公司评估是标准化主输入；公司和行业资料只补充更新事实、引用链、行业传导和反证。每家公司执行相同选择规则，不得只深读预选前排公司。同一事实只计一次；冲突列明文件和日期，采用更新、更直接且可量化的证据并降低置信度。缺少扩展资料不直接扣经营分，资料数量不加分。区间指标只使用价格截止日及以前的可确认复权数据。
E02,D:\drive\Investment\分析报告\公司排序\07_输入扩展对照方案_待验证\E02_预期兑现概率_公司行业扩展\迭代版本\R02_2026-07-12_独立自洽版\01_研究方案.md,28,## 证据分档
E02,D:\drive\Investment\分析报告\公司排序\07_输入扩展对照方案_待验证\E02_预期兑现概率_公司行业扩展\迭代版本\R02_2026-07-12_独立自洽版\01_研究方案.md,30,0=缺失或纯叙事；25=定性机会；50=量化目标或客户认证；75=正式订单、RPO、合同或交付计划；100=收入、利润、FCF或连续季度兑现。同一事实只能进入一个主评分项。
E02,D:\drive\Investment\分析报告\公司排序\07_输入扩展对照方案_待验证\E02_预期兑现概率_公司行业扩展\迭代版本\R02_2026-07-12_独立自洽版\01_研究方案.md,32,## 固定评分
E02,D:\drive\Investment\分析报告\公司排序\07_输入扩展对照方案_待验证\E02_预期兑现概率_公司行业扩展\迭代版本\R02_2026-07-12_独立自洽版\01_研究方案.md,34,| 分项 | 权重 |
E02,D:\drive\Investment\分析报告\公司排序\07_输入扩展对照方案_待验证\E02_预期兑现概率_公司行业扩展\迭代版本\R02_2026-07-12_独立自洽版\01_研究方案.md,36,| 兑现条件清晰度 | 25% |
E02,D:\drive\Investment\分析报告\公司排序\07_输入扩展对照方案_待验证\E02_预期兑现概率_公司行业扩展\迭代版本\R02_2026-07-12_独立自洽版\01_研究方案.md,37,| 证据新鲜度 | 10% |
E02,D:\drive\Investment\分析报告\公司排序\07_输入扩展对照方案_待验证\E02_预期兑现概率_公司行业扩展\迭代版本\R02_2026-07-12_独立自洽版\01_研究方案.md,38,| 可量化桥梁 | 25% |
E02,D:\drive\Investment\分析报告\公司排序\07_输入扩展对照方案_待验证\E02_预期兑现概率_公司行业扩展\迭代版本\R02_2026-07-12_独立自洽版\01_研究方案.md,39,| 负面证据闭环 | 15% |
E02,D:\drive\Investment\分析报告\公司排序\07_输入扩展对照方案_待验证\E02_预期兑现概率_公司行业扩展\迭代版本\R02_2026-07-12_独立自洽版\01_研究方案.md,40,| 阻力解除 | 10% |
E02,D:\drive\Investment\分析报告\公司排序\07_输入扩展对照方案_待验证\E02_预期兑现概率_公司行业扩展\迭代版本\R02_2026-07-12_独立自洽版\01_研究方案.md,41,| 估值反映状态 | 15% |
E02,D:\drive\Investment\分析报告\公司排序\07_输入扩展对照方案_待验证\E02_预期兑现概率_公司行业扩展\迭代版本\R02_2026-07-12_独立自洽版\01_研究方案.md,43,`基本面主分 = 0.25×条件 + 0.10×新鲜度 + 0.25×桥梁 + 0.15×负面闭环 + 0.10×阻力解除 + 0.15×估值反映`
E02,D:\drive\Investment\分析报告\公司排序\07_输入扩展对照方案_待验证\E02_预期兑现概率_公司行业扩展\迭代版本\R02_2026-07-12_独立自洽版\01_研究方案.md,45,## 价格状态校验
E02,D:\drive\Investment\分析报告\公司排序\07_输入扩展对照方案_待验证\E02_预期兑现概率_公司行业扩展\迭代版本\R02_2026-07-12_独立自洽版\01_研究方案.md,49,- 确认且桥梁不低于60：加5分；负面闭环也不低于60时再加3分。
E02,D:\drive\Investment\分析报告\公司排序\07_输入扩展对照方案_待验证\E02_预期兑现概率_公司行业扩展\迭代版本\R02_2026-07-12_独立自洽版\01_研究方案.md,56,## 门槛
E02,D:\drive\Investment\分析报告\公司排序\07_输入扩展对照方案_待验证\E02_预期兑现概率_公司行业扩展\迭代版本\R02_2026-07-12_独立自洽版\01_研究方案.md,58,- Top20要求可量化桥梁不低于60、负面证据闭环不低于50，且至少一个验证节点位于未来两个报告期内。
E02,D:\drive\Investment\分析报告\公司排序\07_输入扩展对照方案_待验证\E02_预期兑现概率_公司行业扩展\迭代版本\R02_2026-07-12_独立自洽版\01_研究方案.md,59,- 缺少可量化桥梁时不得进入最高档。
E02,D:\drive\Investment\分析报告\公司排序\07_输入扩展对照方案_待验证\E02_预期兑现概率_公司行业扩展\迭代版本\R02_2026-07-12_独立自洽版\01_研究方案.md,62,- 不得按公司名称、代码、行业标签或资料数量设置优先级。
E02,D:\drive\Investment\分析报告\公司排序\07_输入扩展对照方案_待验证\E02_预期兑现概率_公司行业扩展\迭代版本\R02_2026-07-12_独立自洽版\01_研究方案.md,64,## 输出要求
E02,D:\drive\Investment\分析报告\公司排序\07_输入扩展对照方案_待验证\E02_预期兑现概率_公司行业扩展\迭代版本\R02_2026-07-12_独立自洽版\01_研究方案.md,66,逐公司完成证据卡后再排序，权重和门槛不得按结果调整。输出输入审计、扩展资料覆盖率、Top20、Bottom20和完整连续排名。
E03,D:\drive\Investment\分析报告\公司排序\07_输入扩展对照方案_待验证\E03_超高增长多倍价值_公司行业扩展\迭代版本\R02_2026-07-12_独立自洽版\01_研究方案.md,1,# 超高增长与多倍价值全公司排序研究方案（公司与行业资料输入）
E03,D:\drive\Investment\分析报告\公司排序\07_输入扩展对照方案_待验证\E03_超高增长多倍价值_公司行业扩展\迭代版本\R02_2026-07-12_独立自洽版\01_研究方案.md,3,## 研究目标与唯一输出
E03,D:\drive\Investment\分析报告\公司排序\07_输入扩展对照方案_待验证\E03_超高增长多倍价值_公司行业扩展\迭代版本\R02_2026-07-12_独立自洽版\01_研究方案.md,5,对统一截止时点下的全部公司评估未来24–60个月经营规模多倍增长的可能性，以及计入融资、稀释、资本开支和保守估值后每股价值仍可多倍增长的可投资性。
E03,D:\drive\Investment\分析报告\公司排序\07_输入扩展对照方案_待验证\E03_超高增长多倍价值_公司行业扩展\迭代版本\R02_2026-07-12_独立自洽版\01_研究方案.md,7,完整结果只能写入：
E03,D:\drive\Investment\分析报告\公司排序\07_输入扩展对照方案_待验证\E03_超高增长多倍价值_公司行业扩展\迭代版本\R02_2026-07-12_独立自洽版\01_研究方案.md,11,不得创建或修改其他文件。
E03,D:\drive\Investment\分析报告\公司排序\07_输入扩展对照方案_待验证\E03_超高增长多倍价值_公司行业扩展\迭代版本\R02_2026-07-12_独立自洽版\01_研究方案.md,13,## 输入边界与快照
E03,D:\drive\Investment\分析报告\公司排序\07_输入扩展对照方案_待验证\E03_超高增长多倍价值_公司行业扩展\迭代版本\R02_2026-07-12_独立自洽版\01_研究方案.md,15,只能读取：
E03,D:\drive\Investment\分析报告\公司排序\07_输入扩展对照方案_待验证\E03_超高增长多倍价值_公司行业扩展\迭代版本\R02_2026-07-12_独立自洽版\01_研究方案.md,22,不得读取任何排序结果、效果验证、特征量化、备份、外部搜索或未列出的资料。
E03,D:\drive\Investment\分析报告\公司排序\07_输入扩展对照方案_待验证\E03_超高增长多倍价值_公司行业扩展\迭代版本\R02_2026-07-12_独立自洽版\01_研究方案.md,30,## 双层评价与里程碑树
E03,D:\drive\Investment\分析报告\公司排序\07_输入扩展对照方案_待验证\E03_超高增长多倍价值_公司行业扩展\迭代版本\R02_2026-07-12_独立自洽版\01_研究方案.md,34,抽取当前收入与运行率、NTM情景、24–36个月合同/产能/客户/产品节点、毛利率、单位经济、经营利润、FCF、现金、债务、CapEx、融资、股份数、潜在稀释、EV和估值倍数。
E03,D:\drive\Investment\分析报告\公司排序\07_输入扩展对照方案_待验证\E03_超高增长多倍价值_公司行业扩展\迭代版本\R02_2026-07-12_独立自洽版\01_研究方案.md,36,建立最多六步里程碑树：需求或合同→产品/产能就绪→交付→客户验收→收入确认→毛利与FCF。每步标记已完成、已量化未完成、定性未完成或无证据。超过NTM的推导必须列假设；同时依赖超过两个未验证条件时不得进入A级。
E03,D:\drive\Investment\分析报告\公司排序\07_输入扩展对照方案_待验证\E03_超高增长多倍价值_公司行业扩展\迭代版本\R02_2026-07-12_独立自洽版\01_研究方案.md,38,## 固定评分
E03,D:\drive\Investment\分析报告\公司排序\07_输入扩展对照方案_待验证\E03_超高增长多倍价值_公司行业扩展\迭代版本\R02_2026-07-12_独立自洽版\01_研究方案.md,40,| 分项 | 权重 |
E03,D:\drive\Investment\分析报告\公司排序\07_输入扩展对照方案_待验证\E03_超高增长多倍价值_公司行业扩展\迭代版本\R02_2026-07-12_独立自洽版\01_研究方案.md,42,| 收入规模跃迁 | 20% |
E03,D:\drive\Investment\分析报告\公司排序\07_输入扩展对照方案_待验证\E03_超高增长多倍价值_公司行业扩展\迭代版本\R02_2026-07-12_独立自洽版\01_研究方案.md,43,| 需求与客户证据 | 20% |
E03,D:\drive\Investment\分析报告\公司排序\07_输入扩展对照方案_待验证\E03_超高增长多倍价值_公司行业扩展\迭代版本\R02_2026-07-12_独立自洽版\01_研究方案.md,44,| 产品与产能准备 | 15% |
E03,D:\drive\Investment\分析报告\公司排序\07_输入扩展对照方案_待验证\E03_超高增长多倍价值_公司行业扩展\迭代版本\R02_2026-07-12_独立自洽版\01_研究方案.md,45,| 毛利、单位经济与FCF | 15% |
E03,D:\drive\Investment\分析报告\公司排序\07_输入扩展对照方案_待验证\E03_超高增长多倍价值_公司行业扩展\迭代版本\R02_2026-07-12_独立自洽版\01_研究方案.md,46,| 竞争优势与份额持续 | 10% |
E03,D:\drive\Investment\分析报告\公司排序\07_输入扩展对照方案_待验证\E03_超高增长多倍价值_公司行业扩展\迭代版本\R02_2026-07-12_独立自洽版\01_研究方案.md,47,| 资金、CapEx与稀释承受 | 10% |
E03,D:\drive\Investment\分析报告\公司排序\07_输入扩展对照方案_待验证\E03_超高增长多倍价值_公司行业扩展\迭代版本\R02_2026-07-12_独立自洽版\01_研究方案.md,48,| 保守每股价值空间 | 10% |
E03,D:\drive\Investment\分析报告\公司排序\07_输入扩展对照方案_待验证\E03_超高增长多倍价值_公司行业扩展\迭代版本\R02_2026-07-12_独立自洽版\01_研究方案.md,52,证据校准后的24–36个月基准收入倍率分：<1.3倍=20；1.3–1.8倍=45；1.8–2.5倍=70；2.5–3倍=85；≥3倍=100。只有乐观情景达到多倍时最高70。
E03,D:\drive\Investment\分析报告\公司排序\07_输入扩展对照方案_待验证\E03_超高增长多倍价值_公司行业扩展\迭代版本\R02_2026-07-12_独立自洽版\01_研究方案.md,54,## 每股价值与分层
E03,D:\drive\Investment\分析报告\公司排序\07_输入扩展对照方案_待验证\E03_超高增长多倍价值_公司行业扩展\迭代版本\R02_2026-07-12_独立自洽版\01_研究方案.md,56,至少计算倍数压缩至当前有效倍数70%、倍数不变、乐观但不高于当前倍数三种情景。盈利公司优先用EV/EBITDA或Forward PE，未盈利公司用EV/Revenue；均须扣除净债务、未来融资和完全稀释股份。
E03,D:\drive\Investment\分析报告\公司排序\07_输入扩展对照方案_待验证\E03_超高增长多倍价值_公司行业扩展\迭代版本\R02_2026-07-12_独立自洽版\01_研究方案.md,58,- A：24–36个月基准收入至少约1.8倍或3–5年基准至少约2.5倍；有正式合同/RPO/收入等证据；至少两类独立支撑；不依赖超过两个未验证条件；基准融资下股本增长不超过25%或稀释后每股价值仍至少约2倍；资金跑道至少24个月或有自我融资路径；倍数压缩下仍有正向空间。
E03,D:\drive\Investment\分析报告\公司排序\07_输入扩展对照方案_待验证\E03_超高增长多倍价值_公司行业扩展\迭代版本\R02_2026-07-12_独立自洽版\01_研究方案.md,60,- C：空间大但合同、产能、单位经济、融资或商业化证据不足；不得进入Top20。
E03,D:\drive\Investment\分析报告\公司排序\07_输入扩展对照方案_待验证\E03_超高增长多倍价值_公司行业扩展\迭代版本\R02_2026-07-12_独立自洽版\01_研究方案.md,63,负FCF且资金跑道不足24个月、客户集中超过50%且订单可取消、或只有NTM外推时最高B。主要依赖题材、高IV或倍数扩张时最高C。同一合同不得重复加分。
E03,D:\drive\Investment\分析报告\公司排序\07_输入扩展对照方案_待验证\E03_超高增长多倍价值_公司行业扩展\迭代版本\R02_2026-07-12_独立自洽版\01_研究方案.md,65,## 输出要求
E03,D:\drive\Investment\分析报告\公司排序\07_输入扩展对照方案_待验证\E03_超高增长多倍价值_公司行业扩展\迭代版本\R02_2026-07-12_独立自洽版\01_研究方案.md,67,输出输入审计、公司与行业资料覆盖、A/B/C/D候选池、Top20、Bottom20和完整排名。每行至少包含：排名、代码、公司、经营潜力分、可投资价值分、层级、当前收入、24–36个月收入、3–5年路径、客户证据、产品与产能、毛利/FCF、资金跑道、CapEx、稀释、三种每股价值倍数、实际使用文件、资料冲突、未验证条件、升级/降级里程碑和一句结论。
E03,D:\drive\Investment\分析报告\公司排序\07_输入扩展对照方案_待验证\E03_超高增长多倍价值_公司行业扩展\迭代版本\R02_2026-07-12_独立自洽版\01_研究方案.md,69,文末记录全部输入文件、新增/反证事实和数据缺口。该榜只能用经营里程碑和12/24/36/60个月生成后结果评价，14日收益不能判定其有效性。
