schema_version,display_order,method_id,site_publish,site_group,site_default,consensus_eligible,evidence_label,reason
1,1,01,true,实证优先,true,true,前身短窗正向,前身版本14个交易日生成后样本外Rank IC为+0.538且Top10相对全体领先13.4个百分点；当前版本仍待生成后验证。 原默认05停止独立发布后，改用01旧榜作为展示默认；不代表新方案已有结果。
1,2,02,true,实证优先,false,true,前身短窗正向,两个前身版本14个交易日生成后样本外Rank IC均为正且Top10均跑赢全体；当前版本仍待生成后验证。
1,3,03,false,不发布,false,false,职责调整；旧结果留存,独立职责已并入联合研究/审查或仅保留实验；不再公开旧独立收益名次或重复计票。
1,4,04,true,实证优先,false,true,前身短窗正向,两个前身版本14个交易日生成后样本外Rank IC均超过+0.42；当前3个月和6个月历史回看反向，必须同时展示冲突。
1,5,05,false,不发布,false,false,职责调整；旧结果留存,独立职责已并入联合研究/审查或仅保留实验；不再公开旧独立收益名次或重复计票。
1,6,06,true,在用观察,false,true,前身反向、回看正向,当前三视图历史回看转为正向，但前身版本生成后样本明显反向；保留用于观察冲突，不视为已验证。
1,7,07,true,在用观察,false,true,有限且混合,32个交易日前身版本温和正向，14个交易日版本接近无区分；当前6个月历史回看为正。
1,8,08,false,不发布,false,false,职责调整；旧结果留存,独立职责已并入联合研究/审查或仅保留实验；不再公开旧独立收益名次或重复计票。
1,9,09,false,不发布,false,false,职责调整；旧结果留存,独立职责已并入联合研究/审查或仅保留实验；不再公开旧独立收益名次或重复计票。
1,10,10,false,不发布,false,false,生成后反向,前身版本生成后明显反向；虽然当前生成前历史回看为正，方案仍处于冻结待重构。
1,11,11,false,不发布,false,false,结果冲突且冻结,前身Rank IC为正但Top10显著落后全体，当前3个月和6个月历史回看均反向。
1,12,12,false,不发布,false,false,生成后偏弱,两个前身版本生成后Top10均显著落后全体且Rank IC略为负，方案冻结。
1,13,13,true,历史候选,false,false,仅历史回看正向,当前3个月和6个月生成前历史回看较强，但没有严格生成后样本；只作为候选研究入口。
1,14,14,false,不发布,false,false,证据不足且冻结,没有严格生成后样本，6个月历史回看区分较弱，当前只保留方法实验。
1,15,15,false,不发布,false,false,已退出,已经退出一般排序和综合投票，仅在研究目录保留历史。
1,16,16,false,不发布,false,false,已退出,已经退出一般排序和综合投票，仅在研究目录保留历史。
1,17,17,false,不发布,false,false,已退出,已经退出一般排序，仅保留高失败率右尾候选池历史。
1,18,N01,false,不发布,false,false,职责调整；旧结果留存,独立职责已并入联合研究/审查或仅保留实验；不再公开旧独立收益名次或重复计票。
1,19,N02,false,不发布,false,false,职责调整；旧结果留存,独立职责已并入联合研究/审查或仅保留实验；不再公开旧独立收益名次或重复计票。
1,20,N03,false,不发布,false,false,尚无区分力,没有生成后样本，当前3个月和6个月历史回看接近零。
1,21,N04,false,不发布,false,false,职责调整；旧结果留存,独立职责已并入联合研究/审查或仅保留实验；不再公开旧独立收益名次或重复计票。
1,22,N05,false,不发布,false,false,职责调整；旧结果留存,独立职责已并入联合研究/审查或仅保留实验；不再公开旧独立收益名次或重复计票。
1,23,N06,true,历史候选,false,false,仅历史回看正向,当前3个月和6个月生成前历史回看均为正，但行业中性证据较弱且没有生成后样本。
1,24,E01,false,不发布,false,false,历史回看反向,输入扩展改变了排名，但当前3个月和6个月历史回看仍为负且没有生成后样本。
1,25,E02,false,不发布,false,false,尚未转为正向,输入扩展改善了部分原始指标，但当前历史回看仍为负且没有生成后样本。
1,26,E03,true,历史候选,false,false,扩展输入候选,相对N06在3个月和6个月原始及行业中性历史指标均改善，但没有生成后样本。
