date,SPY,QQQ,SOXX,IWF,IWD,ARKK,KBE,KRE,XLF
1993-02-01,24.43328857421875,,,,,,,,
1993-03-01,24.863174438476562,,,,,,,,
1993-04-01,24.34138298034668,,,,,,,,
1993-05-01,24.99785614013672,,,,,,,,
1993-06-01,24.911495208740234,,,,,,,,
1993-07-01,24.966251373291016,,,,,,,,
1993-08-01,25.92314910888672,,,,,,,,
1993-09-01,25.57518768310547,,,,,,,,
1993-10-01,26.242219924926758,,,,,,,,
1993-11-01,25.96211051940918,,,,,,,,
1993-12-01,26.10216522216797,,,,,,,,
1994-01-01,27.197412490844727,,,,,,,,
1994-02-01,26.404224395751953,,,,,,,,
1994-03-01,25.152761459350586,,,,,,,,
1994-04-01,25.58149528503418,,,,,,,,
1994-05-01,25.989246368408203,,,,,,,,
1994-06-01,25.226957321166992,,,,,,,,
1994-07-01,26.214616775512695,,,,,,,,
1994-08-01,27.21394157409668,,,,,,,,
1994-09-01,26.366300582885742,,,,,,,,
1994-10-01,27.280710220336914,,,,,,,,
1994-11-01,26.19451904296875,,,,,,,,
1994-12-01,26.176555633544922,,,,,,,,
1995-01-01,27.27202033996582,,,,,,,,
1995-02-01,28.384971618652344,,,,,,,,
1995-03-01,29.01837730407715,,,,,,,,
1995-04-01,30.03968620300293,,,,,,,,
1995-05-01,31.231449127197266,,,,,,,,
1995-06-01,31.6772403717041,,,,,,,,
1995-07-01,32.888145446777344,,,,,,,,
1995-08-01,33.0345573425293,,,,,,,,
1995-09-01,34.25163269042969,,,,,,,,
1995-10-01,34.33327102661133,,,,,,,,
1995-11-01,35.86038589477539,,,,,,,,
1995-12-01,36.20079803466797,,,,,,,,
1996-01-01,37.72053146362305,,,,,,,,
1996-02-01,37.840843200683594,,,,,,,,
1996-03-01,38.322181701660156,,,,,,,,
1996-04-01,38.91080856323242,,,,,,,,
1996-05-01,39.79407501220703,,,,,,,,
1996-06-01,39.933555603027344,,,,,,,,
1996-07-01,38.34116744995117,,,,,,,,
1996-08-01,39.07957458496094,,,,,,,,
1996-09-01,41.05178451538086,,,,,,,,
1996-10-01,42.597145080566406,,,,,,,,
1996-11-01,45.7069206237793,,,,,,,,
1996-12-01,44.40097427368164,,,,,,,,
1997-01-01,47.37602996826172,,,,,,,,
1997-02-01,47.829227447509766,,,,,,,,
1997-03-01,45.54443359375,,,,,,,,
1997-04-01,48.58103561401367,,,,,,,,
1997-05-01,51.65169143676758,,,,,,,,
1997-06-01,53.56610107421875,,,,,,,,
1997-07-01,58.03710174560547,,,,,,,,
1997-08-01,55.03059768676758,,,,,,,,
1997-09-01,57.46623611450195,,,,,,,,
1997-10-01,56.263763427734375,,,,,,,,
1997-11-01,58.440982818603516,,,,,,,,
1997-12-01,59.31947708129883,,,,,,,,
1998-01-01,60.322509765625,,,,,,,,
1998-02-01,64.50249481201172,,,,,,,,
1998-03-01,67.45535278320312,,,,,,,,
1998-04-01,68.51451873779297,,,,,,,,
1998-05-01,67.09152221679688,,,,,,,,
1998-06-01,69.72598266601562,,,,,,,,
1998-07-01,69.00262451171875,,,,,,,,
1998-08-01,59.26084899902344,,,,,,,,
1998-09-01,62.810298919677734,,,,,,,,
1998-10-01,68.14286041259766,,,,,,,,
1998-11-01,71.93721771240234,,,,,,,,
1998-12-01,76.38968658447266,,,,,,,,
1999-01-01,79.34327697753906,,,,,,,,11.417850494384766
1999-02-01,76.79886627197266,,,,,,,,11.597417831420898
1999-03-01,79.79003143310547,,,,,,,,11.941604614257812
1999-04-01,83.02088165283203,45.31504821777344,,,,,,,12.813532829284668
1999-05-01,81.1225814819336,43.891544342041016,,,,,,,12.040821075439453
1999-06-01,85.35733032226562,48.61021041870117,,,,,,,12.52845573425293
1999-07-01,82.9590835571289,47.740291595458984,,,,,,,11.795881271362305
1999-08-01,82.52938079833984,50.35004806518555,,,,,,,11.276806831359863
1999-09-01,80.4593505859375,50.77183532714844,,,,,,,10.652406692504883
1999-10-01,85.85614013671875,55.464134216308594,,,,,,,12.348608016967773
1999-11-01,87.28573608398438,62.001731872558594,,,,,,,11.805150032043457
1999-12-01,92.0446548461914,77.08036804199219,,,,,,,11.480586051940918
2000-01-01,87.67671203613281,75.65691375732422,,,,,,,11.18181324005127
2000-02-01,86.3416976928711,90.05015563964844,,,,,,,9.984843254089355
2000-03-01,94.46939849853516,92.36995697021484,,,,,,,11.76514720916748
2000-04-01,91.38325500488281,79.92742919921875,,,,,,,11.922369003295898
2000-05-01,89.94646453857422,70.12100219726562,,,,,,,12.18848991394043
2000-06-01,91.50132751464844,78.82022094726562,,16.528554916381836,30.88198471069336,,,,11.557401657104492
2000-07-01,90.27658081054688,75.4460220336914,,15.886523246765137,30.875993728637695,,,,12.619725227355957
2000-08-01,96.1753921508789,85.72692108154297,,17.3883056640625,32.71815490722656,,,,13.901535034179688
2000-09-01,90.671142578125,74.86605834960938,,15.770095825195312,32.73579025268555,,,,14.160957336425781
2000-10-01,90.47379302978516,68.92158508300781,,14.94251823425293,33.69306945800781,,,,14.08130168914795
2000-11-01,83.71965789794922,53.13115310668945,,12.729371070861816,32.419647216796875,,,,13.3619384765625
2000-12-01,83.0273666381836,49.242881774902344,,12.353035926818848,33.967220306396484,,,,14.448647499084473
2001-01-01,86.98473358154297,54.240962982177734,,13.283052444458008,34.09427261352539,,,,14.467669486999512
2001-02-01,78.68742370605469,40.02699661254883,,10.925236701965332,33.174495697021484,,,,13.494314193725586
2001-03-01,74.07857513427734,33.025428771972656,,9.718557357788086,31.851613998413086,,,,13.046956062316895
2001-04-01,80.62435913085938,38.93033218383789,,10.983777046203613,33.56832504272461,,,,13.563624382019043
2001-05-01,80.17240142822266,37.73249053955078,,10.841922760009766,34.30859375,,,,14.160419464111328
2001-06-01,78.03996276855469,38.55073547363281,,10.696239471435547,33.3803825378418,,,,14.007529258728027
2001-07-01,77.46400451660156,35.227115631103516,,10.310759544372559,33.544944763183594,,,,13.925413131713867
2001-08-01,72.86785888671875,30.899641036987305,18.851211547851562,9.46702766418457,32.162925720214844,,,,13.004652976989746
2001-09-01,66.66947174072266,24.44640350341797,13.130667686462402,8.533170700073242,29.724435806274414,,,,12.217540740966797
2001-10-01,67.79103088378906,28.596721649169922,15.943024635314941,8.970378875732422,29.501724243164062,,,,12.097867012023926
2001-11-01,73.07720184326172,33.44718933105469,18.577362060546875,9.820034980773926,31.32061195373535,,,,12.883515357971191
2001-12-01,73.23743438720703,32.822959899902344,18.210426330566406,9.785460472106934,31.80864143371582,,,,13.077427864074707
2002-01-01,72.7691879272461,32.485530853271484,18.988130569458008,9.609315872192383,31.75862693786621,,,,12.984633445739746
2002-02-01,71.46401977539062,28.495481491088867,16.8959903717041,9.261185646057129,31.92011833190918,,,,12.759892463684082
2002-03-01,73.63074493408203,30.418804168701172,19.505687713623047,9.553533554077148,33.315731048583984,,,,13.558950424194336
2002-04-01,69.54734802246094,26.766189575195312,17.662734985351562,8.768013000488281,32.191368103027344,,,,13.258352279663086
2002-05-01,69.13468933105469,25.3405818939209,16.375682830810547,8.53884506225586,32.202945709228516,,,,13.218271255493164
2002-06-01,63.80874252319336,22.016952514648438,13.119717597961426,7.741583347320557,30.20652961730957,,,,12.596940994262695
2002-07-01,58.985050201416016,20.118940353393555,11.337014198303223,7.345290184020996,27.68214225769043,,,,11.600996971130371
2002-08-01,59.38621139526367,19.815244674682617,10.405951499938965,7.337577819824219,27.78093910217285,,,,11.817416191101074
2002-09-01,52.92219924926758,17.47858238220215,8.086520195007324,6.610568523406982,24.596006393432617,,,,10.40315055847168
2002-10-01,57.533599853515625,20.709430694580078,9.995193481445312,7.180613040924072,26.64145278930664,,,,11.415518760681152
2002-11-01,61.08232116699219,23.383506774902344,12.377606391906738,7.592096328735352,28.341976165771484,,,,11.840567588806152
2002-12-01,57.34507751464844,20.557579040527344,9.49680233001709,7.024137496948242,26.799232482910156,,,,11.13216495513916
2003-01-01,56.209590911865234,20.616636276245117,9.036746978759766,6.869471549987793,26.303165435791016,,,,11.056424140930176
2003-02-01,55.45195388793945,21.2239990234375,9.817198753356934,6.852035999298096,25.73264503479004,,,,10.715367317199707
2003-03-01,55.34742736816406,21.29991912841797,9.56800365447998,6.945022106170654,25.526777267456055,,,,10.567736625671387
2003-04-01,60.27250289916992,23.155757904052734,10.789331436157227,7.503239631652832,27.915647506713867,,,,11.949833869934082
2003-05-01,63.57764434814453,25.12968635559082,12.432374000549316,7.895387649536133,29.7841796875,,,,12.558319091796875
2003-06-01,64.02357482910156,25.264659881591797,11.939464569091797,7.9691596031188965,29.90243911743164,,,,12.55320930480957
2003-07-01,65.41316986083984,26.82523536682129,13.226516723632812,8.184126853942871,30.560029983520508,,,,13.161177635192871
2003-08-01,66.76234436035156,28.166505813598633,15.389857292175293,8.380611419677734,31.005706787109375,,,,13.00706958770752
2003-09-01,65.78173828125,27.34824562072754,14.349261283874512,8.291121482849121,30.54815673828125,,,,13.053302764892578
2003-10-01,69.5688705444336,29.676477432250977,17.061504364013672,8.749658584594727,32.6493034362793,,,,14.03130054473877
2003-11-01,70.32865142822266,29.84518814086914,17.962514877319336,8.831507682800293,33.001705169677734,,,,13.979667663574219
2003-12-01,73.51969909667969,30.756229400634766,17.18475914001465,9.11991024017334,34.86534118652344,,,,14.527076721191406
2004-01-01,75.32742309570312,31.283029556274414,17.800935745239258,9.367660522460938,35.867958068847656,,,,15.091667175292969
2004-02-01,76.34964752197266,30.861074447631836,17.644838333129883,9.422499656677246,36.635231018066406,,,,15.522855758666992
2004-03-01,75.07515716552734,30.24506187438965,16.88623809814453,9.224682807922363,36.19422149658203,,,,15.273493766784668
2004-04-01,73.912841796875,29.342090606689453,15.144484519958496,9.137388229370117,35.348876953125,,,,14.674602508544922
2004-05-01,75.17852020263672,30.844207763671875,16.710975646972656,9.315937042236328,35.694915771484375,,,,14.925086975097656
2004-06-01,76.29093933105469,31.848426818847656,16.226234436035156,9.388533592224121,36.459808349609375,,,,14.914650917053223
2004-07-01,74.10242462158203,29.443344116210938,13.881986618041992,8.909401893615723,36.16739273071289,,,,14.671143531799316
2004-08-01,74.28292083740234,28.709169387817383,12.526383399963379,8.813115119934082,36.61262130737305,,,,15.148454666137695
2004-09-01,74.71754455566406,29.65431785583496,13.150781631469727,8.88189697265625,36.93587112426758,,,,14.928159713745117
2004-10-01,75.99528503417969,31.139558792114258,13.931282997131348,9.02387809753418,37.697017669677734,,,,15.08813762664795
2004-11-01,79.14381408691406,33.013004302978516,14.377680778503418,9.380338668823242,39.60365676879883,,,,15.557507514953613
2004-12-01,81.38487243652344,33.68812561035156,14.733704566955566,9.679691314697266,40.68877410888672,,,,16.100696563720703
2005-01-01,79.93598937988281,31.863805770874023,13.649205207824707,9.399770736694336,40.23237991333008,,,,15.850489616394043
2005-02-01,81.60700225830078,31.710445404052734,14.722745895385742,9.512612342834473,41.608219146728516,,,,15.744352340698242
2005-03-01,79.80072021484375,31.156665802001953,13.958670616149902,9.27900218963623,40.60255432128906,,,,15.065129280090332
2005-04-01,78.61321258544922,29.802019119262695,13.153523445129395,9.135684967041016,40.219703674316406,,,,15.172012329101562
2005-05-01,81.14649200439453,32.44315719604492,14.651532173156738,9.592368125915527,41.17746353149414,,,,15.62011432647705
2005-06-01,80.94271850585938,31.33558464050293,14.4379243850708,9.5308198928833,41.44487762451172,,,,15.72148609161377
2005-07-01,84.37889862060547,33.75226974487305,16.113956451416016,10.032123565673828,42.90331268310547,,,,16.061668395996094
2005-08-01,83.58787536621094,33.24061965942383,16.14408302307129,9.884941101074219,42.69097900390625,,,,15.798724174499512
2005-09-01,83.90155029296875,33.64994430541992,16.228975296020508,9.910799980163574,42.99074172973633,,,,15.841646194458008
2005-10-01,82.26594543457031,33.14680862426758,15.289056777954102,9.793292999267578,41.99668884277344,,,,16.419729232788086
2005-11-01,85.88172149658203,35.16786193847656,16.94674301147461,10.249674797058105,43.59912109375,,,,17.202375411987305
2005-12-01,85.26538848876953,34.46007537841797,16.705623626708984,10.165974617004395,43.37916564941406,,31.830421447753906,,17.09442901611328
2006-01-01,87.7757797241211,35.902366638183594,18.201650619506836,10.330422401428223,45.29343795776367,,31.866628646850586,,17.358001708984375
2006-02-01,88.27835845947266,35.13300704956055,17.798871994018555,10.356402397155762,45.75522232055664,,32.83079528808594,,17.727441787719727
2006-03-01,89.37985229492188,35.842498779296875,17.86189079284668,10.53823184967041,46.248653411865234,,32.68340301513672,,17.683979034423828
2006-04-01,90.86880493164062,35.79923629760742,18.281105041503906,10.53341293334961,47.56022644042969,,35.015872955322266,,18.548967361450195
2006-05-01,88.13175201416016,33.20731735229492,16.54944610595703,10.144925117492676,46.40269470214844,,33.78693771362305,,17.849830627441406
2006-06-01,87.97281646728516,33.16452407836914,15.878151893615723,10.102861404418945,46.389984130859375,,33.18171691894531,,17.664112091064453
2006-07-01,88.7573471069336,31.757352828979492,15.205653190612793,9.922921180725098,47.753746032714844,,34.650238037109375,30.063499450683594,18.1738224029541
2006-08-01,90.6942367553711,33.2724494934082,16.57378387451172,10.206031799316406,48.476173400878906,,34.581722259521484,30.279905319213867,18.388080596923828
2006-09-01,92.73529815673828,34.7961311340332,16.85617446899414,10.465047836303711,49.275421142578125,,35.26675796508789,30.199512481689453,19.01988983154297
2006-10-01,96.0787353515625,36.46917724609375,16.705204010009766,10.87347412109375,51.06636047363281,,35.87223815917969,30.409982681274414,19.575803756713867
2006-11-01,97.98928833007812,37.719627380371094,17.253992080688477,11.082849502563477,52.26187515258789,,35.60219192504883,30.920963287353516,19.71392822265625
2006-12-01,98.74932861328125,36.965938568115234,16.740867614746094,11.07882308959961,53.15531539916992,,36.58189392089844,31.232561111450195,20.299598693847656
2007-01-01,100.79301452636719,37.79133605957031,16.688697814941406,11.393943786621094,54.10820770263672,,37.24717712402344,30.902761459350586,20.6451473236084
2007-02-01,98.81568145751953,37.15674591064453,16.982345581054688,11.188138008117676,53.29975128173828,,36.76368713378906,30.627309799194336,20.0159969329834
2007-03-01,99.56596374511719,37.328269958496094,16.548742294311523,11.230509757995605,53.77186965942383,,36.13389205932617,30.12644386291504,19.83782958984375
2007-04-01,104.38870239257812,39.43687438964844,17.574424743652344,11.776290893554688,56.06117248535156,,36.94060516357422,29.68575668334961,20.69292640686035
2007-05-01,107.92949676513672,40.68110275268555,17.722766876220703,12.209150314331055,58.057559967041016,,37.510807037353516,29.95648193359375,21.190549850463867
2007-06-01,105.89512634277344,40.8441162109375,18.085416793823242,11.97653579711914,56.412315368652344,,35.543968200683594,28.88617706298828,20.228864669799805
2007-07-01,103.02168273925781,40.8159294128418,18.118778228759766,11.835651397705078,53.88710021972656,,33.774349212646484,26.530168533325195,18.49551773071289
2007-08-01,104.3437271118164,41.9666633605957,18.366378784179688,11.979618072509766,54.69120788574219,,34.238441467285156,28.41609001159668,18.97336769104004
2007-09-01,107.87159729003906,44.14786148071289,18.564462661743164,12.51695728302002,56.18826675415039,,34.25151443481445,28.052919387817383,19.293800354003906
2007-10-01,109.85372161865234,47.28107833862305,17.80713653564453,12.905505180358887,56.597293853759766,,33.611724853515625,27.09956932067871,19.1024169921875
2007-11-01,105.59882354736328,44.08489227294922,16.289464950561523,12.462516784667969,53.867733001708984,,31.75391387939453,25.786420822143555,17.556331634521484
2007-12-01,103.85845947265625,44.007568359375,16.363834381103516,12.350761413574219,52.782474517822266,,28.690528869628906,23.86821937561035,16.384017944335938
2008-01-01,98.09696960449219,38.8155403137207,14.122467041015625,11.401158332824707,50.954410552978516,,31.030757904052734,25.583824157714844,16.653303146362305
2008-02-01,95.5618896484375,36.94053649902344,13.841177940368652,11.21174430847168,48.976051330566406,,27.1977596282959,22.624479293823242,14.7616605758667
2008-03-01,94.24075317382812,37.602813720703125,13.667437553405762,11.087512969970703,48.59890365600586,,25.897863388061523,23.21237564086914,14.21302318572998
2008-04-01,99.2212905883789,40.6362419128418,14.723658561706543,11.735162734985352,50.95945739746094,,27.47304916381836,22.74338150024414,15.330065727233887
2008-05-01,100.7211685180664,43.046348571777344,15.972919464111328,12.121163368225098,50.8328971862793,,25.29704475402832,21.811975479125977,14.264276504516602
2008-06-01,91.84395599365234,38.88029861450195,14.119709014892578,11.28177261352539,45.99073791503906,,19.301210403442383,17.590940475463867,11.671821594238281
2008-07-01,91.47390747070312,39.157203674316406,12.992276191711426,11.024434089660645,45.49786376953125,,22.252717971801758,20.110652923583984,12.571502685546875
2008-08-01,92.88752746582031,39.725711822509766,13.56461238861084,11.198494911193848,46.59758758544922,,22.375627517700195,21.32645034790039,12.449446678161621
2008-09-01,83.65575408935547,33.51534652709961,11.208915710449219,9.943072319030762,42.86709976196289,,22.942358016967773,23.585330963134766,11.560201644897461
2008-10-01,70.2411880493164,28.34908103942871,9.232009887695312,8.203908920288086,35.8225212097168,,20.023540496826172,22.03913116455078,9.112667083740234
2008-11-01,65.35192108154297,25.09957504272461,7.484592437744141,7.511697292327881,33.141239166259766,,16.366588592529297,19.86870574951172,7.428615093231201
2008-12-01,65.46074676513672,25.63397979736328,7.844028472900391,7.6123480796813965,33.44515609741211,,15.186697959899902,19.533769607543945,7.346463203430176
2009-01-01,60.5732307434082,25.084230422973633,7.7054033279418945,7.255549907684326,29.82783317565918,,9.929525375366211,14.189118385314941,5.502780914306641
2009-02-01,54.06471633911133,23.7635555267334,7.579911708831787,6.710764408111572,25.897565841674805,,8.46929931640625,12.451395988464355,4.526096820831299
2009-03-01,58.152652740478516,26.171838760375977,8.6842679977417,7.239042282104492,27.757116317749023,,9.637479782104492,13.149219512939453,5.246696472167969
2009-04-01,64.387451171875,29.638999938964844,9.76352310180664,8.008052825927734,30.991220474243164,,11.474345207214355,14.403036117553711,6.454229354858398
2009-05-01,68.151123046875,30.590055465698242,10.156744003295898,8.424619674682617,33.06786346435547,,13.25206184387207,13.802329063415527,7.356496810913086
2009-06-01,67.72394561767578,31.454687118530273,10.223677635192871,8.503377914428711,32.72405242919922,,12.682915687561035,12.594016075134277,7.188075542449951
2009-07-01,73.18761444091797,34.1510124206543,11.845626831054688,9.079524040222168,35.03445816040039,,14.217621803283691,14.472406387329102,7.866029262542725
2009-08-01,75.89118957519531,34.65308380126953,12.156250953674316,9.296673774719238,37.204898834228516,,16.64381217956543,14.736555099487305,8.887834548950195
2009-09-01,78.20951080322266,36.57490539550781,12.53403377532959,9.640146255493164,38.43077850341797,,16.502334594726562,14.819972038269043,9.03293514251709
2009-10-01,77.07128143310547,35.492496490478516,11.361504554748535,9.54918098449707,37.37200927734375,,14.846901893615723,14.210211753845215,8.521163940429688
2009-11-01,81.81939697265625,37.74544906616211,12.13386058807373,10.144438743591309,39.515113830566406,,15.684356689453125,14.692269325256348,8.891119003295898
2009-12-01,82.93575286865234,39.64310836791992,13.77652359008789,10.411784172058105,39.93954086303711,,15.024325370788574,15.544608116149902,8.733434677124023
2010-01-01,80.35192108154297,37.14011001586914,12.08389949798584,9.983695983886719,39.04123306274414,,16.399599075317383,16.850330352783203,8.631930351257324
2010-02-01,82.85850524902344,38.84996795654297,13.048256874084473,10.331793785095215,40.23829650878906,,16.697912216186523,17.172353744506836,8.936297416687012
2010-03-01,87.54235076904297,41.80103302001953,13.894521713256836,10.893782615661621,42.751434326171875,,18.33147621154785,18.355451583862305,9.709399223327637
2010-04-01,89.2627182006836,42.784053802490234,14.175676345825195,11.044535636901855,44.053558349609375,,19.67000961303711,19.604930877685547,9.859652519226074
2010-05-01,82.17041015625,39.62129211425781,13.24787712097168,10.196894645690918,40.43984603881836,,17.61482810974121,17.70201873779297,8.956666946411133
2010-06-01,77.5498275756836,37.1102180480957,12.289145469665527,9.639519691467285,38.11273193359375,,16.277881622314453,16.2133846282959,8.425858497619629
2010-07-01,83.24073028564453,39.95762634277344,12.984850883483887,10.285239219665527,40.467960357666016,,17.225383758544922,16.753421783447266,8.993836402893066
2010-08-01,79.49654388427734,37.90784454345703,11.626495361328125,9.846800804138184,38.99137496948242,,15.381081581115723,14.885669708251953,8.2907133102417
2010-09-01,86.15453338623047,42.80116271972656,13.36044979095459,10.85239315032959,41.72140121459961,,16.342391967773438,16.147281646728516,8.773733139038086
2010-10-01,89.9247055053711,45.62042999267578,14.283903121948242,11.421317100524902,43.257442474365234,,16.108741760253906,16.046796798706055,8.922126770019531
2010-11-01,89.9247055053711,45.5417366027832,14.981433868408203,11.550597190856934,42.99422836303711,,15.873421669006348,15.940625190734863,8.860846519470215
2010-12-01,95.43447875976562,47.61378860473633,15.729806900024414,12.135543823242188,46.14552307128906,,18.476205825805664,18.72245216369629,9.773898124694824
2011-01-01,98.17170715332031,49.057281494140625,16.80010414123535,12.47480583190918,47.41067886352539,,18.795320510864258,18.56607437133789,10.086090087890625
2011-02-01,101.58194732666016,50.60786056518555,17.531524658203125,12.902329444885254,49.20608901977539,,18.92386245727539,18.97107696533203,10.362837791442871
2011-03-01,101.15467834472656,50.309993743896484,16.68714141845703,12.861920356750488,49.120243072509766,,18.43827247619629,18.921335220336914,10.079938888549805
2011-04-01,104.53646087646484,51.82845687866211,17.190244674682617,13.32756233215332,50.62455749511719,,18.321170806884766,19.056791305541992,10.100153923034668
2011-05-01,103.36414337158203,51.19683837890625,16.83954429626465,13.180335998535156,50.114376068115234,,17.8489990234375,18.451017379760742,9.76718521118164
2011-06-01,101.11907958984375,50.047603607177734,15.69692325592041,12.990429878234863,49.06523132324219,,17.1622314453125,18.137447357177734,9.46504020690918
2011-07-01,99.58753967285156,50.995121002197266,14.869562149047852,12.823999404907227,47.139400482177734,,16.428606033325195,17.730327606201172,9.158675193786621
2011-08-01,94.11263275146484,48.410179138183594,13.699150085449219,12.17831039428711,44.489479064941406,,14.288860321044922,15.784146308898926,8.279940605163574
2011-09-01,87.12849426269531,46.150569915771484,13.013341903686523,11.257658004760742,40.884361267089844,,12.594308853149414,13.816493034362793,7.308378219604492
2011-10-01,97.13832092285156,51.045650482177734,14.888143539428711,12.513038635253906,45.8377799987793,,14.256047248840332,16.88094139099121,8.386652946472168
2011-11-01,96.7435531616211,49.6715087890625,14.356830596923828,12.500149726867676,45.51799774169922,,13.859249114990234,16.981691360473633,7.958002090454102
2011-12-01,97.13832092285156,49.178226470947266,14.03576946258545,12.412093162536621,46.13576126098633,,14.30655574798584,17.564525604248047,8.076038360595703
2012-01-01,102.28768157958984,53.52230453491211,15.802580833435059,13.216870307922363,48.241275787353516,,15.35206127166748,18.68547821044922,8.790492057800293
2012-02-01,106.7275161743164,56.9531364440918,16.42034149169922,13.840188980102539,49.99790573120117,,16.202932357788086,19.467355728149414,9.228141784667969
2012-03-01,109.67962646484375,59.72958755493164,16.92422103881836,14.252138137817383,51.28607940673828,,17.344696044921875,20.61121940612793,9.878363609313965
2012-04-01,109.42491149902344,59.131248474121094,16.001768112182617,14.276695251464844,51.054168701171875,,16.958145141601562,20.390241622924805,9.677836418151855
2012-05-01,102.85330963134766,54.96834182739258,14.322028160095215,13.35952377319336,48.0964241027832,,15.827604293823242,19.344219207763672,8.78719711303711
2012-06-01,106.47547912597656,56.828369140625,14.920915603637695,13.677507400512695,50.193328857421875,,16.075586318969727,19.889015197753906,9.18233871459961
2012-07-01,108.29322052001953,57.52714920043945,14.917901039123535,13.878829956054688,50.91993713378906,,15.924629211425781,19.635738372802734,9.23909854888916
2012-08-01,111.00629425048828,60.51002883911133,15.420979499816895,14.330385208129883,52.081756591796875,,16.562488555908203,20.277847290039062,9.554208755493164
2012-09-01,113.21607971191406,60.87403869628906,14.82928466796875,14.480182647705078,53.413761138916016,,17.215023040771484,20.8980770111084,9.825203895568848
2012-10-01,111.74909973144531,57.82473373413086,14.323911666870117,14.1103515625,53.43460464477539,,17.416776657104492,20.47266387939453,10.062211990356445
2012-11-01,112.38156127929688,58.58150100708008,14.622502326965332,14.35660171508789,53.39739990234375,,17.13692855834961,20.208885192871094,9.973615646362305
2012-12-01,112.58706665039062,57.98499298095703,14.941195487976074,14.271615028381348,54.193702697753906,,17.549335479736328,20.49464225769043,10.372305870056152
2013-01-01,119.18986511230469,59.86570358276367,16.141094207763672,14.967726707458496,58.054439544677734,,18.925010681152344,22.033523559570312,11.067748069763184
2013-02-01,120.71055603027344,60.071598052978516,16.728883743286133,15.129987716674805,58.75893020629883,,19.311233520507812,22.432388305664062,11.2014799118042
2013-03-01,124.73928833007812,61.745704650878906,17.060226440429688,15.64967155456543,60.834983825683594,,20.001981735229492,23.48125457763672,11.596299171447754
2013-04-01,127.70133972167969,63.45896530151367,17.41914176940918,16.032730102539062,62.0462646484375,,19.684234619140625,23.006309509277344,11.948486328125
2013-05-01,130.71630859375,65.72920989990234,18.41080093383789,16.342905044555664,63.70303726196289,,21.13072967529297,24.317779541015625,12.676895141601562
2013-06-01,128.29310607910156,63.95250701904297,18.36454963684082,16.001930236816406,63.10057067871094,,21.414058685302734,25.103179931640625,12.427701950073242
2013-07-01,135.6367950439453,68.20555114746094,18.822975158691406,16.822479248046875,66.14303588867188,,23.393592834472656,27.387746810913086,13.144993782043457
2013-08-01,131.5687713623047,67.93553161621094,18.0812931060791,16.593421936035156,63.97050857543945,,22.38266372680664,26.1374454498291,12.471381187438965
2013-09-01,135.07400512695312,71.00508117675781,19.30970573425293,17.271474838256836,65.28067779541016,,22.48750114440918,26.53188133239746,12.772900581359863
2013-10-01,142.0177459716797,74.74848937988281,20.04296112060547,18.093961715698242,68.47134399414062,,23.478647232055664,27.9315185546875,13.248357772827148
2013-11-01,146.226806640625,77.40292358398438,20.217571258544922,18.590354919433594,70.3357162475586,,24.538679122924805,29.867353439331055,13.834450721740723
2013-12-01,149.20790100097656,79.41630554199219,21.160490036010742,19.046855926513672,71.65977478027344,,24.9371395111084,30.35318946838379,14.079192161560059
2014-01-01,144.7301483154297,78.13788604736328,20.99820899963379,18.56361961364746,69.50238800048828,,24.072669982910156,28.706207275390625,13.627726554870605
2014-02-01,151.31761169433594,81.82424926757812,22.40840721130371,19.515718460083008,72.48030090332031,,24.894968032836914,29.937007904052734,14.04187297821045
2014-03-01,151.90248107910156,79.73551940917969,23.26678466796875,19.25099754333496,73.87358093261719,,25.679533004760742,31.05524253845215,14.456002235412598
2014-04-01,153.6334686279297,79.66263580322266,22.895246505737305,19.32821273803711,74.91748046875,,24.260013580322266,28.967496871948242,14.262767791748047
2014-05-01,157.19879150390625,83.23603820800781,23.90812873840332,19.915199279785156,75.97147369384766,,24.161638259887695,28.816991806030273,14.47710132598877
2014-06-01,159.67898559570312,85.60612487792969,25.29279136657715,20.294618606567383,77.91018676757812,,25.289125442504883,30.344749450683594,14.76937484741211
2014-07-01,158.2881622314453,86.8507308959961,24.260101318359375,19.915199279785156,76.18687438964844,,24.27729034423828,29.042428970336914,14.612637519836426
2014-08-01,164.53472900390625,91.20149230957031,25.815996170043945,20.889862060546875,79.37102508544922,,24.786243438720703,29.435401916503906,15.232102394104004
2014-09-01,161.50985717773438,90.2966079711914,25.496017456054688,20.526945114135742,77.39910888671875,,24.239309310913086,28.61166000366211,15.1082124710083
2014-10-01,166.08624267578125,92.9027099609375,25.654695510864258,21.1119441986084,79.40310668945312,,25.212732315063477,30.41493034362793,15.609336853027344
2014-11-01,170.64895629882812,97.12640380859375,27.506311416625977,21.806236267089844,81.15120697021484,18.581018447875977,25.281370162963867,30.088611602783203,15.975996971130371
2014-12-01,169.28179931640625,94.59764099121094,27.344398498535156,21.482685089111328,81.11234283447266,18.192975997924805,25.5864200592041,30.88542366027832,16.19207000732422
2015-01-01,165.17274475097656,92.97296142578125,26.22450065612793,21.248565673828125,78.36761474609375,18.26517105102539,23.246274948120117,28.101734161376953,15.142857551574707
2015-02-01,174.45614624023438,99.68616485595703,28.743974685668945,22.64919662475586,82.10313415527344,19.4112548828125,25.361658096313477,30.664058685302734,16.024707794189453
2015-03-01,170.95315551757812,97.1112060546875,27.901180267333984,22.310876846313477,80.5557861328125,18.802114486694336,25.68357276916504,31.13686752319336,15.866764068603516
2015-04-01,173.4049072265625,99.20569610595703,27.615583419799805,22.50519561767578,81.66901397705078,18.910404205322266,26.080854415893555,31.46889305114746,15.939205169677734
2015-05-01,175.6342010498047,101.43628692626953,30.073339462280273,22.801610946655273,82.68212127685547,19.488862991333008,26.834596633911133,32.2573356628418,16.24966812133789
2015-06-01,171.23377990722656,98.6895523071289,27.401350021362305,22.403371810913086,81.00933837890625,19.26686668395996,27.88829803466797,33.8036003112793,16.10434913635254
2015-07-01,175.9535369873047,103.42489624023438,26.11532211303711,23.086719512939453,80.82081604003906,19.402231216430664,27.89386558532715,33.527835845947266,16.725412368774414
2015-08-01,165.2291717529297,96.36666870117188,24.76689910888672,21.75284194946289,76.53268432617188,18.13882827758789,26.094995498657227,31.567832946777344,15.544488906860352
2015-09-01,160.18043518066406,94.01089477539062,24.301509857177734,21.1170597076416,73.77252197265625,16.956647872924805,25.662662506103516,31.652379989624023,15.033632278442383
2015-10-01,174.7089080810547,104.95450592041016,26.862159729003906,23.028980255126953,79.7548599243164,17.958341598510742,26.74065589904785,33.06698989868164,16.053848266601562
2015-11-01,175.3474884033203,105.59353637695312,27.48316192626953,23.099594116210938,80.11272430419922,19.131502151489258,28.20600128173828,35.24416732788086,16.373855590820312
2015-12-01,171.29759216308594,103.59317016601562,26.95215606689453,22.66221046447754,77.82244110107422,18.463701248168945,26.221193313598633,32.36442565917969,15.887170791625977
2016-01-01,163.7379913330078,96.72895812988281,24.962064743041992,21.456520080566406,74.20751953125,15.444355964660645,23.03588104248047,28.460378646850586,14.571195602416992
2016-02-01,163.60267639160156,95.21481323242188,25.394981384277344,21.456520080566406,74.20751953125,15.77649211883545,22.06955909729004,27.22600746154785,14.14854621887207
2016-03-01,173.7117156982422,101.43860626220703,27.544557571411133,22.817127227783203,79.10718536376953,17.649375915527344,23.66710662841797,29.22118377685547,15.094461441040039
2016-04-01,175.29580688476562,98.49726867675781,26.349172592163086,22.690216064453125,81.27127075195312,17.41872215270996,25.392980575561523,31.466352462768555,15.707279205322266
2016-05-01,178.27781677246094,102.80164337158203,28.637916564941406,23.135498046875,82.46349334716797,17.98151206970215,26.167678833007812,32.480133056640625,16.00377082824707
2016-06-01,177.97203063964844,100.19290924072266,28.236858367919922,23.034503936767578,83.15626525878906,17.796993255615234,23.851398468017578,29.9456844329834,15.404047012329102
2016-07-01,185.422119140625,107.64351654052734,31.460281372070312,24.035202026367188,85.04928588867188,18.99637222290039,25.02620506286621,31.4343204498291,16.0216007232666
2016-08-01,185.6442413330078,108.77384185791016,32.942527770996094,24.00582504272461,86.22098541259766,19.018516540527344,26.850305557250977,33.72330093383789,16.63807487487793
2016-09-01,184.72181701660156,110.90371704101562,34.17977523803711,24.003515243530273,85.59696960449219,20.46331024169922,26.244890213012695,33.13538360595703,16.094966888427734
2016-10-01,182.43626403808594,109.56143951416016,33.82809066772461,23.515501022338867,84.7339096069336,18.375463485717773,27.380258560180664,34.484779357910156,16.540592193603516
2016-11-01,189.1569366455078,110.03904724121094,36.26433563232422,24.03092384338379,89.51465606689453,18.553525924682617,32.49776077270508,41.27304458618164,18.861644744873047
2016-12-01,191.86065673828125,110.95681762695312,37.27893829345703,24.245887756347656,91.24124908447266,18.498167037963867,34.3299560546875,43.761558532714844,19.48170280456543
2017-01-01,196.4449920654297,117.00511169433594,38.93095779418945,25.143064498901367,92.42298126220703,20.38119888305664,34.45085906982422,43.79296875,19.620676040649414
2017-02-01,204.16358947753906,122.12415313720703,40.027095794677734,26.16874122619629,95.65379333496094,21.33517074584961,35.79115295410156,45.42137908935547,20.656005859375
2017-03-01,203.53335571289062,124.34085083007812,41.68042755126953,26.407764434814453,94.2515869140625,22.105541229248047,34.086055755615234,43.168487548828125,19.97420310974121
2017-04-01,206.4479217529297,127.99727630615234,41.5513916015625,27.074111938476562,94.54859924316406,23.22188949584961,33.88355255126953,42.85676193237305,19.876440048217773
2017-05-01,209.3614959716797,132.98577880859375,45.1780891418457,27.774642944335938,94.39201354980469,26.155763626098633,32.698978424072266,41.096492767333984,19.639923095703125
2017-06-01,209.67367553710938,129.55027770996094,42.799949645996094,27.70016860961914,95.95792388916016,26.709325790405273,34.59907531738281,43.57036590576172,20.83943748474121
2017-07-01,215.02682495117188,135.1790313720703,44.980384826660156,28.323898315429688,96.59252166748047,27.329313278198242,34.57686996459961,43.35318374633789,21.27527618408203
2017-08-01,215.6542205810547,137.98207092285156,46.28712463378906,28.941457748413086,96.01841735839844,31.499475479125977,33.284423828125,41.39561462402344,20.944576263427734
2017-09-01,218.91311645507812,137.2742462158203,48.52727508544922,29.210065841674805,98.27400207519531,31.634170532226562,35.973018646240234,45.16752243041992,21.928203582763672
2017-10-01,225.18362426757812,143.9119415283203,53.03044891357422,30.444351196289062,99.56008911132812,32.76158905029297,36.53184127807617,45.625579833984375,22.649755477905273
2017-11-01,232.06649780273438,146.74949645996094,52.9813117980957,31.34156036376953,102.59549713134766,34.32079315185547,38.0056037902832,47.3991584777832,23.433137893676758
2017-12-01,233.68658447265625,147.3264617919922,52.13697814941406,31.550050735473633,103.68791198730469,34.2100830078125,37.917510986328125,47.01567840576172,23.765222549438477
2018-01-01,248.11874389648438,160.56300354003906,56.74176025390625,33.831783294677734,108.1587905883789,38.539669036865234,40.384071350097656,49.98360824584961,25.44105339050293
2018-02-01,239.0970458984375,158.48727416992188,56.86787414550781,32.950992584228516,102.9285659790039,38.23128128051758,39.6760139465332,49.35781478881836,24.69681739807129
2018-03-01,231.6156463623047,151.7765655517578,55.3822021484375,31.964502334594727,100.54812622070312,36.51176071166992,38.533451080322266,48.451210021972656,23.584728240966797
2018-04-01,233.74510192871094,152.7918243408203,51.999210357666016,32.14055633544922,101.42779541015625,36.530452728271484,38.7114372253418,49.61275863647461,23.567554473876953
2018-05-01,239.4272003173828,161.4595947265625,57.765594482421875,33.54913330078125,102.02622985839844,40.63299560546875,39.34102249145508,50.85226821899414,23.335742950439453
2018-06-01,239.72767639160156,162.95957946777344,54.933258056640625,33.87183380126953,102.30432891845703,42.0347785949707,38.06571578979492,49.097633361816406,22.829191207885742
2018-07-01,249.72508239746094,167.8750762939453,57.36747741699219,34.74571990966797,105.62516021728516,41.6329345703125,39.11992645263672,49.695858001708984,24.10079002380371
2018-08-01,257.69635009765625,177.5794219970703,58.85810089111328,36.73884201049805,107.76134490966797,46.44572448730469,40.02705383300781,51.02085876464844,24.428457260131836
2018-09-01,258.0602111816406,176.76121520996094,57.228302001953125,36.849884033203125,107.35437774658203,44.240257263183594,37.71873474121094,48.00727081298828,23.78173828125
2018-10-01,241.31463623046875,161.8580780029297,50.619197845458984,33.6602897644043,102.44983673095703,39.79193115234375,34.873085021972656,43.820186614990234,22.761306762695312
2018-11-01,245.79083251953125,161.4291534423828,52.26237869262695,33.95404815673828,105.34190368652344,41.53948974609375,36.077301025390625,45.256778717041016,23.35892677307129
2018-12-01,222.84796142578125,147.02760314941406,48.73992919921875,31.01398277282715,94.73775482177734,34.75485610961914,30.38987159729004,37.976409912109375,20.63068389892578
2019-01-01,242.09596252441406,160.73443603515625,53.75535202026367,33.8612174987793,102.70247650146484,41.52379608154297,34.93501281738281,43.2839241027832,22.606918334960938
2019-02-01,249.94371032714844,165.5422821044922,57.19502639770508,35.07777404785156,105.98471069335938,44.909358978271484,37.09028244018555,46.26704025268555,23.11239242553711
2019-03-01,253.35191345214844,171.72662353515625,59.00046157836914,35.96403503417969,106.1050033569336,45.07332992553711,34.230255126953125,41.95989227294922,22.406469345092773
2019-04-01,264.8634948730469,181.50003051757812,66.03411102294922,37.66785430908203,110.35456085205078,45.545963287353516,37.457420349121094,45.820396423339844,24.5443172454834
2019-05-01,247.97279357910156,166.57135009765625,55.097084045410156,35.313621520996094,103.28839874267578,39.286041259765625,33.710845947265625,41.23837661743164,22.78364372253418
2019-06-01,263.9447021484375,178.8188018798828,61.92959976196289,37.49153518676758,109.89672088623047,46.279014587402344,35.70352554321289,43.87427520751953,24.176414489746094
2019-07-01,269.2384338378906,183.3984832763672,65.68490600585938,38.54823303222656,111.57603454589844,46.742000579833984,37.11802673339844,45.566646575927734,24.87187385559082
2019-08-01,264.73046875,179.9147491455078,64.16485595703125,38.21608352661133,108.22286224365234,42.7487678527832,33.950927734375,41.418216705322266,23.700916290283203
2019-09-01,268.6410217285156,181.2007598876953,66.25843048095703,38.144405364990234,111.419677734375,41.36946487426758,35.783199310302734,43.624656677246094,24.651765823364258
2019-10-01,275.8471984863281,189.5189208984375,70.62895202636719,39.32695770263672,113.71392822265625,42.66196060180664,36.80940246582031,44.81668472290039,25.396879196166992
2019-11-01,285.8324279785156,197.23121643066406,73.50006866455078,41.07358932495117,117.21966552734375,48.64215850830078,38.54435729980469,46.74571990966797,26.67999839782715
2019-12-01,292.6983642578125,204.45309448242188,79.0502700805664,42.149375915527344,119.3178482055664,48.275630950927734,39.4452018737793,48.433624267578125,27.237491607666016
2020-01-01,294.0185852050781,211.1219940185547,76.78987121582031,43.21577072143555,117.76736450195312,50.14860534667969,37.11841583251953,45.3388671875,26.64682388305664
2020-02-01,270.74249267578125,198.33338928222656,73.22935485839844,40.349945068359375,106.82479095458984,51.155452728271484,32.54896545410156,39.74995803833008,23.649499893188477
2020-03-01,235.5493621826172,183.4921417236328,64.83193969726562,36.189308166503906,87.45260620117188,42.59727096557617,22.645679473876953,27.266908645629883,18.51759147644043
2020-04-01,267.02130126953125,211.41737365722656,74.5118637084961,41.628562927246094,98.05913543701172,53.566070556640625,26.468441009521484,32.254730224609375,20.44161605834961
2020-05-01,279.7435302734375,225.37278747558594,79.84412384033203,44.4089469909668,101.48280334472656,60.81728744506836,26.586795806884766,32.29701614379883,20.997722625732422
2020-06-01,283.45733642578125,239.12538146972656,85.87065124511719,46.24726486206055,100.14893341064453,69.03662872314453,26.662879943847656,32.47466278076172,20.755542755126953
2020-07-01,301.4715881347656,257.13922119140625,92.2593994140625,49.94231414794922,104.79843139648438,77.80780029296875,26.490264892578125,32.074180603027344,21.691333770751953
2020-08-01,322.51318359375,285.2823486328125,97.6064453125,55.021514892578125,109.0751724243164,92.29086303710938,27.18939971923828,32.98741912841797,22.621089935302734
2020-09-01,309.19952392578125,268.79705810546875,96.7772216796875,52.358795166015625,105.69313049316406,89.06702423095703,25.109058380126953,30.452547073364258,21.727439880371094
2020-10-01,302.69683837890625,260.6123352050781,97.40459442138672,50.697078704833984,105.0824203491211,87.8956069946289,28.521879196166992,35.457801818847656,21.656333923339844
2020-11-01,335.62335205078125,289.86810302734375,115.36579895019531,55.93660354614258,119.18883514404297,108.78762817382812,33.22820281982422,41.015586853027344,25.305055618286133
2020-12-01,346.58026123046875,303.5284423828125,120.90437316894531,58.331398010253906,123.08674621582031,120.521240234375,35.9814453125,44.76386260986328,26.75728416442871
2021-01-01,344.5107116699219,304.8734436035156,125.06129455566406,57.965049743652344,122.46473693847656,135.18722534179688,37.03547286987305,47.217838287353516,26.41717529296875
2021-02-01,354.0900573730469,304.4664306640625,133.2055206298828,57.94808578491211,129.8068389892578,128.2232666015625,43.10260772705078,55.80685043334961,29.48320960998535
2021-03-01,368.95703125,309.3027648925781,135.4676055908203,58.88573455810547,137.03143310546875,117.98390197753906,44.966068267822266,57.61323928833008,31.070972442626953
2021-04-01,389.7510986328125,327.9957580566406,135.0955352783203,63.0251579284668,143.0467987060547,118.79045867919922,46.76042556762695,59.68449020385742,33.23426818847656
2021-05-01,392.3102111816406,324.0556640625,138.5047149658203,62.1516227722168,146.29730224609375,110.2625732421875,47.93749237060547,61.69171142578125,34.81991958618164
2021-06-01,399.8006896972656,343.9494323730469,145.3998565673828,65.87384033203125,144.01832580566406,128.6363983154297,44.74631881713867,57.188533782958984,33.628395080566406
2021-07-01,410.90081787109375,354.2001037597656,146.4357147216797,68.18112182617188,145.77301025390625,118.03308868408203,43.33460998535156,54.8846549987793,33.60517883300781
2021-08-01,423.12921142578125,369.1426086425781,150.0508575439453,70.66873931884766,148.6161346435547,120.0298080444336,45.6739387512207,57.796875,35.335113525390625
2021-09-01,402.12078857421875,347.7781066894531,142.89749145507812,66.57291412353516,142.62010192871094,108.71830749511719,46.35734176635742,59.42841339111328,34.534549713134766
2021-10-01,431.713623046875,375.5433654785156,152.48666381835938,72.5091781616211,150.70089721679688,119.29210662841797,48.734310150146484,62.53333282470703,37.20705795288086
2021-11-01,428.244873046875,383.0423278808594,170.0314483642578,72.96661376953125,145.32461547851562,103.9576416015625,47.26364517211914,61.56324768066406,35.08146667480469
2021-12-01,446.4816589355469,386.9620056152344,174.2337188720703,74.3559799194336,153.80572509765625,93.0395736694336,48.04740905761719,62.480403900146484,36.08880615234375
2022-01-01,424.41949462890625,353.56536865234375,154.33493041992188,67.99002075195312,150.81631469726562,74.8061294555664,48.79330062866211,63.50883865356445,36.27099609375
2022-02-01,411.89190673828125,337.73992919921875,152.62571716308594,65.15892028808594,149.0040740966797,69.88715362548828,50.20309829711914,65.88597869873047,35.76955032348633
2022-03-01,426.0514831542969,353.0686950683594,152.3424530029297,67.64161682128906,152.68365478515625,65.7417221069336,46.41702651977539,61.11393737792969,35.58383560180664
2022-04-01,389.8647766113281,305.4435729980469,129.2494659423828,59.47536849975586,144.5140838623047,46.740196228027344,41.99193572998047,55.1154899597168,32.171260833740234
2022-05-01,390.7447814941406,300.5974426269531,137.4279327392578,58.116275787353516,147.3779296875,43.725337982177734,43.90148162841797,57.281246185302734,33.06620407104492
2022-06-01,356.9817810058594,273.29522705078125,112.74739837646484,53.36312484741211,133.92703247070312,39.5501594543457,39.15440368652344,51.77327346801758,29.318639755249023
2022-07-01,391.53936767578125,308.18975830078125,131.5603790283203,59.920040130615234,143.34056091308594,44.756736755371094,43.60879135131836,57.19631576538086,31.592994689941406
2022-08-01,375.5638122558594,292.3729553222656,119.40332794189453,57.11920166015625,139.10147094726562,41.53361892700195,42.827335357666016,56.129150390625,30.974441528320312
2022-09-01,339.45001220703125,261.1006164550781,102.94413757324219,51.422183990478516,126.14305114746094,37.417938232421875,39.7823600769043,52.8021125793457,28.4533748626709
2022-10-01,368.5467834472656,272.0322265625,106.01966094970703,54.54540252685547,139.82708740234375,37.9633903503418,43.88075256347656,57.68599319458008,32.0135612487793
2022-11-01,389.0348815917969,287.1141662597656,126.00714874267578,57.003353118896484,148.46473693847656,37.17000961303711,44.75746536254883,58.20014953613281,34.20873260498047
2022-12-01,364.93963623046875,260.61065673828125,113.00148010253906,52.50160598754883,141.6106414794922,30.981618881225586,40.80774688720703,52.986328125,32.220829010009766
2023-01-01,389.6709289550781,289.03765869140625,131.45550537109375,57.01691436767578,149.83274841308594,39.59974670410156,44.503822326660156,56.437660217285156,34.66024398803711
2023-02-01,379.87353515625,287.9977722167969,133.458251953125,56.3388557434082,144.55174255371094,39.29230880737305,44.03843307495117,55.92889404296875,33.863887786865234
2023-03-01,392.4605712890625,314.8491516113281,144.80364990234375,60.02648162841797,143.076416015625,40.00635528564453,33.8272819519043,39.84796905517578,30.47939682006836
2023-04-01,400.2518615722656,316.9381408691406,134.54867553710938,60.77490234375,146.06396484375,35.62290954589844,33.6761360168457,39.0843391418457,31.60247039794922
2023-05-01,402.09954833984375,341.9249572753906,155.6251220703125,63.62368392944336,140.38687133789062,40.155113220214844,31.32257652282715,35.703636169433594,30.25910186767578
2023-06-01,426.5710144042969,362.98150634765625,165.6018829345703,67.75528717041016,149.086669921875,43.774925231933594,33.096946716308594,37.4077262878418,32.116947174072266
2023-07-01,442.17047119140625,377.5099792480469,174.99224853515625,70.18832397460938,154.97369384765625,50.032737731933594,38.88964080810547,45.026039123535156,33.811424255371094
2023-08-01,434.98431396484375,371.9114990234375,166.9405517578125,69.51515197753906,150.7908477783203,43.38814926147461,36.20185470581055,41.20682144165039,32.90226364135742
2023-09-01,412.8946533203125,352.5085754394531,154.8385467529297,65.58948516845703,143.99969482421875,39.34189224243164,34.153560638427734,38.626773834228516,31.7442626953125
2023-10-01,405.3560485839844,345.72735595703125,145.13453674316406,64.75666809082031,139.7688751220703,35.08000183105469,33.05101776123047,37.00224685668945,31.107521057128906
2023-11-01,442.38287353515625,383.1309814453125,168.51275634765625,71.859619140625,150.33604431152344,46.11000061035156,37.75788497924805,42.08574676513672,34.510501861572266
2023-12-01,460.7120666503906,403.51776123046875,189.0006866455078,74.90092468261719,157.74354553222656,52.369998931884766,43.06365203857422,48.9041633605957,36.14470672607422
2024-01-01,469.9472351074219,411.8957824707031,192.6439971923828,76.87944030761719,158.76168823242188,45.40999984741211,42.21537399291992,46.738121032714844,37.44427490234375
2024-02-01,494.4723205566406,433.65765380859375,214.3524169921875,81.97403717041016,164.4362030029297,51.25,41.87599182128906,45.27108383178711,38.97064208984375
2024-03-01,509.06085205078125,438.6067199707031,222.79054260253906,83.43706512451172,171.97341918945312,50.08000183105469,44.402503967285156,47.28355407714844,40.690216064453125
2024-04-01,490.0536193847656,419.9776306152344,211.24139404296875,80.02421569824219,165.38772583007812,43.459999084472656,42.07530975341797,44.57078552246094,39.13676452636719
2024-05-01,514.8402099609375,445.8138732910156,231.00424194335938,84.84540557861328,170.84600830078125,42.45000076293945,43.888572692871094,46.30546188354492,40.37796401977539
2024-06-01,531.2899169921875,473.9053955078125,243.46217346191406,90.35321044921875,168.25192260742188,43.95000076293945,44.040470123291016,46.54243850708008,39.86403274536133
2024-07-01,539.4581909179688,466.6933288574219,232.65286254882812,88.89022064208984,177.55950927734375,45.529998779296875,51.598812103271484,55.70880889892578,42.58226013183594
2024-08-01,552.0629272460938,471.8450012207031,228.4619903564453,90.69438171386719,182.332763671875,44.81999969482422,51.51273727416992,55.27865982055664,44.529319763183594
2024-09-01,561.9351196289062,483.5353698730469,227.91835021972656,93.15618896484375,183.76571655273438,47.529998779296875,50.58500671386719,54.10292434692383,44.12044143676758
2024-10-01,558.6289672851562,480.0281677246094,216.25648498535156,92.9421157836914,182.6988983154297,45.88999938964844,52.58645248413086,56.724853515625,45.41384506225586
2024-11-01,591.9420166015625,505.7136535644531,213.42274475097656,99.0113296508789,194.4875030517578,57.97999954223633,59.50495910644531,65.17344665527344,50.1623649597168
2024-12-01,575.761962890625,507.19195556640625,213.51193237304688,99.80663299560547,180.2165985107422,56.77000045776367,53.375484466552734,58.07200241088867,47.22140884399414
2025-01-01,593.2147216796875,519.0001220703125,216.46839904785156,101.83136749267578,189.37464904785156,62.869998931884766,56.9920768737793,62.159339904785156,50.503849029541016
2025-02-01,585.6839599609375,504.9690856933594,206.93161010742188,98.17169189453125,190.1868133544922,55.63999938964844,55.501197814941406,60.13450622558594,51.200523376464844
2025-03-01,551.3914184570312,465.96630859375,186.73663330078125,89.8348159790039,184.1104278564453,47.58000183105469,51.270599365234375,55.07727813720703,48.87500762939453
2025-04-01,548.2550659179688,473.1795959472656,182.67283630371094,91.3505859375,179.1088409423828,50.84000015258789,49.36415100097656,52.790592193603516,48.018497467041016
2025-05-01,582.7100830078125,516.609375,203.6388702392578,99.4797134399414,185.3487091064453,56.369998931884766,51.86989974975586,55.4725456237793,50.18504333496094
2025-06-01,610.8475341796875,548.982666015625,237.1845245361328,105.74342346191406,190.8614044189453,70.29000091552734,54.36589050292969,57.92043685913086,51.57360076904297
2025-07-01,626.763671875,562.9197387695312,239.02859497070312,109.7926254272461,192.8812255859375,75.33000183105469,55.19261169433594,58.97871780395508,51.75035095214844
2025-08-01,639.6245727539062,568.2898559570312,244.29653930664062,111.0839614868164,199.01055908203125,74.95999908447266,59.944156646728516,64.33060455322266,53.3511848449707
2025-09-01,660.5767822265625,598.1489868164062,269.9888610839844,116.77291870117188,200.94508361816406,86.30000305175781,58.33412551879883,62.16038131713867,53.23260498046875
2025-10-01,678.1983032226562,627.4694213867188,305.91302490234375,121.16574096679688,202.8155517578125,88.9800033569336,56.04200744628906,59.28271484375,51.92070770263672
2025-11-01,679.5208129882812,617.67431640625,296.1234130859375,118.88755798339844,208.17913818359375,79.68000030517578,58.25444793701172,62.23697280883789,52.872474670410156
2025-12-01,678.0591430664062,612.7468872070312,300.52423095703125,118.1015396118164,208.5360565185547,76.91999816894531,59.94341278076172,64.03520965576172,54.30012130737305
2026-01-01,690.0853271484375,621.0868530273438,346.0867614746094,116.38508605957031,219.0266876220703,74.87000274658203,63.20077896118164,68.41268157958984,53.16670227050781
2026-02-01,684.1216430664062,606.5252075195312,352.0730895996094,112.44854736328125,224.6652374267578,72.91000366210938,60.69541549682617,66.38446044921875,51.16698455810547
2026-03-01,648.5687866210938,576.453125,328.4576416015625,106.50627136230469,212.8601531982422,67.58999633789062,59.204124450683594,64.77381896972656,49.117515563964844
2026-04-01,718.6599731445312,667.739990234375,461.44000244140625,119.2699966430664,231.25,75.83999633789062,64.19000244140625,69.8499984741211,52.130001068115234
2026-05-01,737.6199951171875,711.22998046875,520.2999877929688,123.54000091552734,233.89999389648438,79.12000274658203,64.05000305175781,69.8499984741211,51.2400016784668
2026-05-08,737.6199951171875,711.06298828125,520.2999877929688,123.54000091552734,233.89999389648438,79.12000274658203,64.05000305175781,69.8499984741211,51.2400016784668
