ticker,run_date,price_date,source_path,is_backup,source_sha256,row_count,date_evidence,same_date_candidate_count
AAOI,2026-07-14,2026-07-13,D:\drive\Investment\分析报告\公司对比\结果\AAOI_逐家公司投资思路对比_2026-07-14.md,False,c9b99062f986f19b9f3c1dc63f84447cbed7b38fe5bd8c9922a3a55c8d6189ea,191,,1
AAON,2026-07-14,2026-07-13,D:\drive\Investment\分析报告\公司对比\结果\AAON_逐家公司投资思路对比_2026-07-14.md,False,dd69a39b26e4e1994fb18f970d51f68ca6a6aaf852e1ff713bb278be752248b2,191,4: > 研究截止日：2026-07-14   | 5: > 统一价格截止：2026-07-13 收盘  ,1
ABBNY,2026-07-14,2026-07-13,D:\drive\Investment\分析报告\公司对比\结果\ABBNY_逐家公司投资思路对比_2026-07-14.md,False,905434ca14f5809ce581d5c819c97c5798fb6ba2c7c541fdfab310aafd52d156,191,4: > 研究截止日：**2026-07-14（America/Los_Angeles）**；经营资料截止 **2026-07-12**，股价与市场状态截止 **2026-07-13 14:11 PDT**。  ,1
ACLS,2026-07-14,2026-07-13,D:\drive\Investment\分析报告\公司对比\结果\ACLS_逐家公司投资思路对比_2026-07-14.md,False,e3ea832f053e974f87f8349aa1a4d7ee39df714941665d712702e62f2832bd34,191,4: > 研究截止日：2026-07-14；统一价格与估值快照：2026-07-13  ,1
ACMR,2026-07-14,2026-07-13,D:\drive\Investment\分析报告\公司对比\结果\ACMR_逐家公司投资思路对比_2026-07-14.md,False,036dad970248600b22b9cf6b0360f9b2c51b2ccf4b510e855b45266e1980593f,191,,1
ADBE,2026-07-14,2026-07-13,D:\drive\Investment\分析报告\公司对比\结果\ADBE_逐家公司投资思路对比_2026-07-14.md,False,277230dcb5c3fa873aa2877322c46c78931b90dd83ce30e590888ee785965a47,191,4: > **研究截止：**2026-07-14（America/Los_Angeles）   | 5: > **价格截止：**2026-07-13 美股收盘；这是研究日之前的最近完整交易日  ,1
ADI,2026-07-14,2026-07-13,D:\drive\Investment\分析报告\公司对比\结果\ADI_逐家公司投资思路对比_2026-07-14.md,False,9cc3a507e7b2b41c874b2d20a9cab39807e99b59c979cfc0c659b2cdb6fb1ef0,191,,1
AEHR,2026-07-14,2026-07-13,D:\drive\Investment\分析报告\公司对比\结果\备份\AEHR_2026-07-18T16_36_32-07_00-d1ddcc2504\AEHR_逐家公司投资思路对比_2026-07-14.md,True,54dcb9f0f796d464162e2bfff71a40e82ed37efd11da4dfc9a4e90bd18649b45,191,4: > **研究截止：**经营与行业资料截至 2026-07-12；市场价格与估值快照截至 2026-07-13；报告生成日为 2026-07-14（America/Los_Angeles）。  ,1
AEIS,2026-07-14,2026-07-13,D:\drive\Investment\分析报告\公司对比\结果\AEIS_逐家公司投资思路对比_2026-07-14.md,False,d996a63b3bb2b78104612b0dbb2668c9ff92fca2fb86be985026d7ce27bf0d2e,191,,1
AEP,2026-07-14,2026-07-13,D:\drive\Investment\分析报告\公司对比\结果\AEP_逐家公司投资思路对比_2026-07-14.md,False,edf7fcbb2977c7c21206962c644cc947b5ca4b67e0ff0695c2ccc27e8e2c50a0,191,4: > 研究截止：公司与行业正式资料截至 2026-07-12；价格、估值及市场状态截至 2026-07-13 收盘/采集；外部一手来源复核截至 2026-07-14  ,1
AJNMY,2026-07-14,2026-07-13,D:\drive\Investment\分析报告\公司对比\结果\AJNMY_逐家公司投资思路对比_2026-07-14.md,False,047e58bdccdb9f51dce2676f4e3395565348625cbaf43b1b11312d24ec47c0b8,191,4: > 研究截止：2026-07-14（America/Los_Angeles）  ,1
ALAB,2026-07-14,2026-07-13,D:\drive\Investment\分析报告\公司对比\结果\ALAB_逐家公司投资思路对比_2026-07-14.md,False,8c358c0d29d631253ccbe5d76a40a00156e4c0d768f17f28d484ca185f1f469f,191,4: > 研究截止：**2026-07-14（America/Los_Angeles）**  ,1
ALLE,2026-07-14,2026-07-13,D:\drive\Investment\分析报告\公司对比\结果\ALLE_逐家公司投资思路对比_2026-07-14.md,False,80acf3fae62c6ac21a8e88213279bdecc0405ab023f6b41e0a6c6604e57085de,191,4: > 研究截止日：2026-07-14；经营与公司资料截止日：2026-07-12；股价与估值快照日：2026-07-13。  ,1
AMAT,2026-07-14,2026-07-13,D:\drive\Investment\分析报告\公司对比\结果\AMAT_逐家公司投资思路对比_2026-07-14.md,False,71d7e0b2786623c9e04efc4f79d535dc18fb2942f525756eb541b087afd1bee6,191,4: > **研究截止日：**2026-07-14（America/Los_Angeles）  ,1
AMD,2026-07-14,2026-07-13,D:\drive\Investment\分析报告\公司对比\结果\AMD_逐家公司投资思路对比_2026-07-14.md,False,e9d6cbb7e625004c011d785896f6b58ec2b71a7041549c131df990b7117fea6b,191,,1
AMKR,2026-07-14,2026-07-13,D:\drive\Investment\分析报告\公司对比\结果\AMKR_逐家公司投资思路对比_2026-07-14.md,False,afab3f30fcc17115734851262f9403349d1270b67ee2297a8b5cb4b1e5fdd4ba,191,5: > **经营资料截止：** 2026-07-12；**统一价格截止：** 2026-07-13 收盘；**研究判断日：** 2026-07-14（America/Los_Angeles）  ,1
AMPX,2026-07-14,2026-07-13,D:\drive\Investment\分析报告\公司对比\结果\AMPX_逐家公司投资思路对比_2026-07-14.md,False,600112f25a4b0c883be3da0138305ce63de464e5f09aaa4a5489a6839740a306,191,4: > **研究截止：** 2026-07-14（America/Los_Angeles）   | 5: > **价格与横截面估值截止：** 2026-07-13 美股收盘；这是研究截止日前最近一个完整交易日  ,1
AMZN,2026-07-14,2026-07-13,D:\drive\Investment\分析报告\公司对比\结果\AMZN_逐家公司投资思路对比_2026-07-14.md,False,7440223ccd3b6033b0b78c6627c871d7b94b288efdf432e4b479ba467ea9ddcb,191,,1
ANET,2026-07-14,2026-07-13,D:\drive\Investment\分析报告\公司对比\结果\ANET_逐家公司投资思路对比_2026-07-14.md,False,64e25bb6e2abb27ea47cc2fa8159b23b2ad3c91959126bc74762fef8298a86df,191,4: > **研究截止：**经营与公司评估资料截至 2026-07-12；价格、估值与市场状态截至 2026-07-13 收盘；一手资料补证截至 2026-07-14  ,1
AOSL,2026-07-14,2026-07-13,D:\drive\Investment\分析报告\公司对比\结果\AOSL_逐家公司投资思路对比_2026-07-14.md,False,55f3eada11e5bf1cf7d9e993d463edf8aa9428aebb271f0a5309f0e80fdca5a7,191,4: > **研究截止日：** 2026-07-14（America/Los_Angeles）  ,1
APD,2026-07-14,2026-07-13,D:\drive\Investment\分析报告\公司对比\结果\APD_逐家公司投资思路对比_2026-07-14.md,False,0c9565266a2ef6e73c1c06adfd1f80895d697db82bd1337ecb7d68655dcd2627,191,4: > **研究截止日：** 2026-07-14（America/Los_Angeles）  ,1
APH,2026-07-14,2026-07-13,D:\drive\Investment\分析报告\公司对比\结果\APH_逐家公司投资思路对比_2026-07-14.md,False,23724baa92e78818e74deb6cff890664d17fc3680126f435fc249f715a6ebd1e,191,4: > **研究截止日：**2026-07-14；价格与估值统一采用 2026-07-13 日度快照  ,1
APLD,2026-07-14,2026-07-13,D:\drive\Investment\分析报告\公司对比\结果\APLD_逐家公司投资思路对比_2026-07-14.md,False,de9f354708f7c0384217cce603de06e78fa8eb0af6bc53c59fc8830418049425,191,4: > **研究截止日：** 2026-07-14（America/Los_Angeles）   | 5: > **价格截止日：** 2026-07-13 收盘  ,1
ARM,2026-07-14,2026-07-13,D:\drive\Investment\分析报告\公司对比\结果\ARM_逐家公司投资思路对比_2026-07-14.md,False,f92784f51e1609dfe39931a3fa7ca25bdd302a83f0c718206ff2a7378783fe9e,191,,1
ASGLY,2026-07-14,2026-07-13,D:\drive\Investment\分析报告\公司对比\结果\ASGLY_逐家公司投资思路对比_2026-07-14.md,False,c49afede517728b095d6e5e46160492e18e710361b45e88c995cd3e89b8966ee,191,3: > 研究截止日：2026-07-14（America/Los_Angeles）  ,1
ASMIY,2026-07-14,2026-07-13,D:\drive\Investment\分析报告\公司对比\结果\ASMIY_逐家公司投资思路对比_2026-07-14.md,False,99c76153327a3a5d2a266dcff9e88eb7f175edd5fb91477eaee31f20129a8620,191,,1
ASML,2026-07-14,2026-07-13,D:\drive\Investment\分析报告\公司对比\结果\备份\ASML_2026-07-18T16_36_33-07_00-c78b145bed\ASML_逐家公司投资思路对比_2026-07-14.md,True,1a1cfa6b74145a8612e05c1345183cbd1fd8b7413eb5d483f9c6cf4bc1022003,191,4: > **研究截止：** 2026-07-14（America/Los_Angeles），ASML 2026Q2 业绩发布前   | 5: > **价格截止：** 2026-07-13 收盘；估值字段为同日采集快照  ,1
ASMVY,2026-07-14,2026-07-13,D:\drive\Investment\分析报告\公司对比\结果\ASMVY_逐家公司投资思路对比_2026-07-14.md,False,41218f5c28368fa3b4a4fc86151ef365331115642dc8f5d63daa233a1c0dae66,191,4: > 研究截止日：2026-07-14（America/Los_Angeles）；价格统一取 2026-07-13 最近收盘  ,1
ASX,2026-07-14,2026-07-13,D:\drive\Investment\分析报告\公司对比\结果\ASX_逐家公司投资思路对比_2026-07-14.md,False,bcb1627faf9ab6d75c098d2c2f5dcb1ce96e0ecc80b79312e3662625214b9e45,191,4: > 研究截止：2026-07-14（America/Los_Angeles）；价格统一采用项目内最新完整收盘日 2026-07-13  ,1
ATEYY,2026-07-14,2026-07-13,D:\drive\Investment\分析报告\公司对比\结果\ATEYY_逐家公司投资思路对比_2026-07-14.md,False,761023496cfddb32998c9350ca8460489aa63bc8a6348489ff570c9ed5dcb544,191,4: > **研究截止日：** 2026-07-14（America/Los_Angeles）；财务与经营证据以截至当日已公开资料为准  ,1
ATKR,2026-07-14,2026-07-13,D:\drive\Investment\分析报告\公司对比\结果\ATKR_逐家公司投资思路对比_2026-07-14.md,False,5cadbb968f2d01eabe5aa742722b9cdc474d1d2f05c584f92d217f8addfe2cd8,191,3: > 目标公司：ATKR / Atkore。研究截止日：2026-07-14；统一股价与市场估值快照：2026-07-13。公司全集为公司评估目录根层192个Ticker的最新正式版本，剔除ATKR后逐行比较191家公司。,1
AVGO,2026-07-14,2026-07-13,D:\drive\Investment\分析报告\公司对比\结果\备份\AVGO_2026-07-18T17_36_30-07_00-dbe198cf3b\AVGO_逐家公司投资思路对比_2026-07-14.md,True,2deaeae6918a6ba5f1e5f7fbee4d982fa24446a1d77754a4552354d53ee1f91f,191,,1
AXTI,2026-07-14,2026-07-13,D:\drive\Investment\分析报告\公司对比\结果\AXTI_逐家公司投资思路对比_2026-07-14.md,False,d91a1899ad2ac77b4109d7d2117bdcddc53b37db0393ab370305d6243f1228e3,191,4: > **研究截止日：**2026-07-14；价格与横截面估值采用 2026-07-13 收盘/采集快照。  ,1
BABA,2026-07-14,2026-07-13,D:\drive\Investment\分析报告\公司对比\结果\BABA_逐家公司投资思路对比_2026-07-14.md,False,761c075fc335d964b3c2a29a05022b76ef7f1e15248cc122ccdb7435f0bc5604,191,4: > 研究截止日：2026-07-14（America/Los_Angeles）  ,1
BDC,2026-07-14,2026-07-13,D:\drive\Investment\分析报告\公司对比\结果\BDC_逐家公司投资思路对比_2026-07-14.md,False,1a770565e483e5bc57c1e784eebb84eec342db1b5306434c46173fa9f243dde2,191,4: > **研究截止日：** 2026-07-14  ,1
BE,2026-07-14,2026-07-13,D:\drive\Investment\分析报告\公司对比\结果\备份\BE_2026-07-18T17_20_03-07_00-0644d9b602\BE_逐家公司投资思路对比_2026-07-14.md,True,e60eca02686e03322a77abebda11c122ba65dc3c86ece4a0d1ddcf6faead7115,191,4: > 研究截止：2026-07-14（America/Los_Angeles）；证券价格采用最近完整快照 2026-07-13  ,1
BELFB,2026-07-14,2026-07-13,D:\drive\Investment\分析报告\公司对比\结果\BELFB_逐家公司投资思路对比_2026-07-14.md,False,18490cd017cdb526f931669087151abf2fadefcfc3b5ffa6efc8ae99ed2fb40c,191,4: > 研究截止：2026-07-14（America/Los_Angeles）  ,1
BESIY,2026-07-14,2026-07-13,D:\drive\Investment\分析报告\公司对比\结果\BESIY_逐家公司投资思路对比_2026-07-14.md,False,ac7ddd6a77fff45afcea918eaf351cecacddc87d895d8ebc1f570997c1dcdc0c,191,4: > **研究截止：**经营与行业资料截至 2026-07-12；价格、市场估值与当前市场状态截至 2026-07-13 收盘快照；报告生成日 2026-07-14（America/Los_Angeles）。  ,1
BWXT,2026-07-14,2026-07-13,D:\drive\Investment\分析报告\公司对比\结果\BWXT_逐家公司投资思路对比_2026-07-14.md,False,c2d13af0b3bb8d0ad4fa04b2e7f2093683ff6e46b380cb1719499cf10bbfe988,191,,1
CAMT,2026-07-14,2026-07-13,D:\drive\Investment\分析报告\公司对比\结果\CAMT_逐家公司投资思路对比_2026-07-14.md,False,4b54671c775ae8b4b845a4b8ce14babebd67d35e0e7fa022f394d3e12a1089e7,191,4: > **研究截止日：** 2026-07-14（America/Los_Angeles）  ,1
CARR,2026-07-14,2026-07-13,D:\drive\Investment\分析报告\公司对比\结果\CARR_逐家公司投资思路对比_2026-07-14.md,False,4b2c8b6638ad784fbec0931eda4c7fbca18b95214064a293d50208c36c1560ec,191,4: > **研究截止日：** 2026-07-14；价格与市场估值统一采用 2026-07-13 收盘快照  ,1
CAT,2026-07-14,2026-07-13,D:\drive\Investment\分析报告\公司对比\结果\CAT_逐家公司投资思路对比_2026-07-14.md,False,8122b8517f4816b126dc4def17313e43e8b6e34d03b8c9bcaf75df227020e44d,191,,1
CBRS,2026-07-14,2026-07-13,D:\drive\Investment\分析报告\公司对比\结果\CBRS_逐家公司投资思路对比_2026-07-14.md,False,fae92b5350d50bd69947eab33d1eb9c09c87da53d0132b012f32802d77d8ba3f,191,,1
CC,2026-07-14,2026-07-13,D:\drive\Investment\分析报告\公司对比\结果\CC_逐家公司投资思路对比_2026-07-14.md,False,d5220ce362cf8aa390916005fc083fce8f63ed94a2a522e92f365440340281f6,191,,1
CDNS,2026-07-14,2026-07-13,D:\drive\Investment\分析报告\公司对比\结果\备份\CDNS_2026-07-18T17_17_33-07_00-c8cdcf638c\CDNS_逐家公司投资思路对比_2026-07-14.md,True,339a0e068e4f07882cade173c6ce88d2ed99c30eae1edf162b8105c58d2677db,191,4: > 研究截止日：2026-07-14（America/Los_Angeles）  ,1
CEG,2026-07-14,2026-07-13,D:\drive\Investment\分析报告\公司对比\结果\CEG_逐家公司投资思路对比_2026-07-14.md,False,b65e24c851ed697ad13181324151afea92d1f364ed61598d6cd8b0c10f0602b1,191,4: > **研究截止：**经营与公司评估资料截至 2026-07-12；价格、行情估值和市场状态截至 2026-07-13 收盘/采集；报告日期 2026-07-14（America/Los_Angeles）  ,1
CIEN,2026-07-14,2026-07-13,D:\drive\Investment\分析报告\公司对比\结果\CIEN_逐家公司投资思路对比_2026-07-14.md,False,b606c89e96d1f384378f49314a0f8d18672a1790998e020204328d1173689a88,191,4: > 研究截止：2026-07-14；股价与横截面估值统一采用 2026-07-13 14:11 PDT 日度快照  ,1
CLS,2026-07-14,2026-07-13,D:\drive\Investment\分析报告\公司对比\结果\CLS_逐家公司投资思路对比_2026-07-14.md,False,878d04c39e8e3592c1c942da2d5ccc078e4f039cd1b8460cb5901a6cedeaf48c,191,4: > **研究截止：**2026-07-14；公司与行业经营事实主要截至 2026-07-10—2026-07-12；最新价格与市场估值快照截至 2026-07-13。  ,1
CMI,2026-07-14,2026-07-13,D:\drive\Investment\分析报告\公司对比\结果\CMI_逐家公司投资思路对比_2026-07-14.md,False,d7fdd67fa9d9a8a3f18aa0b0e20a2c3c59437485b9342050c4d7cb45d1f52c90,191,4: > 研究截止日：`2026-07-14`  ,1
COHR,2026-07-14,2026-07-13,D:\drive\Investment\分析报告\公司对比\结果\COHR_逐家公司投资思路对比_2026-07-14.md,False,3a0cf8fa7c1c0a9608a27145c660e3eaf0b08d0e851342aad6ae87e8d2f9be99,191,4: > **研究截止日：** 2026-07-14  ,1
COHU,2026-07-14,2026-07-13,D:\drive\Investment\分析报告\公司对比\结果\COHU_逐家公司投资思路对比_2026-07-14.md,False,03c1ba40a8b5697133f22f931941ce8f44a64a468ea4c23b412f20095c006dbc,191,4: > **研究截止日：** 2026-07-14；最新可用完整行情快照为 2026-07-13 收盘。  ,1
CRDO,2026-07-14,2026-07-13,D:\drive\Investment\分析报告\公司对比\结果\CRDO_逐家公司投资思路对比_2026-07-14.md,False,67c2bc77fd3ad29557233a1d6d168decb979ddada040be39fc71b9df36f71fe6,191,,1
CRWD,2026-07-14,2026-07-13,D:\drive\Investment\分析报告\公司对比\结果\CRWD_逐家公司投资思路对比_2026-07-14.md,False,5b5a9e5a87d56143e8a35323c857ffd1baa675f8b11ea1c938fb97697b314171,191,4: > **研究截止日：**2026-07-14（America/Los_Angeles）  ,1
CRWV,2026-07-14,2026-07-13,D:\drive\Investment\分析报告\公司对比\结果\CRWV_逐家公司投资思路对比_2026-07-14.md,False,f2a980cf36ee9fb7f6373f7b0bf6dc2cee0ec8c733fe0605510267c76b05653a,191,4: > **研究截止：2026-07-14 05:26 PDT；价格与市值快照：2026-07-13 收盘**  ,1
CSCO,2026-07-14,2026-07-13,D:\drive\Investment\分析报告\公司对比\结果\CSCO_逐家公司投资思路对比_2026-07-14.md,False,40b61b7f1376bbfc71c48d1d16bd4b962e48b86c9b56033a4279855c370c0310,191,,1
DCI,2026-07-14,2026-07-13,D:\drive\Investment\分析报告\公司对比\结果\DCI_逐家公司投资思路对比_2026-07-14.md,False,1d8898158a64b523ba2b9273b3d23ea226ecc445c11e0b5ab6f67cacf3e15d08,191,,1
DD,2026-07-14,2026-07-13,D:\drive\Investment\分析报告\公司对比\结果\DD_逐家公司投资思路对比_2026-07-14.md,False,11f0992c1caa31236d90ad0650d669463918aa5ea99d05bdcbedcf2e21ec37f0,191,4: > **研究截止日：**2026-07-14（America/Los_Angeles）  ,1
DELL,2026-07-14,2026-07-13,D:\drive\Investment\分析报告\公司对比\结果\DELL_逐家公司投资思路对比_2026-07-14.md,False,476e4898051dfa0dbe42683310ac846cf911d8464816732f84146e4a6574978f,191,4: > **研究截止：** 2026-07-14（America/Los_Angeles）  ,1
DHR,2026-07-14,2026-07-13,D:\drive\Investment\分析报告\公司对比\结果\DHR_逐家公司投资思路对比_2026-07-14.md,False,17a9b2f761c71d95abaccfd9a321ec3d33238d38deb1692de43319f7ea8c36dd,191,5: > 市场价格截止：2026-07-13 收盘；公司与行业事实主要截止 2026-07-12，个别一手来源补证截止 2026-07-14  ,1
DIOD,2026-07-14,2026-07-13,D:\drive\Investment\分析报告\公司对比\结果\DIOD_逐家公司投资思路对比_2026-07-14.md,False,f386fbd1d30989e056362bfdc9b60c1e58a707714ab8202cfd0f12157f6935c5,191,4: > 研究截止日：**2026-07-14**  ,1
DKILY,2026-07-14,2026-07-13,D:\drive\Investment\分析报告\公司对比\结果\DKILY_逐家公司投资思路对比_2026-07-14.md,False,85a07a5fb1e05934602960389f66951547c10b440d4e5f50e29bd79f0ef55e57,191,5: 以 2026-07-13 收盘价和当日可得信息为共同价格截止点，DKILY（Daikin Industries）是一项“高质量、低杠杆、低个位数增长、估值不便宜”的全球暖通与制冷资产，而不是已经进入业绩爆发期的 AI 数据中心冷却股。其最强维度是**防守资本保全**：全球装机基础、垂直一体化、55.9% 权益比率和较低有息负债提供恢复力。其最弱维度是**爆发增长与产业突破**：数据中心设施冷却仍约为集团收入的 2%，液冷与微通道技术处在验证和早期商业化阶段，尚无可与同业直接比较的公开数据中心订单、backlog 或取消率。,1
DLR,2026-07-14,2026-07-13,D:\drive\Investment\分析报告\公司对比\结果\DLR_逐家公司投资思路对比_2026-07-14.md,False,3bf44c89c1354280e14f68d800b7e655c91646eff5d0dcbf5ce92ab896a2a63e,191,4: > 研究截止：2026-07-14（America/Los_Angeles）  ,1
DOV,2026-07-14,2026-07-13,D:\drive\Investment\分析报告\公司对比\结果\DOV_逐家公司投资思路对比_2026-07-14.md,False,3de9af8240dcad9fa5357c41574da709c260e494f0aa0c45a9e3eef1e4740377,191,,1
DSCSY,2026-07-14,2026-07-13,D:\drive\Investment\分析报告\公司对比\结果\DSCSY_逐家公司投资思路对比_2026-07-14.md,False,55979235217ffd69c610e00c5d016d85ec1eab6694b835c5a9c3f8612be8504e,191,3: > 目标公司：DSCSY / DISCO。研究截止日：2026-07-14（America/Los_Angeles）。价格与当前估值快照日：2026-07-13。,1
DTE,2026-07-14,2026-07-13,D:\drive\Investment\分析报告\公司对比\结果\DTE_逐家公司投资思路对比_2026-07-14.md,False,3cfd8c9a0df447deb6a5f02065d170d3c9768bd0ea632734581d8803fd66c2e2,191,4: > **研究截止日**：经营与公司证据统一截至 2026-07-12；价格与数据商估值统一截至 2026-07-13 收盘；报告形成日为 2026-07-14（America/Los_Angeles）。  ,1
ECL,2026-07-14,2026-07-13,D:\drive\Investment\分析报告\公司对比\结果\ECL_逐家公司投资思路对比_2026-07-14.md,False,197f240ba0561e16f27c5e0197290032d492f1259e2206485700366edcdcabb8,191,4: > **研究截止日：** 2026-07-14（America/Los_Angeles）  ,1
EME,2026-07-14,2026-07-13,D:\drive\Investment\分析报告\公司对比\结果\EME_逐家公司投资思路对比_2026-07-14.md,False,c3d3cf310ea74dbcf06bf367eca3489cbf91fa1e3ac52c1d60f236c6e68f0198,191,4: **研究截止日：** 2026-07-14  ,1
ENPH,2026-07-14,2026-07-13,D:\drive\Investment\分析报告\公司对比\结果\ENPH_逐家公司投资思路对比_2026-07-14.md,False,b3680c47badfa4af3c63369d04e583605184a14fece9ef9cf63ef68c29544fab,191,4: > **研究截止：** 2026-07-14（America/Los_Angeles）  ,1
ENS,2026-07-14,2026-07-13,D:\drive\Investment\分析报告\公司对比\结果\ENS_逐家公司投资思路对比_2026-07-14.md,False,53064524caf3abbce22fcef21e10480f22697a4e5e69135fdd722ef8144b9aaa,191,4: > 研究截止：2026-07-14（America/Los_Angeles）  ,1
ENTG,2026-07-14,2026-07-13,D:\drive\Investment\分析报告\公司对比\结果\ENTG_逐家公司投资思路对比_2026-07-14.md,False,24450b5012af662f5d77804f9137c3db33b56d1ad5ca8ed66bbf6c8045ff7ba6,191,4: > 研究截止日：**2026-07-14**；价格与市场估值快照：**2026-07-13**  ,1
EQIX,2026-07-14,2026-07-13,D:\drive\Investment\分析报告\公司对比\结果\EQIX_逐家公司投资思路对比_2026-07-14.md,False,92c6ec17d2cca580197bc99c991537263a29a7054d6c3a152e778d5048c9297a,191,,1
ET,2026-07-14,2026-07-13,D:\drive\Investment\分析报告\公司对比\结果\ET_逐家公司投资思路对比_2026-07-14.md,False,e8f23232020afe59ddb8f7e0cb9d7664db299af3e16fe7cc9ca45b36c3c4c42b,191,4: > 研究截止日：2026-07-14；统一价格与市场估值快照：2026-07-13  ,1
ETN,2026-07-14,2026-07-13,D:\drive\Investment\分析报告\公司对比\结果\ETN_逐家公司投资思路对比_2026-07-14.md,False,431a38590e5675d55423f701d4032910a5a780e1892b02a3149663e7292634f3,191,,1
ETR,2026-07-14,2026-07-13,D:\drive\Investment\分析报告\公司对比\结果\ETR_逐家公司投资思路对比_2026-07-14.md,False,54216c8f4a28433317cbd56c41655d1f0f80e8ef08388bc31c1312278123e69a,191,,1
FCEL,2026-07-14,2026-07-13,D:\drive\Investment\分析报告\公司对比\结果\FCEL_逐家公司投资思路对比_2026-07-14.md,False,44b98d487b284202bc40e31bc0b0047341dfb0a369699a324cfd11f118aea090,191,,1
FIX,2026-07-14,2026-07-13,D:\drive\Investment\分析报告\公司对比\结果\FIX_逐家公司投资思路对比_2026-07-14.md,False,173821d9677498f613deaaddb32bfbcc6b344ef2454a5a8fa3d3f06604b99898,191,,1
FLEX,2026-07-14,2026-07-13,D:\drive\Investment\分析报告\公司对比\结果\FLEX_逐家公司投资思路对比_2026-07-14.md,False,11e726dbe1df234e9da1984674149e6f274495bd91e99273c61cd895ff07b140,191,,1
FLNC,2026-07-14,2026-07-13,D:\drive\Investment\分析报告\公司对比\结果\FLNC_逐家公司投资思路对比_2026-07-14.md,False,42e91441dcee755e2f74a478b871962f6ccd5bbbcfad75e59182c88676f7b618,191,4: > 研究截止：2026-07-14（America/Los_Angeles）  ,1
FN,2026-07-14,2026-07-13,D:\drive\Investment\分析报告\公司对比\结果\FN_逐家公司投资思路对比_2026-07-14.md,False,6d966f4cd22f05a07add8b359ec42fb5b90253e8b581ddee6349f49c09e94f86,191,4: > **研究截止：**经营与行业证据截至 2026-07-12；股价与估值快照采集于 2026-07-13 14:11 PDT，绝大多数价格日期为 2026-07-13，ASGLY、MICLF 为 2026-07-10。  ,1
FORM,2026-07-14,2026-07-13,D:\drive\Investment\分析报告\公司对比\结果\FORM_逐家公司投资思路对比_2026-07-14.md,False,4e35645a5dd773a0eb128f7a1dcd4e9a8cbad00d1467129318ed6145fa817886,191,,1
FTV,2026-07-14,2026-07-13,D:\drive\Investment\分析报告\公司对比\结果\FTV_逐家公司投资思路对比_2026-07-14.md,False,0051bfdc88121020c5cce0fa43c15708a27fbb2f043dfeb2db6dc47d9bfde7c0,191,4: > 研究截止日：**2026-07-14（America/Los_Angeles）**  ,1
GEV,2026-07-14,2026-07-13,D:\drive\Investment\分析报告\公司对比\结果\GEV_逐家公司投资思路对比_2026-07-14.md,False,223dc33bc6b9cb92008845984d85c531eefea4f4364ca38fcc3d1c2623725f05,191,,1
GFS,2026-07-14,2026-07-13,D:\drive\Investment\分析报告\公司对比\结果\GFS_逐家公司投资思路对比_2026-07-14.md,False,314f1908156411ab430d29732f4e999de6e7f289127d716bde45e536a62ea4b9,191,4: > **研究截止日：2026-07-14（America/Los_Angeles）**  ,1
GLW,2026-07-14,2026-07-13,D:\drive\Investment\分析报告\公司对比\结果\GLW_逐家公司投资思路对比_2026-07-14.md,False,c54ddb97cc212647f50e73ff8d9fcd743234715a4f4684a42a0ceb9a40ae6e2f,191,4: > **研究截止日：** 2026-07-14（America/Los_Angeles）  ,1
GNRC,2026-07-14,2026-07-13,D:\drive\Investment\分析报告\公司对比\结果\GNRC_逐家公司投资思路对比_2026-07-14.md,False,562066d0d3d9aa978641d60beb41116ab5e3f3dd3bb07f2e80445b65bb9df461,191,4: > **研究截止日：** 2026-07-14  ,1
GOOGL,2026-07-14,2026-07-13,D:\drive\Investment\分析报告\公司对比\结果\备份\GOOGL_2026-07-18T16_36_37-07_00-60b691525e\GOOGL_逐家公司投资思路对比_2026-07-14.md,True,60e28c7d0c34811f801e2b27b0e82016b9c31b167dae8a9e00c1d3b79a6ba23d,191,4: > **研究截止日：2026-07-14（America/Los_Angeles）**  ,1
HOCPY,2026-07-14,2026-07-13,D:\drive\Investment\分析报告\公司对比\结果\HOCPY_逐家公司投资思路对比_2026-07-14.md,False,371424684e90979fb16f83b761d89696e3a69ab4e622a802e0235229bd7a5703,191,4: > **研究截止日：**2026-07-14（America/Los_Angeles）；经营情景以 2026-07-12 正式评估为主，价格与行情估值以 2026-07-13 收盘/采集快照为准。  ,1
HPE,2026-07-14,2026-07-13,D:\drive\Investment\分析报告\公司对比\结果\HPE_逐家公司投资思路对比_2026-07-14.md,False,c77849a54b7f64688717c62383f3db3dee3e3f1c5c6c46dd9c9f2f40fa032d31,191,8: - **价格截止日**：统一使用 `每日金融数据_2026-07-13.md` 的 2026-07-13 快照。HPE 收盘价为 **47.24 美元**，市值 **625.6 亿美元**。因本地正式评估与价格快照仅相差一天且覆盖完整，本次没有用 2026-07-14 盘中网页数据替换局部公司数据，避免引入不同截止时点。,1
HTHIY,2026-07-14,2026-07-13,D:\drive\Investment\分析报告\公司对比\结果\HTHIY_逐家公司投资思路对比_2026-07-14.md,False,0b1359749eca7fd972c67a824bd229997e3d31bc7ec8b929cfd00b4402394a48,191,8: > 价格截止：2026-07-13 收盘或最近可得交易日；生成快照时间 2026-07-13 14:11 PDT  ,1
HUBB,2026-07-14,2026-07-13,D:\drive\Investment\分析报告\公司对比\结果\HUBB_逐家公司投资思路对比_2026-07-14.md,False,1b7b622c97da7fe4a56cffcd3b720b93885ec30a1543b0b79db2965fa32deb6a,191,,1
IBM,2026-07-14,2026-07-13,D:\drive\Investment\分析报告\公司对比\结果\备份\IBM_2026-07-18T16_36_31-07_00-ecd26dd28a\IBM_逐家公司投资思路对比_2026-07-14.md,True,14d9e2bdfdabac6f3845ab91b1ba854cdaa45f28c8779ade3e3ab77419af4654,191,4: > **研究截止日：** 2026-07-14（America/Los_Angeles）   | 6: > **价格截止：** 2026-07-13 收盘；192 家全部取得价格，ASGLY、MICLF 的最近成交日滞后至 2026-07-10  ,1
ICHR,2026-07-14,2026-07-13,D:\drive\Investment\分析报告\公司对比\结果\ICHR_逐家公司投资思路对比_2026-07-14.md,False,4976726413fbe7fa4d37c5f148392e5311d04f51a6223f364f0eb0e4ed7099d2,191,,1
IESC,2026-07-14,2026-07-13,D:\drive\Investment\分析报告\公司对比\结果\IESC_逐家公司投资思路对比_2026-07-14.md,False,5d93f4d14e8cf424b452b159c0a4237610a334e3e8568a1fd1d33a4832153c4b,191,,1
IFNNY,2026-07-14,2026-07-13,D:\drive\Investment\分析报告\公司对比\结果\IFNNY_逐家公司投资思路对比_2026-07-14.md,False,774cce31b791df05c915d3b67145ca7345bb87b3f0990964391e6f128e6020b5,191,4: > **研究截止日**：2026-07-14；价格与横截面估值采用项目内最新快照 **2026-07-13**。  ,1
IMOS,2026-07-14,2026-07-13,D:\drive\Investment\分析报告\公司对比\结果\IMOS_逐家公司投资思路对比_2026-07-14.md,False,a908993b0490e6a3e80aa0ad0b9249858d8e2caaa1a398172f17671d4a9ea5f0,191,,1
INTC,2026-07-14,2026-07-13,D:\drive\Investment\分析报告\公司对比\结果\备份\INTC_2026-07-18T16_36_35-07_00-88ed7e2e73\INTC_逐家公司投资思路对比_2026-07-14.md,True,eb1faad25c81f07922d93b40bc185e16fbf8c8cbd94c4d1cd0b649f785018772,191,4: > 研究截止日：2026-07-14（America/Los_Angeles）  ,1
IREN,2026-07-14,2026-07-13,D:\drive\Investment\分析报告\公司对比\结果\IREN_逐家公司投资思路对比_2026-07-14.md,False,47ac20574f4f6debdac61fae2fc8e05fe4df9731d8b3ed9678b76c46394466c9,191,4: > **研究截止日：** 2026-07-14（America/Los_Angeles）  ,1
JBL,2026-07-14,2026-07-13,D:\drive\Investment\分析报告\公司对比\结果\JBL_逐家公司投资思路对比_2026-07-14.md,False,048eb73218c0de336c9b01fea8b21578028c3dd927c4ecd59dcd68b2ed43260a,191,,1
JCI,2026-07-14,2026-07-13,D:\drive\Investment\分析报告\公司对比\结果\JCI_逐家公司投资思路对比_2026-07-14.md,False,bf8153112fb4bd83c55d541c81eb495be566ad8859d1b8b61171fb6c9e60d46d,191,,1
KEYS,2026-07-14,2026-07-13,D:\drive\Investment\分析报告\公司对比\结果\KEYS_逐家公司投资思路对比_2026-07-14.md,False,64ec6b0e72c243ceba322b3eceab2a1f5a1ff783bb75767c6a958c6cbd096200,191,4: > 研究截止：正式公司与行业资料截至 2026-07-12；价格、估值与市场状态截至 2026-07-13 美股收盘；报告编制日为 2026-07-14（PDT）。  ,1
KLAC,2026-07-14,2026-07-13,D:\drive\Investment\分析报告\公司对比\结果\KLAC_逐家公司投资思路对比_2026-07-14.md,False,5d88948f4a0d1d5fd44370c22d1ccad64dbcfa3291a639289140390738e5b95f,191,4: > 研究截止日：2026-07-14（America/Los_Angeles）  ,1
KLIC,2026-07-14,2026-07-13,D:\drive\Investment\分析报告\公司对比\结果\KLIC_逐家公司投资思路对比_2026-07-14.md,False,5a9dc1d8ff5f13e757a59291ea8b7de1f7fbc8ecfda81b815292ead43c00bcb9,191,4: > 研究截止：2026-07-14（PDT）；证券价格与数据商估值以 2026-07-13 收盘/采集为准  ,1
LFUS,2026-07-14,2026-07-13,D:\drive\Investment\分析报告\公司对比\结果\LFUS_逐家公司投资思路对比_2026-07-14.md,False,4013ccb695d52d5ee97d028d3d1a74148c63a062c566c1af851eba94b238ae00,191,4: > 研究截止日：2026-07-14  ,1
LIN,2026-07-14,2026-07-13,D:\drive\Investment\分析报告\公司对比\结果\LIN_逐家公司投资思路对比_2026-07-14.md,False,c4316a6a5246bff98284c5a6edf67daff6fadfabd709da70ad02058c94a88505,191,,1
LITE,2026-07-14,2026-07-13,D:\drive\Investment\分析报告\公司对比\结果\LITE_逐家公司投资思路对比_2026-07-14.md,False,0d5a29ed6f1f5528d0801f907e8a9d88c31378c68ebde99f75ee9d087bfd578a,191,,1
LRCX,2026-07-14,2026-07-13,D:\drive\Investment\分析报告\公司对比\结果\LRCX_逐家公司投资思路对比_2026-07-14.md,False,aa7388577dc6bcbc41a7dd7a1169a4b871c6d01afc7d598879bad78ee16df21d,191,4: > 研究截止日：2026-07-14（America/Los_Angeles）  ,1
LWLG,2026-07-14,2026-07-13,D:\drive\Investment\分析报告\公司对比\结果\LWLG_逐家公司投资思路对比_2026-07-14.md,False,82e379498a98f03566c28a8d05844b845556be8986819f08c31eaa7d4dced91e,191,,1
MCHP,2026-07-14,2026-07-13,D:\drive\Investment\分析报告\公司对比\结果\MCHP_逐家公司投资思路对比_2026-07-14.md,False,320567cad00144708c6f422e41ef1648a35de10581954b70d556d8e060e16c43,191,,1
META,2026-07-14,2026-07-13,D:\drive\Investment\分析报告\公司对比\结果\备份\META_2026-07-18T16_36_34-07_00-23b957362a\META_逐家公司投资思路对比_2026-07-14.md,True,3e873c0421768028195e561ce0d998e266cf694734cb90c5103990f581c00c37,191,,1
MICLF,2026-07-14,2026-07-13,D:\drive\Investment\分析报告\公司对比\结果\MICLF_逐家公司投资思路对比_2026-07-14.md,False,ddd9f6e74c2b4d2df7b34b07b626afa8c8678948340050f7e7e182ddb1fb56fd,191,,1
MIELY,2026-07-14,2026-07-13,D:\drive\Investment\分析报告\公司对比\结果\MIELY_逐家公司投资思路对比_2026-07-14.md,False,4a3d9dc4870fbf09509da2597dca101ae4de404b917d53d5216ee79d8dec5037,191,4: > 研究截止日：2026-07-14；经营与公司研究基准日：2026-07-12；价格与市场估值截面：2026-07-13。  ,1
MKSI,2026-07-14,2026-07-13,D:\drive\Investment\分析报告\公司对比\结果\MKSI_逐家公司投资思路对比_2026-07-14.md,False,4fd08711f908c8ac04385bc38e750772bd2a4ea87bd12d81ddb16d8bd097cb2f,191,4: > 研究截止日：**2026-07-14（America/Los_Angeles）**  ,1
MMM,2026-07-14,2026-07-13,D:\drive\Investment\分析报告\公司对比\结果\备份\MMM_2026-07-18T17_06_06-07_00-7c7419bf3c\MMM_逐家公司投资思路对比_2026-07-14.md,True,ec6f45dca58d407b807c23bec660ea0828f787601ac8837343c6f795d9114b35,191,4: > 研究截止日：2026-07-14（America/Los_Angeles）  ,1
MOD,2026-07-14,2026-07-13,D:\drive\Investment\分析报告\公司对比\结果\MOD_逐家公司投资思路对比_2026-07-14.md,False,80633f8babb0a7060cac305fe2c06f906b70314787b3c971f135d47bfb9634ff,191,4: > **研究截止日：** 2026-07-14（America/Los_Angeles）  ,1
MPWR,2026-07-14,2026-07-13,D:\drive\Investment\分析报告\公司对比\结果\MPWR_逐家公司投资思路对比_2026-07-14.md,False,bc735606520509967be7a8bf9bd086a0e7f6544d9cfd5028fe4bf09f6005322f,191,4: > **研究截止日：** 2026-07-14；价格与市场估值统一使用 2026-07-13 快照；经营事实与 NTM 情景统一使用截至 2026-07-12 的正式资料。  ,1
MRAAY,2026-07-14,2026-07-13,D:\drive\Investment\分析报告\公司对比\结果\MRAAY_逐家公司投资思路对比_2026-07-14.md,False,8f6a8b1e6b82908f4dd5f5dcd7f98d4ddd1725a8dc864a7bf5b5721dd5ee16b4,191,4: > 研究截止日：2026-07-14；价格与市场状态截点：2026-07-13  ,1
MRAM,2026-07-14,2026-07-13,D:\drive\Investment\分析报告\公司对比\结果\MRAM_逐家公司投资思路对比_2026-07-14.md,False,cf0d3c3dfcdcd418c803ea26809affe68c57833a02fa450460847aca4f940a1e,191,,1
MRVL,2026-07-14,2026-07-13,D:\drive\Investment\分析报告\公司对比\结果\MRVL_逐家公司投资思路对比_2026-07-14.md,False,ee4b4868976b2aaff73a949b660a649141221e2c243b5751ddc42cf9fd2e3859,191,,1
MSFT,2026-07-14,2026-07-13,D:\drive\Investment\分析报告\公司对比\结果\备份\MSFT_2026-07-18T17_08_58-07_00-fdefe72bc3\MSFT_逐家公司投资思路对比_2026-07-14.md,True,f7a48cd8b5cb717ff75d1685df5d8d7280ece3231ee56713cdf318b0083ca6a3,191,,1
MSI,2026-07-14,2026-07-13,D:\drive\Investment\分析报告\公司对比\结果\MSI_逐家公司投资思路对比_2026-07-14.md,False,fd47dcb5ee82557740fc3dc4ad4dff5eaaea3dbe47e9b47c449a46cdfbb8d047,191,4: > **研究截止日：** 经营与公司证据截至 2026-07-12；价格、估值与市场状态截至 2026-07-13  ,1
MTRN,2026-07-14,2026-07-13,D:\drive\Investment\分析报告\公司对比\结果\MTRN_逐家公司投资思路对比_2026-07-14.md,False,d7ee3b78a67d96cc6dc92ca11349699cdb06b144681c6efd469794aa24424145,191,,1
MTSI,2026-07-14,2026-07-13,D:\drive\Investment\分析报告\公司对比\结果\MTSI_逐家公司投资思路对比_2026-07-14.md,False,3f56bfed5ece976c3faa55be111037c86caa6847ff9ba49ae989bbe76a37038c,191,4: > 研究截止日：**2026-07-14**；价格与市场估值统一采用项目内 **2026-07-13 收盘快照**。  ,1
MU,2026-07-14,2026-07-13,D:\drive\Investment\分析报告\公司对比\结果\MU_逐家公司投资思路对比_2026-07-14.md,False,ef1c1f08dc706ccc18e6c74beef9cbe5e164a93e1f13f9890ec9d808dc55e58d,191,4: > 研究截止日：2026-07-14（America/Los_Angeles）  ,1
MXL,2026-07-14,2026-07-13,D:\drive\Investment\分析报告\公司对比\结果\MXL_逐家公司投资思路对比_2026-07-14.md,False,2760dd04ff2def6ec5ba38581895f738ac228d553305da5c0a41dee97d48c561,191,,1
MYRG,2026-07-14,2026-07-13,D:\drive\Investment\分析报告\公司对比\结果\MYRG_逐家公司投资思路对比_2026-07-14.md,False,a479b281e80de1202bb58e01d3691ad9456c1d519b7c499b7fbc70d408ee3a67,191,,1
NBIS,2026-07-14,2026-07-13,D:\drive\Investment\分析报告\公司对比\结果\备份\NBIS_2026-07-18T17_05_08-07_00-d39b9afe4a\NBIS_逐家公司投资思路对比_2026-07-14.md,True,a0eff3f1fd28b2fb02f388f34aff935c25435e93b78d158a11bd279036805dd7,191,4: > 研究截止：**2026-07-14 08:45 PDT**；全表统一价格与估值基准：**2026-07-13 收盘**  ,1
NDSN,2026-07-14,2026-07-13,D:\drive\Investment\分析报告\公司对比\结果\NDSN_逐家公司投资思路对比_2026-07-14.md,False,e45f348a699a9444d95df962002b5c685854efb7ee5792e6dd0a67008317db1a,191,4: > **研究截止：** 2026-07-14（America/Los_Angeles）；价格与横截面估值截至 2026-07-13 收盘/采集时点  ,1
NOK,2026-07-14,2026-07-13,D:\drive\Investment\分析报告\公司对比\结果\NOK_逐家公司投资思路对比_2026-07-14.md,False,34ca6fc7e87a9fd4054b1b7762ff0549ba9c190aef66ed77538e857d0f28d7ef,191,4: > 研究截止日：2026-07-14（America/Los_Angeles）  ,1
NTAP,2026-07-14,2026-07-13,D:\drive\Investment\分析报告\公司对比\结果\备份\NTAP_2026-07-18T17_23_05-07_00-19b83f8e6e\NTAP_逐家公司投资思路对比_2026-07-14.md,True,8675f9c0c5dc5cf0bfade90d73d0bc1408b436dcbdb743d3ac14ae301a4dd94f,191,4: > **研究截止日：** 2026-07-14；价格与市场估值统一使用 2026-07-13 收盘快照  ,1
NTNX,2026-07-14,2026-07-13,D:\drive\Investment\分析报告\公司对比\结果\NTNX_逐家公司投资思路对比_2026-07-14.md,False,caa759adac290100d89ade2309e38aa47bbca86cdc59de9c6a2e0bff4b1d06b3,191,4: > **研究截止日：**2026-07-14（America/Los_Angeles）  ,1
NVDA,2026-07-14,2026-07-13,D:\drive\Investment\分析报告\公司对比\结果\备份\NVDA_2026-07-18T17_14_22-07_00-ccc7dfc361\NVDA_逐家公司投资思路对比_2026-07-14.md,True,12865e1c45a1bc282dd718a23d29f6bc1f0a2edf7a4c27b4970d342c4376c3dd,191,,1
NVMI,2026-07-14,2026-07-13,D:\drive\Investment\分析报告\公司对比\结果\NVMI_逐家公司投资思路对比_2026-07-14.md,False,69b51d78f74cf592480bb2ca0a30a3a3ac7773dd3c483ff5f99396dafb24fcf4,191,5: > **统一价格截止：** 2026-07-13 收盘；7 月 14 日盘中价格不进入横向排序  ,1
NVT,2026-07-14,2026-07-13,D:\drive\Investment\分析报告\公司对比\结果\NVT_逐家公司投资思路对比_2026-07-14.md,False,fec63e2ca651b684927e3f52b3f43ed65d19e8b17603aec906568a87614a3601,191,4: > **研究截止日**：2026-07-14（America/Los_Angeles）  ,1
NVTS,2026-07-14,2026-07-13,D:\drive\Investment\分析报告\公司对比\结果\NVTS_逐家公司投资思路对比_2026-07-14.md,False,ca1ba18270fb719f26afba6b83f2535a46d16c1878e4073512fef91c55aae576,191,4: > **研究截止日：** 2026-07-14；公司基本面与经营模型主要截至 2026-07-12，横截面价格与估值统一采用 2026-07-13 收盘。  ,1
OKLO,2026-07-14,2026-07-13,D:\drive\Investment\分析报告\公司对比\结果\OKLO_逐家公司投资思路对比_2026-07-14.md,False,2519c27e841c486dc704647f6748d811d3d8d30068b94c1d4e39ba1bf2f70a01,191,4: > **研究截止日：** 2026-07-14（America/Los_Angeles）  ,1
ON,2026-07-14,2026-07-13,D:\drive\Investment\分析报告\公司对比\结果\ON_逐家公司投资思路对比_2026-07-14.md,False,f8e12ebc7f471eec5c71eeded3dcfb66e98a26a8f5b574a692dd8ce81b4e1576,191,,1
ONTO,2026-07-14,2026-07-13,D:\drive\Investment\分析报告\公司对比\结果\ONTO_逐家公司投资思路对比_2026-07-14.md,False,178b2a92121c51711c6b6ad76b5941997497157170feed8daecd0e01ff6b65c0,191,4: > **研究截止日：**2026-07-14（America/Los_Angeles）  ,1
ORCL,2026-07-14,2026-07-13,D:\drive\Investment\分析报告\公司对比\结果\ORCL_逐家公司投资思路对比_2026-07-14.md,False,465abb2a9e4e9067d6f90376e1fed8439ac408ca438aba322bd5097677a57260,191,4: > 研究截止日：2026-07-14  ,1
P,2026-07-14,2026-07-13,D:\drive\Investment\分析报告\公司对比\结果\P_逐家公司投资思路对比_2026-07-14.md,False,af66fa0cf9b19d0be218b0dfb44218d0d6e08cee728f98850d3da6e07211e455,191,4: > **研究截止日：**2026-07-14（America/Los_Angeles）  ,1
PENG,2026-07-14,2026-07-13,D:\drive\Investment\分析报告\公司对比\结果\PENG_逐家公司投资思路对比_2026-07-14.md,False,05d3d5232efb94322522492b075480f371e40c3a15f7596c27affa73946257c0,191,,1
PH,2026-07-14,2026-07-13,D:\drive\Investment\分析报告\公司对比\结果\PH_逐家公司投资思路对比_2026-07-14.md,False,5f2279e920cc7a04b79e48f78b93dcfdac458bc80b0ec9f9f2684066cb7c103b,191,,1
PLAB,2026-07-14,2026-07-13,D:\drive\Investment\分析报告\公司对比\结果\PLAB_逐家公司投资思路对比_2026-07-14.md,False,6092c542b9f3eb45cbfbd0de821b49d86bc5d990b6837253c0838e293afcf421,191,4: > **研究截止日：** 2026-07-14（America/Los_Angeles）  ,1
PNR,2026-07-14,2026-07-13,D:\drive\Investment\分析报告\公司对比\结果\PNR_逐家公司投资思路对比_2026-07-14.md,False,5e5fa734c3af0e29b410f0af2ca4a21abefd5bc12a7b83e61844a8342fb68aec,191,4: - **研究截止：**2026-07-14（America/Los_Angeles）,1
POET,2026-07-14,2026-07-13,D:\drive\Investment\分析报告\公司对比\结果\POET_逐家公司投资思路对比_2026-07-14.md,False,6f38374168b4b16cd6c9dba880d9929f86f2aeadcfdcfd45a971f7d531d63274,191,4: > **研究截止日：** 2026-07-14；股价与横截面估值统一采用 2026-07-13 收盘附近的项目日度快照  ,1
POWI,2026-07-14,2026-07-13,D:\drive\Investment\分析报告\公司对比\结果\POWI_逐家公司投资思路对比_2026-07-14.md,False,387237bc466031ada411f200bceb7e25873675960b9c53ab550105f7553da609,191,3: > 研究截止：2026-07-14（America/Los_Angeles）  ,1
POWL,2026-07-14,2026-07-13,D:\drive\Investment\分析报告\公司对比\结果\POWL_逐家公司投资思路对比_2026-07-14.md,False,dfdc645b4ffa4a6db542d33ef4c6467ce886c9f3ae56f6cddc97447defa0ece4,191,,1
PSIX,2026-07-14,2026-07-13,D:\drive\Investment\分析报告\公司对比\结果\PSIX_逐家公司投资思路对比_2026-07-14.md,False,322465f659d0964efe914fb104cdd35bbdad56d9cb218094dd577a7ef75495b5,191,4: > **研究截止日：** 2026-07-14（America/Los_Angeles）  ,1
PWR,2026-07-14,2026-07-13,D:\drive\Investment\分析报告\公司对比\结果\PWR_逐家公司投资思路对比_2026-07-14.md,False,f03a8afb1c9b99bba3c8ad915284a0b70eeb49b26a3d7cc0bb02d0d6fced092e,191,,1
Q,2026-07-14,2026-07-13,D:\drive\Investment\分析报告\公司对比\结果\Q_逐家公司投资思路对比_2026-07-14.md,False,93bf24f68463ef3aeff77a92f39ef431fc060fc671bb1c779579120aab3b3cc3,191,,1
QCOM,2026-07-14,2026-07-13,D:\drive\Investment\分析报告\公司对比\结果\QCOM_逐家公司投资思路对比_2026-07-14.md,False,399363e09f3f507eab5508e36d2a71ca0f78e8928f567de9d7093c5bc47b03a7,191,,1
RKLB,2026-07-14,2026-07-13,D:\drive\Investment\分析报告\公司对比\结果\RKLB_逐家公司投资思路对比_2026-07-14.md,False,d08fc070c048d288e12c0672ecabc290f3182e89d5fd2b2361b11cac9b25d910,191,4: > 统一价格截止：2026-07-13 收盘；报告日 2026-07-14 的盘中波动不进入任何一行，以保证 A、B 同一截止日  ,1
RMBS,2026-07-14,2026-07-13,D:\drive\Investment\分析报告\公司对比\结果\RMBS_逐家公司投资思路对比_2026-07-14.md,False,d73877d81154c875e20c2397a799836c470a1a4188eda32dd456298c0e98b804,191,4: > 研究截止：2026-07-14（America/Los_Angeles）  ,1
ROG,2026-07-14,2026-07-13,D:\drive\Investment\分析报告\公司对比\结果\ROG_逐家公司投资思路对比_2026-07-14.md,False,d5c2c58add613b8244bb560af6d6c908420e1d73177d08447e28e465044787cb,191,,1
RYCEY,2026-07-14,2026-07-13,D:\drive\Investment\分析报告\公司对比\结果\RYCEY_逐家公司投资思路对比_2026-07-14.md,False,65aa2e6ea947a5a41b8e4daf02c28b3447ee2062b49066c6bb8d6e2eba4254ab,191,,1
SANM,2026-07-14,2026-07-13,D:\drive\Investment\分析报告\公司对比\结果\SANM_逐家公司投资思路对比_2026-07-14.md,False,1abf6a8715300b0efbbe52ca98a346990dbd7de959b2388694bd868ba13a0382,191,5: > 研究截止：2026-07-14（America/Los_Angeles）  ,1
SHECY,2026-07-14,2026-07-13,D:\drive\Investment\分析报告\公司对比\结果\SHECY_逐家公司投资思路对比_2026-07-14.md,False,4cb3422a7729317065c30d1899dac550defbeb4bed2564291455a74001804c27,191,4: > 研究截止：公司评估与基础研究截至 2026-07-12；价格、估值与市场状态截至 2026-07-13；报告生成日 2026-07-14。  ,1
SIMO,2026-07-14,2026-07-13,D:\drive\Investment\分析报告\公司对比\结果\SIMO_逐家公司投资思路对比_2026-07-14.md,False,4213cd4a4b17f8690c0152ea94d71b84f4eba5b6d34507498c05222e2d7d003e,191,,1
SITM,2026-07-14,2026-07-13,D:\drive\Investment\分析报告\公司对比\结果\SITM_逐家公司投资思路对比_2026-07-14.md,False,22dc74168925d503e8dfa87bda0abfe4310bb4d58cd8b86a33d34a8c9c4c1e51,191,4: > 研究截止：2026-07-14（America/Los_Angeles）  ,1
SKHY,2026-07-14,2026-07-13,D:\drive\Investment\分析报告\公司对比\结果\SKHY_逐家公司投资思路对比_2026-07-14.md,False,4587c1c8f615896464fed45f776b14a398c628ffc5b9b31a89801f68a6e20b12,191,,1
SMCI,2026-07-14,2026-07-13,D:\drive\Investment\分析报告\公司对比\结果\SMCI_逐家公司投资思路对比_2026-07-14.md,False,a37513264cd1fd0317f3ca13e85ec2c44b5029d6b0b54c07724bf453afe7bc20,191,4: > 研究截止：2026-07-14（America/Los_Angeles）  ,1
SMR,2026-07-14,2026-07-13,D:\drive\Investment\分析报告\公司对比\结果\SMR_逐家公司投资思路对比_2026-07-14.md,False,b94b410704971592f9779bc79226124a6ff3a2b15a6702a3d94096a0e68eb569,191,,1
SMTC,2026-07-14,2026-07-13,D:\drive\Investment\分析报告\公司对比\结果\SMTC_逐家公司投资思路对比_2026-07-14.md,False,ba6b4870d6a4064e2e3531166e3ed06c1f2386c5bb15eb5d06bda2a92172102d,191,4: **研究截止日：** 2026-07-14（股价与横截面估值快照以 2026-07-13 收盘为主）  ,1
SMTOY,2026-07-14,2026-07-13,D:\drive\Investment\分析报告\公司对比\结果\SMTOY_逐家公司投资思路对比_2026-07-14.md,False,5baed6805d42fb63e16cd7c75d37825daf23573339e077ff3ba4bf9787d0538c,191,4: > 研究截止日：**2026-07-14**；经营资料主截点：**2026-07-12**；价格、估值与市场状态截点：**2026-07-13（PDT）**  ,1
SNDK,2026-07-14,2026-07-13,D:\drive\Investment\分析报告\公司对比\结果\SNDK_逐家公司投资思路对比_2026-07-14.md,False,0bcd037a48c5de08629330d3d845e9dc2334172efa7fd22b954ed49ae234e40b,191,,1
SNPS,2026-07-14,2026-07-13,D:\drive\Investment\分析报告\公司对比\结果\SNPS_逐家公司投资思路对比_2026-07-14.md,False,30fac7791b754b63ac3c5abacfeb0c598e9454983a7b65671e9318f1a34c2757,191,,1
SOMMY,2026-07-14,2026-07-13,D:\drive\Investment\分析报告\公司对比\结果\SOMMY_逐家公司投资思路对比_2026-07-14.md,False,4ae6a624985951889898e15dbbb3b72d347e4239bd199d49b7eb75ee926480cd,191,4: > **研究截止：**经营与估值评估截至 2026-07-12；市场价格截至 2026-07-13；日元换算采用美联储 H.10 在 2026-07-13 周报中列示的 2026-07-10 汇率 161.31 日元/美元。  ,1
ST,2026-07-14,2026-07-13,D:\drive\Investment\分析报告\公司对比\结果\ST_逐家公司投资思路对比_2026-07-14.md,False,0716029d0070c77cbca03ec1ed79c5714288f9d5d9c46f6c53f9f30d993d9abc,191,3: > **研究截止日：2026-07-14（America/Los_Angeles）**  ,1
STM,2026-07-14,2026-07-13,D:\drive\Investment\分析报告\公司对比\结果\STM_逐家公司投资思路对比_2026-07-14.md,False,9d79f9e8e90a17947b7d8528683eb4bc1f65f0b409d76b17940a97476f960f39,191,4: > 研究截止：2026-07-14（America/Los_Angeles）；财务与经营资料截至各公司最新正式披露，股价与数据商估值统一采用 2026-07-13 快照  ,1
STX,2026-07-14,2026-07-13,D:\drive\Investment\分析报告\公司对比\结果\STX_逐家公司投资思路对比_2026-07-14.md,False,31d68e182366f57d7a465ee2c1c5db6f9d3e2ec3ceb0d53f0f7f6cc59c11536b,191,,1
TDY,2026-07-14,2026-07-13,D:\drive\Investment\分析报告\公司对比\结果\TDY_逐家公司投资思路对比_2026-07-14.md,False,b402fa9c915c76b0a7c03abe1274bae8adadbbbbcf448f075075eea1deab9620,191,,1
TE,2026-07-14,2026-07-13,D:\drive\Investment\分析报告\公司对比\结果\TE_逐家公司投资思路对比_2026-07-14.md,False,fc032f856934c8fdf7d76bb93f642f5b6151ccd3aa242d68ccff23f1176c43e4,191,,1
TEL,2026-07-14,2026-07-13,D:\drive\Investment\分析报告\公司对比\结果\TEL_逐家公司投资思路对比_2026-07-14.md,False,aa93b5d1cb3ec8d77fe595a1b9555e1f3a78ab91f609faada1b868580b235b17,191,4: > 研究截止：**2026-07-14（America/Los_Angeles）**  ,1
TER,2026-07-14,2026-07-13,D:\drive\Investment\分析报告\公司对比\结果\TER_逐家公司投资思路对比_2026-07-14.md,False,0b4f033d22947d254fde0a95175cb93d8300df49fc1bd615190f4179de50b56e,191,4: > **研究截止：** 2026-07-14（America/Los_Angeles）  ,1
TMO,2026-07-14,2026-07-13,D:\drive\Investment\分析报告\公司对比\结果\TMO_逐家公司投资思路对比_2026-07-14.md,False,69053477f4fe0d46ec1550726a0fcee641b2bb182289c90b01067486852e4da8,191,,1
TOELY,2026-07-14,2026-07-13,D:\drive\Investment\分析报告\公司对比\结果\TOELY_逐家公司投资思路对比_2026-07-14.md,False,7451f9a67d3635389dc82b60b99df268741158e641fd644a32cb7e7b2dae690e,191,,1
TSEM,2026-07-14,2026-07-13,D:\drive\Investment\分析报告\公司对比\结果\备份\TSEM_2026-07-18T16_36_36-07_00-f18672470d\TSEM_逐家公司投资思路对比_2026-07-14.md,True,6ee73b9fffb0036e400768504a91bfe80eebf2c016fa675671ed65de476798c6,191,,1
TSLA,2026-07-14,2026-07-13,D:\drive\Investment\分析报告\公司对比\结果\TSLA_逐家公司投资思路对比_2026-07-14.md,False,34cc30f186af85bd31d3c877446c452d05d85764976a630368c4b1318cedacf7,191,,1
TSM,2026-07-14,2026-07-13,D:\drive\Investment\分析报告\公司对比\结果\备份\TSM_2026-07-18T16_36_34-07_00-23b957362a\TSM_逐家公司投资思路对比_2026-07-14.md,True,c2eb4f58b0d6a47c340fcff202ed367b7a79fb09fad7e02d024ef2c65f4e5b6a,191,4: > **研究截止日：** 2026-07-14（America/Los_Angeles）  ,1
TT,2026-07-14,2026-07-13,D:\drive\Investment\分析报告\公司对比\结果\TT_逐家公司投资思路对比_2026-07-14.md,False,9c138da08a3875f899c4120a446dc49260b0c4721531b02b0df323184720a3b3,191,,1
TTDKY,2026-07-14,2026-07-13,D:\drive\Investment\分析报告\公司对比\结果\TTDKY_逐家公司投资思路对比_2026-07-14.md,False,a2b37dae7af4ae33a35d3eab64b45a836164113ef9fb932e287c423e276e989e,191,4: > 研究截止日：2026-07-14（America/Los_Angeles）  ,1
TXN,2026-07-14,2026-07-13,D:\drive\Investment\分析报告\公司对比\结果\TXN_逐家公司投资思路对比_2026-07-14.md,False,49a96f42895b2e381a1e3a4fcafc006b5f0c0816ab3cf3423614f5fbbedeb544,191,4: > 研究截止日：2026-07-14（America/Los_Angeles）  ,1
UCTT,2026-07-14,2026-07-13,D:\drive\Investment\分析报告\公司对比\结果\UCTT_逐家公司投资思路对比_2026-07-14.md,False,b6bfad5c49547b8a2d04da0ba5aa2ea67104b2aca066765a2b5140dc77c11a7b,191,,1
UMC,2026-07-14,2026-07-13,D:\drive\Investment\分析报告\公司对比\结果\UMC_逐家公司投资思路对比_2026-07-14.md,False,3bdd35936f1b535d0a0133b3209951d9097f620dfdec95c9bd59dccc3f630617,191,4: > 研究截止：2026-07-14（America/Los_Angeles）  ,1
VECO,2026-07-14,2026-07-13,D:\drive\Investment\分析报告\公司对比\结果\VECO_逐家公司投资思路对比_2026-07-14.md,False,fa44f334d26a8ae05a299aafe1592148c589576a183d1e73a030188e8a45cbff,191,5: > **价格与数据时点：** 2026-07-13 收盘快照；研究截止 2026-07-14（America/Los_Angeles）  ,1
VIAV,2026-07-14,2026-07-13,D:\drive\Investment\分析报告\公司对比\结果\VIAV_逐家公司投资思路对比_2026-07-14.md,False,9c0b55395889763d982febf78183ee828b601379e721a693625f2be3242eef19,191,,1
VICR,2026-07-14,2026-07-13,D:\drive\Investment\分析报告\公司对比\结果\VICR_逐家公司投资思路对比_2026-07-14.md,False,ee7016a000424da3d393995c3b22bbc785a37182c00f34a67b80efc1f2e18174,191,7: > **统一价格截止：**2026-07-13 日度快照，所有公司使用同一日价格和估值；VICR 收盘价 **252.16 美元**。  ,1
VISN,2026-07-14,2026-07-13,D:\drive\Investment\分析报告\公司对比\结果\VISN_逐家公司投资思路对比_2026-07-14.md,False,2b4071c8865306a2e31ed8287857e015316ca755ea78b98b5f0f8b59568e19d2,191,,1
VRT,2026-07-14,2026-07-13,D:\drive\Investment\分析报告\公司对比\结果\VRT_逐家公司投资思路对比_2026-07-14.md,False,ad1d4c88939ac370adfbc648112a01e58dbe9c9fa1f0cbdd84835088c9a8b63a,191,4: > **研究截止日：** 2026-07-14（经营资料主要更新至 2026-07-12；价格与估值快照主要为 2026-07-13）  ,1
VSH,2026-07-14,2026-07-13,D:\drive\Investment\分析报告\公司对比\结果\VSH_逐家公司投资思路对比_2026-07-14.md,False,83159724166fa658e9c60b0f00dadef9f634c203583e3637ee5a9e58712aa1ca,191,4: > 研究截止日：2026-07-14（America/Los_Angeles）  ,1
VST,2026-07-14,2026-07-13,D:\drive\Investment\分析报告\公司对比\结果\VST_逐家公司投资思路对比_2026-07-14.md,False,a7fa02242ef0c9370ada3e41e7776af66281f8b6fd505008923188df51ba1956,191,,1
WDC,2026-07-14,2026-07-13,D:\drive\Investment\分析报告\公司对比\结果\WDC_逐家公司投资思路对比_2026-07-14.md,False,2d2a205b81525d9c1ab9f431419a85ecb1f35be82aa2dbfb419e4a2a5fa32bbd,191,,1
WOLF,2026-07-14,2026-07-13,D:\drive\Investment\分析报告\公司对比\结果\WOLF_逐家公司投资思路对比_2026-07-14.md,False,4e020ea6470153dc2f094a3ec9bb55d1d02246881707e09a40d00f30a9512098,191,4: > **研究截止：**2026-07-14（America/Los_Angeles）  ,1
