ticker,run_date,source_path,near_rank,near_wins,near_losses,near_close,near_unavailable,near_net,long_rank,long_wins,long_losses,long_close,long_unavailable,long_net,odds_rank,odds_wins,odds_losses,odds_close,odds_unavailable,odds_net,defense_rank,defense_wins,defense_losses,defense_close,defense_unavailable,defense_net,explosion_rank,explosion_wins,explosion_losses,explosion_close,explosion_unavailable,explosion_net,mispricing_rank,mispricing_wins,mispricing_losses,mispricing_close,mispricing_unavailable,mispricing_net,overall_rank,overall_wins,overall_losses,overall_close,overall_unavailable,overall_net
AAOI,2026-07-14,D:\drive\Investment\分析报告\公司对比\结果\AAOI_逐家公司投资思路对比_2026-07-14.md,28,261,38,83,0,223,175,34,328,20,0,-294,127,118,210,53,1,-92,177,22,346,14,0,-324,1,346,8,28,0,338,113,139,175,67,1,-36,148,84,220,77,1,-136
AAON,2026-07-14,D:\drive\Investment\分析报告\公司对比\结果\AAON_逐家公司投资思路对比_2026-07-14.md,48,213,60,109,0,153,116,114,188,80,0,-74,146,102,244,36,0,-142,159,74,278,30,0,-204,24,276,26,80,0,250,153,90,213,79,0,-123,140,108,204,70,0,-96
ABBNY,2026-07-14,D:\drive\Investment\分析报告\公司对比\结果\ABBNY_逐家公司投资思路对比_2026-07-14.md,88,196,157,29,0,39,53,243,83,56,0,160,97,167,167,33,15,0,21,294,42,46,0,252,109,157,200,25,0,-43,101,153,153,60,16,0,56,214,105,59,4,109
ACLS,2026-07-14,D:\drive\Investment\分析报告\公司对比\结果\ACLS_逐家公司投资思路对比_2026-07-14.md,167,60,289,33,0,-229,133,96,228,58,0,-132,100,171,179,32,0,-8,87,194,143,45,0,51,121,140,209,33,0,-69,90,180,158,44,0,22,144,106,214,62,0,-108
ACMR,2026-07-14,D:\drive\Investment\分析报告\公司对比\结果\ACMR_逐家公司投资思路对比_2026-07-14.md,94,188,163,31,0,25,132,103,235,44,0,-132,158,80,273,29,0,-193,158,79,283,20,0,-204,45,263,86,33,0,177,156,88,218,76,0,-130,154,75,237,70,0,-162
ADBE,2026-07-14,D:\drive\Investment\分析报告\公司对比\结果\ADBE_逐家公司投资思路对比_2026-07-14.md,84,199,152,31,0,47,30,267,47,68,0,220,1,370,2,9,1,368,8,330,12,40,0,318,154,85,271,26,0,-186,1,362,5,14,1,357,1,370,1,10,1,369
ADI,2026-07-14,D:\drive\Investment\分析报告\公司对比\结果\ADI_逐家公司投资思路对比_2026-07-14.md,75,199,139,44,0,60,21,297,48,37,0,249,74,215,123,44,0,92,43,264,84,34,0,180,124,140,214,28,0,-74,84,181,138,63,0,43,51,233,110,39,0,123
AEHR,2026-07-14,D:\drive\Investment\分析报告\公司对比\结果\备份\AEHR_2026-07-18T16_36_32-07_00-d1ddcc2504\AEHR_逐家公司投资思路对比_2026-07-14.md,157,84,270,28,0,-186,183,19,338,25,0,-319,185,14,364,4,0,-350,175,27,346,9,0,-319,58,237,110,35,0,127,184,17,344,21,0,-327,182,16,349,17,0,-333
AEIS,2026-07-14,D:\drive\Investment\分析报告\公司对比\结果\AEIS_逐家公司投资思路对比_2026-07-14.md,38,267,75,40,0,192,91,190,133,59,0,57,81,210,141,30,1,69,91,182,147,53,0,35,57,243,109,30,0,134,57,215,117,49,1,98,58,214,110,57,1,104
AEP,2026-07-14,D:\drive\Investment\分析报告\公司对比\结果\AEP_逐家公司投资思路对比_2026-07-14.md,153,96,271,15,0,-175,106,159,181,42,0,-22,54,246,105,16,15,141,41,258,76,48,0,182,180,29,329,24,0,-300,56,207,108,52,15,99,102,159,132,76,15,27
AJNMY,2026-07-14,D:\drive\Investment\分析报告\公司对比\结果\AJNMY_逐家公司投资思路对比_2026-07-14.md,152,96,266,20,0,-170,38,252,50,80,0,202,141,81,204,41,56,-123,18,302,42,38,0,260,142,97,253,32,0,-156,151,72,189,71,50,-117,128,114,169,85,14,-55
ALAB,2026-07-14,D:\drive\Investment\分析报告\公司对比\结果\ALAB_逐家公司投资思路对比_2026-07-14.md,10,321,28,33,0,293,87,194,132,56,0,62,173,29,331,6,16,-302,156,74,274,34,0,-200,8,324,24,34,0,300,178,25,312,41,4,-287,165,50,271,60,1,-221
ALLE,2026-07-14,D:\drive\Investment\分析报告\公司对比\结果\ALLE_逐家公司投资思路对比_2026-07-14.md,164,70,298,14,0,-228,79,208,125,49,0,83,20,305,61,15,1,244,19,309,51,22,0,258,185,20,345,17,0,-325,37,237,83,61,1,154,29,242,77,62,1,165
AMAT,2026-07-14,D:\drive\Investment\分析报告\公司对比\结果\AMAT_逐家公司投资思路对比_2026-07-14.md,17,311,50,21,0,261,27,273,49,60,0,224,113,147,209,25,1,-62,80,206,123,53,0,83,64,231,115,36,0,116,111,145,181,55,1,-36,68,209,121,52,0,88
AMD,2026-07-14,D:\drive\Investment\分析报告\公司对比\结果\AMD_逐家公司投资思路对比_2026-07-14.md,18,307,53,22,0,254,40,271,72,39,0,199,140,112,227,38,5,-115,124,133,221,28,0,-88,2,352,15,15,0,337,132,108,184,85,5,-76,76,190,116,76,0,74
AMKR,2026-07-14,D:\drive\Investment\分析报告\公司对比\结果\AMKR_逐家公司投资思路对比_2026-07-14.md,103,177,185,20,0,-8,142,96,247,39,0,-151,94,180,165,26,11,15,144,102,254,26,0,-152,75,211,147,24,0,64,79,188,134,49,11,54,137,124,203,55,0,-79
AMPX,2026-07-14,D:\drive\Investment\分析报告\公司对比\结果\AMPX_逐家公司投资思路对比_2026-07-14.md,174,55,312,15,0,-257,182,20,339,23,0,-319,181,28,350,4,0,-322,182,19,354,9,0,-335,70,222,136,24,0,86,181,24,344,14,0,-320,185,16,356,10,0,-340
AMZN,2026-07-14,D:\drive\Investment\分析报告\公司对比\结果\AMZN_逐家公司投资思路对比_2026-07-14.md,80,196,143,43,0,53,35,259,54,69,0,205,69,222,121,35,4,101,67,218,107,57,0,111,76,197,134,51,0,63,64,189,99,90,4,90,39,224,80,78,0,144
ANET,2026-07-14,D:\drive\Investment\分析报告\公司对比\结果\ANET_逐家公司投资思路对比_2026-07-14.md,35,278,78,26,0,200,16,310,37,35,0,273,134,121,230,31,0,-109,51,249,87,46,0,162,60,227,102,53,0,125,141,89,184,109,0,-95,32,222,68,92,0,154
AOSL,2026-07-14,D:\drive\Investment\分析报告\公司对比\结果\AOSL_逐家公司投资思路对比_2026-07-14.md,182,33,343,6,0,-310,178,24,335,23,0,-311,153,88,263,30,1,-175,170,46,323,13,0,-277,145,97,262,23,0,-165,152,104,222,55,1,-118,171,29,310,43,0,-281
APD,2026-07-14,D:\drive\Investment\分析报告\公司对比\结果\APD_逐家公司投资思路对比_2026-07-14.md,172,58,301,23,0,-243,75,211,117,54,0,94,70,220,119,31,12,101,53,244,85,53,0,159,191,12,355,15,0,-343,86,184,144,42,12,40,107,146,144,80,12,2
APH,2026-07-14,D:\drive\Investment\分析报告\公司对比\结果\APH_逐家公司投资思路对比_2026-07-14.md,37,280,82,20,0,198,15,309,33,40,0,276,64,237,118,27,0,119,36,272,81,29,0,191,87,194,161,27,0,33,75,205,138,39,0,67,23,266,91,25,0,175
APLD,2026-07-14,D:\drive\Investment\分析报告\公司对比\结果\APLD_逐家公司投资思路对比_2026-07-14.md,70,188,101,93,0,87,176,21,323,38,0,-302,179,31,347,4,0,-316,192,5,368,9,0,-363,20,309,38,35,0,271,177,40,317,25,0,-277,181,20,349,13,0,-329
ARM,2026-07-14,D:\drive\Investment\分析报告\公司对比\结果\ARM_逐家公司投资思路对比_2026-07-14.md,107,171,190,21,0,-19,31,269,50,63,0,219,184,16,359,7,0,-343,153,83,280,19,0,-197,78,209,147,26,0,62,187,10,356,16,0,-346,170,34,314,34,0,-280
ASGLY,2026-07-14,D:\drive\Investment\分析报告\公司对比\结果\ASGLY_逐家公司投资思路对比_2026-07-14.md,170,61,303,18,0,-242,139,92,235,54,1,-143,55,214,75,30,63,139,79,192,107,82,1,85,175,39,317,26,0,-278,52,190,82,51,59,108,136,104,181,81,16,-77
ASMIY,2026-07-14,D:\drive\Investment\分析报告\公司对比\结果\ASMIY_逐家公司投资思路对比_2026-07-14.md,25,288,58,36,0,230,24,273,40,69,0,233,98,164,165,42,11,-1,66,224,110,48,0,114,39,254,70,58,0,184,95,170,154,49,9,16,43,222,90,68,2,132
ASML,2026-07-14,D:\drive\Investment\分析报告\公司对比\结果\备份\ASML_2026-07-18T16_36_33-07_00-c78b145bed\ASML_逐家公司投资思路对比_2026-07-14.md,53,248,107,27,0,141,1,369,5,8,0,364,110,155,208,19,0,-53,27,291,61,30,0,230,73,216,148,18,0,68,94,160,143,79,0,17,22,257,78,47,0,179
ASMVY,2026-07-14,D:\drive\Investment\分析报告\公司对比\结果\ASMVY_逐家公司投资思路对比_2026-07-14.md,47,255,94,33,0,161,111,141,195,46,0,-54,132,95,198,22,67,-103,117,139,206,37,0,-67,41,266,84,32,0,182,124,111,166,48,57,-55,129,120,177,67,18,-57
ASX,2026-07-14,D:\drive\Investment\分析报告\公司对比\结果\ASX_逐家公司投资思路对比_2026-07-14.md,71,223,137,22,0,86,113,141,203,38,0,-62,84,203,155,18,6,48,139,111,240,31,0,-129,54,247,95,40,0,152,72,203,131,42,6,72,104,173,158,50,1,15
ATEYY,2026-07-14,D:\drive\Investment\分析报告\公司对比\结果\ATEYY_逐家公司投资思路对比_2026-07-14.md,13,321,34,27,0,287,46,270,84,28,0,186,131,94,192,32,64,-98,85,207,144,31,0,63,50,265,102,15,0,163,133,102,180,45,55,-78,79,171,102,87,22,69
ATKR,2026-07-14,D:\drive\Investment\分析报告\公司对比\结果\ATKR_逐家公司投资思路对比_2026-07-14.md,183,26,337,19,0,-311,166,36,302,44,0,-266,17,306,52,24,0,254,136,97,222,63,0,-125,174,45,319,18,0,-274,25,261,65,56,0,196,127,122,175,85,0,-53
AVGO,2026-07-14,D:\drive\Investment\分析报告\公司对比\结果\备份\AVGO_2026-07-18T17_36_30-07_00-dbe198cf3b\AVGO_逐家公司投资思路对比_2026-07-14.md,1,369,5,8,0,364,7,327,10,45,0,317,28,287,59,13,23,228,40,259,76,47,0,183,22,312,54,16,0,258,15,269,59,30,24,210,3,351,17,13,1,334
AXTI,2026-07-14,D:\drive\Investment\分析报告\公司对比\结果\AXTI_逐家公司投资思路对比_2026-07-14.md,96,192,173,17,0,19,172,31,322,29,0,-291,175,35,339,7,1,-304,171,40,333,9,0,-293,31,281,63,38,0,218,176,32,308,41,1,-276,175,28,323,31,0,-295
BABA,2026-07-14,D:\drive\Investment\分析报告\公司对比\结果\BABA_逐家公司投资思路对比_2026-07-14.md,110,158,185,39,0,-27,73,203,108,71,0,95,4,349,24,6,3,325,82,197,123,62,0,74,86,194,159,29,0,35,3,352,19,9,2,333,13,289,27,66,0,262
BDC,2026-07-14,D:\drive\Investment\分析报告\公司对比\结果\BDC_逐家公司投资思路对比_2026-07-14.md,158,71,258,53,0,-187,149,69,246,67,0,-177,11,305,16,61,0,289,133,114,223,45,0,-109,173,33,306,43,0,-273,8,304,16,62,0,288,90,173,117,92,0,56
BE,2026-07-14,D:\drive\Investment\分析报告\公司对比\结果\备份\BE_2026-07-18T17_20_03-07_00-0644d9b602\BE_逐家公司投资思路对比_2026-07-14.md,64,231,127,24,0,104,157,65,277,40,0,-212,176,32,336,10,4,-304,173,33,338,11,0,-305,12,312,20,50,0,292,173,38,288,52,4,-250,167,40,290,52,0,-250
BELFB,2026-07-14,D:\drive\Investment\分析报告\公司对比\结果\BELFB_逐家公司投资思路对比_2026-07-14.md,114,156,198,28,0,-42,143,88,239,55,0,-151,87,181,142,45,14,39,101,162,178,42,0,-16,134,125,237,20,0,-112,77,169,113,86,14,56,118,134,163,84,1,-29
BESIY,2026-07-14,D:\drive\Investment\分析报告\公司对比\结果\BESIY_逐家公司投资思路对比_2026-07-14.md,46,264,99,19,0,165,85,207,144,31,0,63,164,60,276,10,36,-216,129,132,233,17,0,-101,28,302,69,11,0,233,168,47,263,40,32,-216,135,95,170,102,15,-75
BWXT,2026-07-14,D:\drive\Investment\分析报告\公司对比\结果\BWXT_逐家公司投资思路对比_2026-07-14.md,78,198,143,41,0,55,37,261,59,62,0,202,123,134,214,33,1,-80,54,249,91,42,0,158,110,150,193,39,0,-43,128,120,184,77,1,-64,92,182,132,67,1,50
CAMT,2026-07-14,D:\drive\Investment\分析报告\公司对比\结果\CAMT_逐家公司投资思路对比_2026-07-14.md,50,241,95,46,0,146,95,190,137,55,0,53,101,167,179,36,0,-12,102,167,187,28,0,-20,35,271,61,50,0,210,82,186,137,59,0,49,84,185,123,74,0,62
CARR,2026-07-14,D:\drive\Investment\分析报告\公司对比\结果\CARR_逐家公司投资思路对比_2026-07-14.md,111,161,190,31,0,-29,78,210,127,45,0,83,66,243,127,12,0,116,88,204,155,23,0,49,122,149,219,14,0,-70,59,223,127,32,0,96,77,200,129,53,0,71
CAT,2026-07-14,D:\drive\Investment\分析报告\公司对比\结果\CAT_逐家公司投资思路对比_2026-07-14.md,99,185,169,28,0,16,67,224,112,46,0,112,139,119,232,24,7,-113,81,211,137,34,0,74,91,190,175,17,0,15,154,97,224,53,8,-127,123,134,172,76,0,-38
CBRS,2026-07-14,D:\drive\Investment\分析报告\公司对比\结果\CBRS_逐家公司投资思路对比_2026-07-14.md,155,92,271,19,0,-179,168,39,314,29,0,-275,187,11,367,3,1,-356,176,28,351,3,0,-323,19,307,35,40,0,272,186,12,352,17,1,-340,183,16,354,12,0,-338
CC,2026-07-14,D:\drive\Investment\分析报告\公司对比\结果\CC_逐家公司投资思路对比_2026-07-14.md,179,36,331,15,0,-295,180,20,335,27,0,-315,31,272,60,34,16,212,174,24,335,23,0,-311,166,58,303,21,0,-245,28,260,73,33,16,187,164,42,259,81,0,-217
CDNS,2026-07-14,D:\drive\Investment\分析报告\公司对比\结果\备份\CDNS_2026-07-18T17_17_33-07_00-c8cdcf638c\CDNS_逐家公司投资思路对比_2026-07-14.md,117,150,201,31,0,-51,5,342,8,32,0,334,154,83,267,31,1,-184,60,239,95,48,0,144,155,85,278,19,0,-193,166,55,261,65,1,-206,125,130,174,78,0,-44
CEG,2026-07-14,D:\drive\Investment\分析报告\公司对比\结果\CEG_逐家公司投资思路对比_2026-07-14.md,89,180,147,55,0,33,77,198,112,72,0,86,26,278,47,42,15,231,74,202,112,68,0,90,94,166,157,59,0,9,36,215,60,92,15,155,42,225,89,67,1,136
CIEN,2026-07-14,D:\drive\Investment\分析报告\公司对比\结果\CIEN_逐家公司投资思路对比_2026-07-14.md,33,276,68,38,0,208,103,169,170,43,0,-1,165,64,285,15,18,-221,146,94,260,28,0,-166,43,255,74,53,0,181,160,83,223,58,18,-140,146,94,218,52,18,-124
CLS,2026-07-14,D:\drive\Investment\分析报告\公司对比\结果\CLS_逐家公司投资思路对比_2026-07-14.md,23,295,61,26,0,234,123,118,218,46,0,-100,63,228,107,29,18,121,138,105,232,45,0,-127,25,277,35,70,0,242,47,226,103,35,18,123,44,221,90,61,10,131
CMI,2026-07-14,D:\drive\Investment\分析报告\公司对比\结果\CMI_逐家公司投资思路对比_2026-07-14.md,105,165,177,40,0,-12,93,196,141,45,0,55,52,248,99,35,0,149,49,250,86,46,0,164,132,129,230,23,0,-101,49,209,97,76,0,112,59,217,114,51,0,103
COHR,2026-07-14,D:\drive\Investment\分析报告\公司对比\结果\COHR_逐家公司投资思路对比_2026-07-14.md,51,235,90,57,0,145,107,141,172,69,0,-31,149,94,254,34,0,-160,166,59,303,20,0,-244,21,291,22,69,0,269,138,112,196,74,0,-84,133,123,189,70,0,-66
COHU,2026-07-14,D:\drive\Investment\分析报告\公司对比\结果\COHU_逐家公司投资思路对比_2026-07-14.md,90,178,147,57,0,31,145,65,222,95,0,-157,150,85,245,37,15,-160,142,63,195,124,0,-132,68,204,110,68,0,94,129,107,178,82,15,-71,157,57,236,74,15,-179
CRDO,2026-07-14,D:\drive\Investment\分析报告\公司对比\结果\CRDO_逐家公司投资思路对比_2026-07-14.md,20,276,33,73,0,243,89,186,126,70,0,60,96,169,160,38,15,9,108,147,190,45,0,-43,6,321,10,51,0,311,58,193,96,78,15,97,21,242,57,83,0,185
CRWD,2026-07-14,D:\drive\Investment\分析报告\公司对比\结果\CRWD_逐家公司投资思路对比_2026-07-14.md,98,183,166,33,0,17,20,281,28,73,0,253,174,33,336,12,1,-303,113,132,179,71,0,-47,115,147,205,30,0,-58,179,11,324,46,1,-313,159,70,256,56,0,-186
CRWV,2026-07-14,D:\drive\Investment\分析报告\公司对比\结果\CRWV_逐家公司投资思路对比_2026-07-14.md,7,333,28,21,0,305,160,58,292,32,0,-234,170,42,316,23,1,-274,185,15,361,6,0,-346,5,335,12,35,0,323,167,59,272,50,1,-213,169,44,305,33,0,-261
CSCO,2026-07-14,D:\drive\Investment\分析报告\公司对比\结果\CSCO_逐家公司投资思路对比_2026-07-14.md,120,122,188,72,0,-66,76,181,94,107,0,87,83,177,122,83,0,55,50,230,66,86,0,164,157,67,263,52,0,-196,107,144,166,72,0,-22,99,159,122,101,0,37
DCI,2026-07-14,D:\drive\Investment\分析报告\公司对比\结果\DCI_逐家公司投资思路对比_2026-07-14.md,145,101,257,24,0,-156,62,240,111,31,0,129,37,285,83,12,2,202,9,331,18,33,0,313,181,31,332,19,0,-301,29,268,83,29,2,185,46,232,102,46,2,130
DD,2026-07-14,D:\drive\Investment\分析报告\公司对比\结果\DD_逐家公司投资思路对比_2026-07-14.md,151,94,263,25,0,-169,102,164,159,59,0,5,22,305,63,14,0,242,57,250,98,34,0,152,184,22,345,15,0,-323,23,278,80,24,0,198,52,224,102,56,0,122
DELL,2026-07-14,D:\drive\Investment\分析报告\公司对比\结果\DELL_逐家公司投资思路对比_2026-07-14.md,11,330,41,11,0,289,134,110,246,26,0,-136,39,270,77,27,8,193,116,144,210,28,0,-66,71,220,143,19,0,77,48,218,106,57,1,112,20,251,62,69,0,189
DHR,2026-07-14,D:\drive\Investment\分析报告\公司对比\结果\DHR_逐家公司投资思路对比_2026-07-14.md,142,104,253,25,0,-149,11,319,28,35,0,291,34,285,79,17,1,206,5,349,16,17,0,333,178,40,329,13,0,-289,63,221,130,29,2,91,26,252,85,45,0,167
DIOD,2026-07-14,D:\drive\Investment\分析报告\公司对比\结果\DIOD_逐家公司投资思路对比_2026-07-14.md,143,100,255,27,0,-155,151,68,250,64,0,-182,47,246,82,54,0,164,106,144,182,56,0,-38,152,77,262,43,0,-185,81,186,134,62,0,52,112,149,161,72,0,-12
DKILY,2026-07-14,D:\drive\Investment\分析报告\公司对比\结果\DKILY_逐家公司投资思路对比_2026-07-14.md,173,56,307,19,0,-251,71,228,122,32,0,106,86,156,116,42,68,40,22,297,50,35,0,247,172,41,313,28,0,-272,140,77,170,72,63,-93,120,123,160,82,17,-37
DLR,2026-07-14,D:\drive\Investment\分析报告\公司对比\结果\DLR_逐家公司投资思路对比_2026-07-14.md,109,162,185,35,0,-23,72,214,113,55,0,101,117,113,184,59,26,-71,75,202,112,68,0,90,125,138,215,29,0,-77,110,123,152,83,24,-29,121,120,157,100,5,-37
DOV,2026-07-14,D:\drive\Investment\分析报告\公司对比\结果\DOV_逐家公司投资思路对比_2026-07-14.md,134,114,237,31,0,-123,51,255,90,37,0,165,21,297,53,17,15,244,4,348,13,21,0,335,167,57,304,21,0,-247,24,264,68,35,15,196,17,276,54,37,15,222
DSCSY,2026-07-14,D:\drive\Investment\分析报告\公司对比\结果\DSCSY_逐家公司投资思路对比_2026-07-14.md,22,268,33,81,0,235,17,295,26,61,0,269,115,85,153,77,67,-68,35,261,69,52,0,192,34,266,53,63,0,213,130,78,149,95,60,-71,27,195,28,138,21,167
DTE,2026-07-14,D:\drive\Investment\分析报告\公司对比\结果\DTE_逐家公司投资思路对比_2026-07-14.md,160,84,285,13,0,-201,112,135,192,55,0,-57,46,257,93,16,16,164,29,277,55,50,0,222,190,16,355,11,0,-339,65,189,105,72,16,84,108,154,153,75,0,1
ECL,2026-07-14,D:\drive\Investment\分析报告\公司对比\结果\ECL_逐家公司投资思路对比_2026-07-14.md,132,117,228,37,0,-111,23,296,57,29,0,239,108,156,194,32,0,-38,25,301,56,25,0,245,164,63,302,17,0,-239,137,116,197,69,0,-81,100,184,150,48,0,34
EME,2026-07-14,D:\drive\Investment\分析报告\公司对比\结果\EME_逐家公司投资思路对比_2026-07-14.md,68,222,132,28,0,90,84,206,135,41,0,71,44,255,87,26,14,168,33,274,78,30,0,196,99,176,187,19,0,-11,54,221,116,31,14,105,24,259,86,37,0,173
ENPH,2026-07-14,D:\drive\Investment\分析报告\公司对比\结果\ENPH_逐家公司投资思路对比_2026-07-14.md,186,18,360,4,0,-342,173,31,322,29,0,-291,111,148,201,33,0,-53,162,67,294,21,0,-227,161,69,286,27,0,-217,105,166,177,39,0,-11,168,43,300,39,0,-257
ENS,2026-07-14,D:\drive\Investment\分析报告\公司对比\结果\ENS_逐家公司投资思路对比_2026-07-14.md,138,106,246,30,0,-140,118,117,208,57,0,-91,12,324,42,16,0,282,64,229,107,46,0,122,151,82,266,34,0,-184,12,303,61,18,0,242,67,213,125,44,0,88
ENTG,2026-07-14,D:\drive\Investment\分析报告\公司对比\结果\ENTG_逐家公司投资思路对比_2026-07-14.md,119,106,169,107,0,-63,43,239,47,96,0,192,109,130,176,75,1,-46,120,107,184,91,0,-77,89,161,140,81,0,21,93,137,115,129,1,22,115,105,122,155,0,-17
EQIX,2026-07-14,D:\drive\Investment\分析报告\公司对比\结果\EQIX_逐家公司投资思路对比_2026-07-14.md,135,114,239,29,0,-125,52,250,88,44,0,162,129,112,207,39,24,-95,84,200,133,49,0,67,149,93,268,21,0,-175,143,84,183,94,21,-99,130,114,175,89,4,-61
ET,2026-07-14,D:\drive\Investment\分析报告\公司对比\结果\ET_逐家公司投资思路对比_2026-07-14.md,128,131,231,20,0,-100,114,124,190,68,0,-66,9,337,25,15,5,312,63,225,94,63,0,131,170,53,306,23,0,-253,16,261,52,67,2,209,19,249,46,87,0,203
ETN,2026-07-14,D:\drive\Investment\分析报告\公司对比\结果\ETN_逐家公司投资思路对比_2026-07-14.md,58,242,122,18,0,120,28,287,64,31,0,223,68,224,115,23,20,109,31,277,72,33,0,205,83,195,155,32,0,40,61,197,102,63,20,95,25,257,84,41,0,173
ETR,2026-07-14,D:\drive\Investment\分析报告\公司对比\结果\ETR_逐家公司投资思路对比_2026-07-14.md,154,92,268,22,0,-176,101,169,162,51,0,7,71,225,127,29,1,98,58,242,93,47,0,149,168,57,308,17,0,-251,91,173,151,48,10,22,119,144,176,62,0,-32
FCEL,2026-07-14,D:\drive\Investment\分析报告\公司对比\结果\FCEL_逐家公司投资思路对比_2026-07-14.md,188,9,373,0,0,-364,191,4,374,4,0,-370,183,17,354,11,0,-337,188,14,365,3,0,-351,160,74,286,22,0,-212,180,11,330,41,0,-319,188,6,370,6,0,-364
FIX,2026-07-14,D:\drive\Investment\分析报告\公司对比\结果\FIX_逐家公司投资思路对比_2026-07-14.md,34,278,73,31,0,205,98,185,155,42,0,30,116,144,214,20,4,-70,97,176,168,38,0,8,56,254,108,20,0,146,122,136,190,53,3,-54,88,192,135,55,0,57
FLEX,2026-07-14,D:\drive\Investment\分析报告\公司对比\结果\FLEX_逐家公司投资思路对比_2026-07-14.md,112,145,178,59,0,-33,154,64,256,62,0,-192,50,233,82,49,18,151,137,104,230,48,0,-126,108,151,190,41,0,-39,69,188,114,73,7,74,103,162,146,74,0,16
FLNC,2026-07-14,D:\drive\Investment\分析报告\公司对比\结果\FLNC_逐家公司投资思路对比_2026-07-14.md,156,90,276,16,0,-186,181,21,337,24,0,-316,166,54,315,13,0,-261,178,25,350,7,0,-325,69,222,135,25,0,87,148,123,235,24,0,-112,174,31,326,25,0,-295
FN,2026-07-14,D:\drive\Investment\分析报告\公司对比\结果\FN_逐家公司投资思路对比_2026-07-14.md,43,234,62,86,0,172,124,102,214,66,0,-112,102,147,159,60,16,-12,109,108,151,123,0,-43,53,236,75,71,0,161,119,127,174,65,16,-47,106,128,121,117,16,7
FORM,2026-07-14,D:\drive\Investment\分析报告\公司对比\结果\FORM_逐家公司投资思路对比_2026-07-14.md,113,137,177,68,0,-40,122,101,199,82,0,-98,151,81,241,60,0,-160,134,105,222,55,0,-117,81,181,136,65,0,45,144,97,199,86,0,-102,149,79,222,81,0,-143
FTV,2026-07-14,D:\drive\Investment\分析报告\公司对比\结果\FTV_逐家公司投资思路对比_2026-07-14.md,165,65,293,24,0,-228,64,225,101,56,0,124,42,257,83,26,16,174,23,293,46,43,0,247,188,20,354,8,0,-334,46,234,102,31,15,132,54,229,116,37,0,113
GEV,2026-07-14,D:\drive\Investment\分析报告\公司对比\结果\GEV_逐家公司投资思路对比_2026-07-14.md,24,258,24,100,0,234,26,241,16,125,0,225,152,89,250,43,0,-161,76,172,83,127,0,89,10,307,11,64,0,296,127,80,143,159,0,-63,64,156,63,163,0,93
GFS,2026-07-14,D:\drive\Investment\分析报告\公司对比\结果\GFS_逐家公司投资思路对比_2026-07-14.md,159,74,262,46,0,-188,128,101,226,55,0,-125,95,171,157,53,1,14,99,157,163,62,0,-6,136,121,235,26,0,-114,96,159,144,78,1,15,138,114,199,68,1,-85
GLW,2026-07-14,D:\drive\Investment\分析报告\公司对比\结果\GLW_逐家公司投资思路对比_2026-07-14.md,66,225,134,23,0,91,99,185,155,42,0,30,162,67,276,23,16,-209,126,127,222,33,0,-95,66,230,124,28,0,106,163,63,249,54,16,-186,151,83,231,68,0,-148
GNRC,2026-07-14,D:\drive\Investment\分析报告\公司对比\结果\GNRC_逐家公司投资思路对比_2026-07-14.md,93,191,165,26,0,26,119,124,218,40,0,-94,62,237,113,32,0,124,112,149,196,37,0,-47,80,205,153,24,0,52,68,214,137,31,0,77,81,194,130,58,0,64
GOOGL,2026-07-14,D:\drive\Investment\分析报告\公司对比\结果\备份\GOOGL_2026-07-18T16_36_37-07_00-60b691525e\GOOGL_逐家公司投资思路对比_2026-07-14.md,49,259,107,16,0,152,4,339,3,40,0,336,36,286,82,14,0,204,11,326,36,20,0,290,95,184,179,19,0,5,30,269,87,26,0,182,11,316,32,34,0,284
HOCPY,2026-07-14,D:\drive\Investment\分析报告\公司对比\结果\HOCPY_逐家公司投资思路对比_2026-07-14.md,116,136,186,60,0,-50,9,315,16,51,0,299,143,96,228,47,11,-132,2,354,6,22,0,348,141,86,228,68,0,-142,134,84,162,123,13,-78,80,158,90,128,6,68
HPE,2026-07-14,D:\drive\Investment\分析报告\公司对比\结果\HPE_逐家公司投资思路对比_2026-07-14.md,104,175,186,21,0,-11,144,98,253,31,0,-155,16,313,50,18,1,263,114,150,198,34,0,-48,128,139,227,16,0,-88,22,276,77,28,1,199,63,211,116,55,0,95
HTHIY,2026-07-14,D:\drive\Investment\分析报告\公司对比\结果\HTHIY_逐家公司投资思路对比_2026-07-14.md,76,211,154,17,0,57,54,249,90,43,0,159,32,283,72,19,8,211,20,296,38,48,0,258,117,149,212,21,0,-63,41,255,107,12,8,148,15,286,46,46,4,240
HUBB,2026-07-14,D:\drive\Investment\分析报告\公司对比\结果\HUBB_逐家公司投资思路对比_2026-07-14.md,91,189,162,31,0,27,45,248,61,73,0,187,38,276,82,20,4,194,44,263,87,32,0,176,106,151,188,43,0,-37,31,269,87,22,4,182,50,235,108,39,0,127
IBM,2026-07-14,D:\drive\Investment\分析报告\公司对比\结果\备份\IBM_2026-07-18T16_36_31-07_00-ecd26dd28a\IBM_逐家公司投资思路对比_2026-07-14.md,146,102,259,21,0,-157,97,187,157,38,0,30,33,282,71,25,4,211,61,245,105,32,0,140,182,29,332,21,0,-303,38,237,84,57,4,153,78,192,121,69,0,71
ICHR,2026-07-14,D:\drive\Investment\分析报告\公司对比\结果\ICHR_逐家公司投资思路对比_2026-07-14.md,72,219,139,24,0,80,165,48,312,22,0,-264,147,102,248,32,0,-146,163,64,291,27,0,-227,74,215,150,17,0,65,136,122,203,57,0,-81,158,72,257,53,0,-185
IESC,2026-07-14,D:\drive\Investment\分析报告\公司对比\结果\IESC_逐家公司投资思路对比_2026-07-14.md,56,241,114,27,0,127,130,109,236,37,0,-127,85,177,136,42,27,41,105,158,190,34,0,-32,63,239,122,21,0,117,71,174,101,85,22,73,83,177,113,85,7,64
IFNNY,2026-07-14,D:\drive\Investment\分析报告\公司对比\结果\IFNNY_逐家公司投资思路对比_2026-07-14.md,59,234,117,31,0,117,56,242,84,56,0,158,82,194,136,31,21,58,95,178,161,43,0,17,48,257,89,36,0,168,76,193,127,41,21,66,70,207,121,44,10,86
IMOS,2026-07-14,D:\drive\Investment\分析报告\公司对比\结果\IMOS_逐家公司投资思路对比_2026-07-14.md,130,128,234,20,0,-106,167,41,314,27,0,-273,161,72,277,22,11,-205,150,90,272,20,0,-182,135,122,234,26,0,-112,164,59,250,61,12,-191,166,50,298,32,2,-248
INTC,2026-07-14,D:\drive\Investment\分析报告\公司对比\结果\备份\INTC_2026-07-18T16_36_35-07_00-88ed7e2e73\INTC_逐家公司投资思路对比_2026-07-14.md,185,19,354,9,0,-335,174,25,318,39,0,-293,178,27,337,18,0,-310,168,40,313,29,0,-273,137,117,233,32,0,-116,175,26,298,58,0,-272,180,21,342,19,0,-321
IREN,2026-07-14,D:\drive\Investment\分析报告\公司对比\结果\IREN_逐家公司投资思路对比_2026-07-14.md,127,131,229,22,0,-98,177,26,329,27,0,-303,177,34,343,5,0,-309,187,14,360,8,0,-346,14,320,40,22,0,280,171,51,287,44,0,-236,178,26,338,18,0,-312
JBL,2026-07-14,D:\drive\Investment\分析报告\公司对比\结果\JBL_逐家公司投资思路对比_2026-07-14.md,65,224,128,30,0,96,129,111,238,33,0,-127,29,289,65,13,15,224,103,157,184,41,0,-27,92,182,170,30,0,12,14,279,68,20,15,211,45,220,89,73,0,131
JCI,2026-07-14,D:\drive\Investment\分析报告\公司对比\结果\JCI_逐家公司投资思路对比_2026-07-14.md,92,189,162,31,0,27,69,221,113,48,0,108,67,228,117,37,0,111,52,250,91,41,0,159,114,150,208,24,0,-58,60,217,122,43,0,95,48,222,93,67,0,129
KEYS,2026-07-14,D:\drive\Investment\分析报告\公司对比\结果\KEYS_逐家公司投资思路对比_2026-07-14.md,69,222,134,26,0,88,34,269,62,51,0,207,79,203,131,35,13,72,34,272,76,34,0,196,103,167,191,24,0,-24,74,193,125,58,6,68,49,230,102,50,0,128
KLAC,2026-07-14,D:\drive\Investment\分析报告\公司对比\结果\KLAC_逐家公司投资思路对比_2026-07-14.md,27,283,60,39,0,223,8,321,16,45,0,305,144,102,243,24,13,-141,62,232,93,57,0,139,61,229,109,44,0,120,147,103,214,54,11,-111,65,200,109,73,0,91
KLIC,2026-07-14,D:\drive\Investment\分析报告\公司对比\结果\KLIC_逐家公司投资思路对比_2026-07-14.md,102,181,181,20,0,0,148,80,252,50,0,-172,92,181,152,35,14,29,94,188,171,23,0,17,82,198,154,30,0,44,106,169,186,27,0,-17,105,163,153,66,0,10
LFUS,2026-07-14,D:\drive\Investment\分析报告\公司对比\结果\LFUS_逐家公司投资思路对比_2026-07-14.md,106,166,180,36,0,-14,70,217,110,55,0,107,53,242,96,31,13,146,48,258,88,36,0,170,131,133,230,19,0,-97,44,233,93,43,13,140,37,233,86,57,6,147
LIN,2026-07-14,D:\drive\Investment\分析报告\公司对比\结果\LIN_逐家公司投资思路对比_2026-07-14.md,139,108,254,20,0,-146,18,311,46,25,0,265,88,195,157,30,0,38,1,354,4,24,0,350,187,16,347,19,0,-331,108,149,173,60,0,-24,55,218,108,56,0,110
LITE,2026-07-14,D:\drive\Investment\分析报告\公司对比\结果\LITE_逐家公司投资思路对比_2026-07-14.md,6,340,33,9,0,307,110,149,200,33,0,-51,163,66,277,19,20,-211,160,73,285,24,0,-212,11,328,36,18,0,292,146,95,199,68,20,-104,141,99,201,82,0,-102
LRCX,2026-07-14,D:\drive\Investment\分析报告\公司对比\结果\LRCX_逐家公司投资思路对比_2026-07-14.md,74,211,150,20,1,61,41,270,73,39,0,197,148,90,237,32,23,-147,89,201,155,26,0,46,72,214,145,23,0,69,145,94,197,68,23,-103,101,166,132,62,22,34
LWLG,2026-07-14,D:\drive\Investment\分析报告\公司对比\结果\LWLG_逐家公司投资思路对比_2026-07-14.md,192,0,380,2,0,-380,192,0,378,4,0,-378,192,1,378,3,0,-377,191,10,367,5,0,-357,176,44,326,12,0,-282,192,0,367,15,0,-367,192,1,378,3,0,-377
MCHP,2026-07-14,D:\drive\Investment\分析报告\公司对比\结果\MCHP_逐家公司投资思路对比_2026-07-14.md,52,246,104,32,0,142,92,189,133,60,0,56,43,257,88,27,10,169,131,120,223,39,0,-103,113,149,204,29,0,-55,27,269,82,21,10,187,66,194,105,83,0,89
META,2026-07-14,D:\drive\Investment\分析报告\公司对比\结果\备份\META_2026-07-18T16_36_34-07_00-23b957362a\META_逐家公司投资思路对比_2026-07-14.md,42,268,95,19,0,173,6,341,11,30,0,330,13,313,39,10,20,274,17,315,42,25,0,273,90,191,174,17,0,17,18,272,66,24,20,206,7,332,33,17,0,299
MICLF,2026-07-14,D:\drive\Investment\分析报告\公司对比\结果\MICLF_逐家公司投资思路对比_2026-07-14.md,87,198,157,27,0,41,81,196,114,72,0,82,112,100,157,48,77,-57,68,226,117,39,0,109,96,179,181,22,0,-2,131,83,155,70,74,-72,117,129,155,78,20,-26
MIELY,2026-07-14,D:\drive\Investment\分析报告\公司对比\结果\MIELY_逐家公司投资思路对比_2026-07-14.md,126,127,224,31,0,-97,63,219,94,69,0,125,58,210,75,34,63,135,12,318,31,33,0,287,138,113,237,32,0,-124,62,170,75,80,57,95,41,208,66,91,17,142
MKSI,2026-07-14,D:\drive\Investment\分析报告\公司对比\结果\MKSI_逐家公司投资思路对比_2026-07-14.md,86,199,157,25,1,42,109,141,179,61,1,-38,45,260,94,26,2,166,152,75,269,37,1,-194,85,189,153,39,1,36,34,246,82,52,2,164,91,178,127,75,2,51
MMM,2026-07-14,D:\drive\Investment\分析报告\公司对比\结果\备份\MMM_2026-07-18T17_06_06-07_00-7c7419bf3c\MMM_逐家公司投资思路对比_2026-07-14.md,169,62,298,22,0,-236,126,108,224,50,0,-116,25,289,53,20,20,236,69,207,101,74,0,106,189,13,349,20,0,-336,33,247,77,38,20,170,71,185,100,97,0,85
MOD,2026-07-14,D:\drive\Investment\分析报告\公司对比\结果\MOD_逐家公司投资思路对比_2026-07-14.md,26,285,59,38,0,226,117,127,216,39,0,-89,57,239,104,22,17,135,130,121,224,37,0,-103,15,312,34,36,0,278,42,230,87,48,17,143,40,224,82,59,17,142
MPWR,2026-07-14,D:\drive\Investment\分析报告\公司对比\结果\MPWR_逐家公司投资思路对比_2026-07-14.md,15,311,45,26,0,266,22,291,43,48,0,248,156,83,271,27,1,-188,78,211,126,45,0,85,47,260,89,33,0,171,159,84,223,74,1,-139,94,183,141,58,0,42
MRAAY,2026-07-14,D:\drive\Investment\分析报告\公司对比\结果\MRAAY_逐家公司投资思路对比_2026-07-14.md,125,132,227,23,0,-95,55,253,95,34,0,158,145,76,217,31,58,-141,37,271,85,26,0,186,129,136,225,21,0,-89,157,79,213,36,54,-134,134,122,189,54,17,-67
MRAM,2026-07-14,D:\drive\Investment\分析报告\公司对比\结果\MRAM_逐家公司投资思路对比_2026-07-14.md,176,46,324,12,0,-278,184,20,344,18,0,-324,167,43,306,15,18,-263,169,47,321,14,0,-274,118,150,216,16,0,-66,172,40,285,39,18,-245,173,27,316,21,18,-289
MRVL,2026-07-14,D:\drive\Investment\分析报告\公司对比\结果\MRVL_逐家公司投资思路对比_2026-07-14.md,9,323,30,29,0,293,60,236,105,41,0,131,135,118,228,34,2,-110,140,108,240,34,0,-132,16,309,33,40,0,276,117,130,172,78,2,-42,98,176,139,65,2,37
MSFT,2026-07-14,D:\drive\Investment\分析报告\公司对比\结果\备份\MSFT_2026-07-18T17_08_58-07_00-fdefe72bc3\MSFT_逐家公司投资思路对比_2026-07-14.md,41,263,89,30,0,174,3,347,3,32,0,344,19,302,54,11,15,248,3,349,1,32,0,348,77,210,148,24,0,62,17,263,55,49,15,208,5,334,10,38,0,324
MSI,2026-07-14,D:\drive\Investment\分析报告\公司对比\结果\MSI_逐家公司投资思路对比_2026-07-14.md,79,202,149,31,0,53,19,305,42,35,0,263,40,263,71,31,17,192,14,319,40,23,0,279,156,83,279,20,0,-196,35,251,92,22,17,159,18,268,53,52,9,215
MTRN,2026-07-14,D:\drive\Investment\分析报告\公司对比\结果\MTRN_逐家公司投资思路对比_2026-07-14.md,118,152,204,26,0,-52,115,131,200,51,0,-69,137,109,220,37,16,-111,141,105,237,40,0,-132,120,145,213,24,0,-68,139,98,191,77,16,-93,156,75,251,56,0,-176
MTSI,2026-07-14,D:\drive\Investment\分析报告\公司对比\结果\MTSI_逐家公司投资思路对比_2026-07-14.md,29,285,68,28,1,217,74,213,119,49,1,94,160,67,271,40,4,-204,121,136,214,31,1,-78,32,281,64,36,1,217,158,84,222,74,2,-138,132,117,182,82,1,-65
MU,2026-07-14,D:\drive\Investment\分析报告\公司对比\结果\MU_逐家公司投资思路对比_2026-07-14.md,2,366,5,11,0,361,96,187,138,57,0,49,23,292,51,39,0,241,98,157,158,67,0,-1,4,334,8,40,0,326,19,285,81,16,0,204,14,291,51,40,0,240
MXL,2026-07-14,D:\drive\Investment\分析报告\公司对比\结果\MXL_逐家公司投资思路对比_2026-07-14.md,123,113,201,68,0,-88,163,43,298,41,0,-255,168,49,318,15,0,-269,172,33,336,13,0,-303,55,224,74,84,0,150,169,48,271,63,0,-223,172,36,319,27,0,-283
MYRG,2026-07-14,D:\drive\Investment\分析报告\公司对比\结果\MYRG_逐家公司投资思路对比_2026-07-14.md,85,199,156,27,0,43,146,87,245,50,0,-158,119,139,213,20,10,-74,119,129,202,51,0,-73,98,172,180,30,0,-8,120,126,174,69,13,-48,143,109,215,58,0,-106
NBIS,2026-07-14,D:\drive\Investment\分析报告\公司对比\结果\备份\NBIS_2026-07-18T17_05_08-07_00-d39b9afe4a\NBIS_逐家公司投资思路对比_2026-07-14.md,108,164,184,34,0,-20,159,59,281,42,0,-222,172,35,336,10,1,-301,180,24,351,7,0,-327,3,342,13,27,0,329,170,63,291,27,1,-228,176,31,335,16,0,-304
NDSN,2026-07-14,D:\drive\Investment\分析报告\公司对比\结果\NDSN_逐家公司投资思路对比_2026-07-14.md,150,87,252,43,0,-165,57,249,99,34,0,150,60,241,110,31,0,131,55,247,90,45,0,157,165,61,300,21,0,-239,104,155,164,63,0,-9,82,185,121,76,0,64
NOK,2026-07-14,D:\drive\Investment\分析报告\公司对比\结果\NOK_逐家公司投资思路对比_2026-07-14.md,144,100,255,27,0,-155,136,98,237,47,0,-139,77,217,140,25,0,77,70,222,122,38,0,100,158,85,282,15,0,-197,73,190,121,71,0,69,122,137,175,70,0,-38
NTAP,2026-07-14,D:\drive\Investment\分析报告\公司对比\结果\备份\NTAP_2026-07-18T17_23_05-07_00-19b83f8e6e\NTAP_逐家公司投资思路对比_2026-07-14.md,122,136,219,27,0,-83,90,199,142,41,0,57,27,289,61,22,10,228,16,319,42,21,0,277,177,41,324,17,0,-283,67,215,134,32,1,81,34,244,94,44,0,150
NTNX,2026-07-14,D:\drive\Investment\分析报告\公司对比\结果\NTNX_逐家公司投资思路对比_2026-07-14.md,97,186,168,28,0,18,59,219,81,82,0,138,48,237,74,53,18,163,32,267,64,51,0,203,139,107,248,27,0,-141,43,219,78,67,18,141,57,214,106,62,0,108
NVDA,2026-07-14,D:\drive\Investment\分析报告\公司对比\结果\备份\NVDA_2026-07-18T17_14_22-07_00-ccc7dfc361\NVDA_逐家公司投资思路对比_2026-07-14.md,4,324,7,51,0,317,10,293,0,89,0,293,30,236,13,133,0,223,28,247,18,117,0,229,36,224,30,128,0,194,20,217,14,151,0,203,8,295,1,86,0,294
NVMI,2026-07-14,D:\drive\Investment\分析报告\公司对比\结果\NVMI_逐家公司投资思路对比_2026-07-14.md,54,247,110,25,0,137,42,267,74,41,0,193,125,134,220,28,0,-86,83,213,141,28,0,72,40,269,86,27,0,183,112,144,180,58,0,-36,73,195,114,73,0,81
NVT,2026-07-14,D:\drive\Investment\分析报告\公司对比\结果\NVT_逐家公司投资思路对比_2026-07-14.md,21,291,56,35,0,235,65,228,107,47,0,121,80,209,138,25,10,71,71,221,125,36,0,96,46,258,86,38,0,172,55,222,122,30,8,100,28,245,80,56,1,165
NVTS,2026-07-14,D:\drive\Investment\分析报告\公司对比\结果\NVTS_逐家公司投资思路对比_2026-07-14.md,184,21,353,8,0,-332,185,6,355,21,0,-349,190,5,372,4,1,-367,184,17,360,5,0,-343,123,140,212,30,0,-72,190,4,368,9,1,-364,189,6,372,4,0,-366
OKLO,2026-07-14,D:\drive\Investment\分析报告\公司对比\结果\OKLO_逐家公司投资思路对比_2026-07-14.md,191,2,377,3,0,-375,186,8,358,16,0,-350,191,0,371,10,1,-371,190,10,362,10,0,-352,133,126,238,18,0,-112,191,3,368,10,1,-365,191,3,374,4,1,-371
ON,2026-07-14,D:\drive\Investment\分析报告\公司对比\结果\ON_逐家公司投资思路对比_2026-07-14.md,141,107,256,19,0,-149,121,116,211,55,0,-95,73,211,118,37,16,93,111,148,193,41,0,-45,130,131,221,30,0,-90,70,184,111,71,16,73,114,152,167,63,0,-15
ONTO,2026-07-14,D:\drive\Investment\分析报告\公司对比\结果\ONTO_逐家公司投资思路对比_2026-07-14.md,39,267,77,38,0,190,68,223,115,44,0,108,106,156,188,30,8,-32,100,172,181,29,0,-9,37,270,80,32,0,190,89,181,146,55,0,35,69,209,123,50,0,86
ORCL,2026-07-14,D:\drive\Investment\分析报告\公司对比\结果\ORCL_逐家公司投资思路对比_2026-07-14.md,12,322,35,25,0,287,48,247,78,57,0,169,8,334,20,27,1,314,148,89,261,32,0,-172,33,281,67,34,0,214,2,355,18,8,1,337,6,322,19,40,1,303
P,2026-07-14,D:\drive\Investment\分析报告\公司对比\结果\P_逐家公司投资思路对比_2026-07-14.md,83,203,153,24,2,50,94,188,134,58,2,54,75,207,120,38,17,87,77,210,124,46,2,86,100,165,176,39,2,-11,53,199,92,75,16,107,72,193,110,77,2,83
PENG,2026-07-14,D:\drive\Investment\分析报告\公司对比\结果\PENG_逐家公司投资思路对比_2026-07-14.md,55,248,112,22,0,136,156,69,273,40,0,-204,78,206,130,40,6,76,157,76,277,29,0,-201,49,261,94,27,0,167,39,242,91,44,5,151,111,151,158,69,4,-7
PH,2026-07-14,D:\drive\Investment\分析报告\公司对比\结果\PH_逐家公司投资思路对比_2026-07-14.md,100,171,158,53,0,13,29,271,51,60,0,220,93,174,152,56,0,22,30,279,65,38,0,214,163,58,292,32,0,-234,118,131,176,75,0,-45,61,216,116,50,0,100
PLAB,2026-07-14,D:\drive\Investment\分析报告\公司对比\结果\PLAB_逐家公司投资思路对比_2026-07-14.md,175,47,322,13,0,-275,150,82,261,39,0,-179,41,279,93,6,4,186,38,265,80,37,0,185,171,46,316,20,0,-270,40,253,103,22,4,150,85,198,137,43,4,61
PNR,2026-07-14,D:\drive\Investment\分析报告\公司对比\结果\PNR_逐家公司投资思路对比_2026-07-14.md,166,68,297,17,0,-229,82,203,125,54,0,78,3,348,21,11,2,327,6,340,12,30,0,328,192,10,355,17,0,-345,9,327,42,11,2,285,10,316,27,37,2,289
POET,2026-07-14,D:\drive\Investment\分析报告\公司对比\结果\POET_逐家公司投资思路对比_2026-07-14.md,187,8,368,6,0,-360,189,5,368,9,0,-363,188,9,367,6,0,-358,183,20,360,2,0,-340,116,148,207,27,0,-59,188,11,358,13,0,-347,187,7,370,5,0,-363
POWI,2026-07-14,D:\drive\Investment\分析报告\公司对比\结果\POWI_逐家公司投资思路对比_2026-07-14.md,168,64,300,18,0,-236,141,106,253,23,0,-147,155,86,274,22,0,-188,96,182,174,26,0,8,159,76,287,19,0,-211,162,76,257,49,0,-181,163,62,276,44,0,-214
POWL,2026-07-14,D:\drive\Investment\分析报告\公司对比\结果\POWL_逐家公司投资思路对比_2026-07-14.md,30,283,67,32,0,216,108,154,192,36,0,-38,104,153,182,33,14,-29,73,214,118,49,1,96,30,281,61,40,0,220,87,176,138,54,14,38,74,194,118,56,14,76
PSIX,2026-07-14,D:\drive\Investment\分析报告\公司对比\结果\PSIX_逐家公司投资思路对比_2026-07-14.md,162,69,282,31,0,-213,179,19,330,33,0,-311,5,341,17,23,1,324,164,54,283,45,0,-229,79,176,117,89,0,59,26,205,10,166,1,195,110,135,135,112,0,0
PWR,2026-07-14,D:\drive\Investment\分析报告\公司对比\结果\PWR_逐家公司投资思路对比_2026-07-14.md,36,260,61,61,0,199,25,276,46,60,0,230,142,109,238,35,0,-129,65,221,105,56,0,116,27,291,56,35,0,235,150,98,215,69,0,-117,97,158,120,104,0,38
Q,2026-07-14,D:\drive\Investment\分析报告\公司对比\结果\Q_逐家公司投资思路对比_2026-07-14.md,77,160,103,119,0,57,49,220,52,110,0,168,107,141,174,66,1,-33,110,137,181,64,0,-44,107,131,168,83,0,-37,50,183,74,124,1,109,109,131,130,120,1,1
QCOM,2026-07-14,D:\drive\Investment\分析报告\公司对比\结果\QCOM_逐家公司投资思路对比_2026-07-14.md,161,78,280,24,0,-202,47,255,84,43,0,171,6,333,18,17,14,315,10,332,28,22,0,304,105,162,193,27,0,-31,6,331,30,7,14,301,4,344,17,21,0,327
RKLB,2026-07-14,D:\drive\Investment\分析报告\公司对比\结果\RKLB_逐家公司投资思路对比_2026-07-14.md,171,61,304,17,0,-243,161,55,301,26,0,-246,189,8,369,5,0,-361,181,21,352,9,0,-331,67,223,121,38,0,102,185,9,345,28,0,-336,184,15,354,13,0,-339
RMBS,2026-07-14,D:\drive\Investment\分析报告\公司对比\结果\RMBS_逐家公司投资思路对比_2026-07-14.md,73,207,138,37,0,69,61,222,92,68,0,130,91,170,138,50,24,32,45,252,79,51,0,173,84,190,154,38,0,36,85,158,117,83,24,41,62,197,100,61,24,97
ROG,2026-07-14,D:\drive\Investment\分析报告\公司对比\结果\ROG_逐家公司投资思路对比_2026-07-14.md,177,43,325,14,0,-282,152,84,268,30,0,-184,133,113,218,33,18,-105,90,201,162,19,0,39,179,35,325,22,0,-290,142,109,206,49,18,-97,162,68,266,32,16,-198
RYCEY,2026-07-14,D:\drive\Investment\分析报告\公司对比\结果\RYCEY_逐家公司投资思路对比_2026-07-14.md,63,227,122,33,0,105,50,250,83,49,0,167,103,160,178,40,4,-18,59,244,96,42,0,148,104,161,189,32,0,-28,116,133,175,70,4,-42,75,198,123,58,3,75
SANM,2026-07-14,D:\drive\Investment\分析报告\公司对比\结果\SANM_逐家公司投资思路对比_2026-07-14.md,81,187,134,61,0,53,155,58,251,73,0,-193,35,258,53,71,0,205,123,112,197,73,0,-85,101,150,172,60,0,-22,32,229,56,97,0,173,35,196,46,140,0,150
SHECY,2026-07-14,D:\drive\Investment\分析报告\公司对比\结果\SHECY_逐家公司投资思路对比_2026-07-14.md,148,93,253,36,0,-160,44,252,65,65,0,187,89,161,126,39,56,35,7,336,11,35,0,325,148,90,263,29,0,-173,115,116,156,59,51,-40,86,179,118,70,15,61
SIMO,2026-07-14,D:\drive\Investment\分析报告\公司对比\结果\SIMO_逐家公司投资思路对比_2026-07-14.md,44,260,90,32,0,170,125,107,220,55,0,-113,99,163,170,34,15,-7,125,131,221,30,0,-90,42,260,79,43,0,181,100,154,150,65,13,4,113,146,160,75,1,-14
SITM,2026-07-14,D:\drive\Investment\分析报告\公司对比\结果\SITM_逐家公司投资思路对比_2026-07-14.md,45,262,95,25,0,167,83,203,125,54,0,78,171,35,323,12,12,-288,154,77,275,30,0,-198,26,287,51,44,0,236,174,37,297,36,12,-260,161,61,258,63,0,-197
SKHY,2026-07-14,D:\drive\Investment\分析报告\公司对比\结果\SKHY_逐家公司投资思路对比_2026-07-14.md,8,314,12,56,0,302,80,201,118,63,0,83,59,196,64,16,106,132,115,131,179,72,0,-48,7,318,13,51,0,305,78,149,93,44,96,56,33,199,46,89,48,153
SMCI,2026-07-14,D:\drive\Investment\分析报告\公司对比\结果\SMCI_逐家公司投资思路对比_2026-07-14.md,82,204,152,26,0,52,171,38,325,19,0,-287,18,292,42,33,15,250,167,46,318,18,0,-272,51,257,95,30,0,162,13,267,47,53,15,220,126,109,156,117,0,-47
SMR,2026-07-14,D:\drive\Investment\分析报告\公司对比\结果\SMR_逐家公司投资思路对比_2026-07-14.md,190,4,375,3,0,-371,190,5,369,8,0,-364,186,13,364,4,1,-351,179,27,353,2,0,-326,144,100,265,17,0,-165,189,7,354,20,1,-347,190,5,374,3,0,-369
SMTC,2026-07-14,D:\drive\Investment\分析报告\公司对比\结果\SMTC_逐家公司投资思路对比_2026-07-14.md,61,236,125,21,0,111,120,119,213,50,0,-94,136,115,225,38,4,-110,151,91,276,15,0,-185,38,269,84,29,0,185,99,164,154,61,3,10,131,107,170,104,1,-63
SMTOY,2026-07-14,D:\drive\Investment\分析报告\公司对比\结果\SMTOY_逐家公司投资思路对比_2026-07-14.md,133,126,238,18,0,-112,88,192,132,58,0,60,65,208,89,26,59,119,39,265,80,37,0,185,126,136,215,31,0,-79,88,157,119,49,57,38,95,160,120,86,16,40
SNDK,2026-07-14,D:\drive\Investment\分析报告\公司对比\结果\SNDK_逐家公司投资思路对比_2026-07-14.md,3,353,21,8,0,332,138,88,229,65,0,-141,51,250,101,31,0,149,128,127,224,31,0,-97,13,309,21,52,0,288,80,192,140,49,1,52,47,228,99,55,0,129
SNPS,2026-07-14,D:\drive\Investment\分析报告\公司对比\结果\SNPS_逐家公司投资思路对比_2026-07-14.md,129,115,217,50,0,-102,14,299,22,61,0,277,72,215,118,49,0,97,56,249,96,37,0,153,146,99,265,18,0,-166,66,182,100,100,0,82,36,223,74,85,0,149
SOMMY,2026-07-14,D:\drive\Investment\分析报告\公司对比\结果\SOMMY_逐家公司投资思路对比_2026-07-14.md,180,37,335,10,0,-298,170,36,320,26,0,-284,49,240,78,15,49,162,147,88,254,40,0,-166,186,20,346,16,0,-326,51,200,92,48,42,108,153,71,222,79,10,-151
ST,2026-07-14,D:\drive\Investment\分析报告\公司对比\结果\ST_逐家公司投资思路对比_2026-07-14.md,163,52,267,63,0,-215,158,63,282,37,0,-219,2,350,7,24,1,343,122,115,198,69,0,-83,143,70,228,84,0,-158,4,345,12,24,1,333,30,218,53,110,1,165
STM,2026-07-14,D:\drive\Investment\分析报告\公司对比\结果\STM_逐家公司投资思路对比_2026-07-14.md,136,115,244,23,0,-129,127,103,224,55,0,-121,114,131,196,35,20,-65,118,142,210,30,0,-68,119,143,210,29,0,-67,109,138,166,59,19,-28,147,91,223,68,0,-132
STX,2026-07-14,D:\drive\Investment\分析报告\公司对比\结果\STX_逐家公司投资思路对比_2026-07-14.md,16,315,54,13,0,261,137,102,243,37,0,-141,120,134,208,40,0,-74,149,93,269,20,0,-176,52,254,92,36,0,162,135,113,192,76,1,-79,142,105,208,69,0,-103
TDY,2026-07-14,D:\drive\Investment\分析报告\公司对比\结果\TDY_逐家公司投资思路对比_2026-07-14.md,121,135,210,37,0,-75,32,280,65,37,0,215,61,246,119,17,0,127,13,311,31,40,0,280,162,71,295,16,0,-224,97,177,163,42,0,14,38,236,92,54,0,144
TE,2026-07-14,D:\drive\Investment\分析报告\公司对比\结果\TE_逐家公司投资思路对比_2026-07-14.md,178,41,332,9,0,-291,187,7,360,15,0,-353,159,84,278,20,0,-194,186,15,361,6,0,-346,102,168,192,22,0,-24,161,66,214,102,0,-148,179,21,338,23,0,-317
TEL,2026-07-14,D:\drive\Investment\分析报告\公司对比\结果\TEL_逐家公司投资思路对比_2026-07-14.md,62,222,113,47,0,109,33,250,41,91,0,209,10,323,30,29,0,293,15,298,20,64,0,278,111,153,202,27,0,-49,11,297,49,36,0,248,12,295,22,65,0,273
TER,2026-07-14,D:\drive\Investment\分析报告\公司对比\结果\TER_逐家公司投资思路对比_2026-07-14.md,19,295,47,40,0,248,58,231,85,66,0,146,128,129,222,24,7,-93,92,181,151,50,0,30,23,294,40,48,0,254,103,157,163,55,7,-6,87,190,131,61,0,59
TMO,2026-07-14,D:\drive\Investment\分析报告\公司对比\结果\TMO_逐家公司投资思路对比_2026-07-14.md,147,97,254,31,0,-157,13,309,31,42,0,278,24,300,64,16,2,236,26,282,38,62,0,244,183,18,333,31,0,-315,21,271,70,40,1,201,16,291,60,31,0,231
TOELY,2026-07-14,D:\drive\Investment\分析报告\公司对比\结果\TOELY_逐家公司投资思路对比_2026-07-14.md,57,231,109,42,0,122,66,214,98,70,0,116,138,79,190,47,66,-111,93,166,147,68,1,19,88,178,152,52,0,26,98,117,103,101,61,14,96,158,118,87,19,40
TSEM,2026-07-14,D:\drive\Investment\分析报告\公司对比\结果\备份\TSEM_2026-07-18T16_36_36-07_00-f18672470d\TSEM_逐家公司投资思路对比_2026-07-14.md,31,277,62,43,0,215,100,175,168,39,0,7,157,82,272,28,0,-190,104,158,189,35,0,-31,17,305,29,48,0,276,123,134,189,58,1,-55,116,138,162,82,0,-24
TSLA,2026-07-14,D:\drive\Investment\分析报告\公司对比\结果\TSLA_逐家公司投资思路对比_2026-07-14.md,181,34,334,14,0,-300,140,96,242,44,0,-146,180,21,341,6,14,-320,165,68,305,9,0,-237,65,227,120,35,0,107,183,12,333,23,14,-321,177,29,337,16,0,-308
TSM,2026-07-14,D:\drive\Investment\分析报告\公司对比\结果\备份\TSM_2026-07-18T16_36_34-07_00-23b957362a\TSM_逐家公司投资思路对比_2026-07-14.md,5,334,24,24,0,310,2,355,6,21,0,349,14,318,47,17,0,271,46,246,74,62,0,172,29,291,64,27,0,227,10,320,54,8,0,266,2,359,8,15,0,351
TT,2026-07-14,D:\drive\Investment\分析报告\公司对比\结果\TT_逐家公司投资思路对比_2026-07-14.md,67,204,113,65,0,91,12,300,21,61,0,279,90,175,143,48,16,32,24,277,30,75,0,247,112,141,191,50,0,-50,102,150,150,66,16,0,53,202,83,81,16,119
TTDKY,2026-07-14,D:\drive\Investment\分析报告\公司对比\结果\TTDKY_逐家公司投资思路对比_2026-07-14.md,137,108,246,28,0,-138,86,191,128,63,0,63,76,209,124,37,12,85,42,261,80,41,0,181,127,132,219,31,0,-87,83,185,140,45,12,45,93,181,138,59,4,43
TXN,2026-07-14,D:\drive\Investment\分析报告\公司对比\结果\TXN_逐家公司投资思路对比_2026-07-14.md,124,131,224,27,0,-93,39,269,69,44,0,200,124,125,210,47,0,-85,47,258,87,37,0,171,169,52,304,26,0,-252,155,93,220,69,0,-127,124,128,171,83,0,-43
UCTT,2026-07-14,D:\drive\Investment\分析报告\公司对比\结果\UCTT_逐家公司投资思路对比_2026-07-14.md,115,160,203,19,0,-43,164,49,305,28,0,-256,105,156,187,27,12,-31,161,73,291,18,0,-218,97,179,187,16,0,-8,92,167,145,59,11,22,152,88,237,57,0,-149
UMC,2026-07-14,D:\drive\Investment\分析报告\公司对比\结果\UMC_逐家公司投资思路对比_2026-07-14.md,131,124,232,26,0,-108,131,107,239,36,0,-132,122,141,218,21,2,-77,72,220,124,38,0,96,150,85,266,31,0,-181,126,150,209,21,2,-59,145,104,228,50,0,-124
VECO,2026-07-14,D:\drive\Investment\分析报告\公司对比\结果\VECO_逐家公司投资思路对比_2026-07-14.md,60,223,106,53,0,117,147,79,238,65,0,-159,56,238,102,42,0,136,135,111,230,41,0,-119,44,253,73,56,0,180,45,221,85,76,0,136,89,188,132,62,0,56
VIAV,2026-07-14,D:\drive\Investment\分析报告\公司对比\结果\VIAV_逐家公司投资思路对比_2026-07-14.md,101,183,176,23,0,7,153,79,264,38,1,-185,126,118,207,41,16,-89,145,98,253,30,1,-155,93,178,168,36,0,10,121,122,175,68,17,-53,150,80,225,62,15,-145
VICR,2026-07-14,D:\drive\Investment\分析报告\公司对比\结果\VICR_逐家公司投资思路对比_2026-07-14.md,95,182,162,38,0,20,105,156,166,60,0,-10,169,45,318,18,1,-273,155,81,280,21,0,-199,9,326,30,26,0,296,165,67,259,56,0,-192,155,62,235,84,1,-173
VISN,2026-07-14,D:\drive\Investment\分析报告\公司对比\结果\VISN_逐家公司投资思路对比_2026-07-14.md,140,103,249,29,1,-146,169,32,313,37,0,-281,15,305,38,18,21,267,127,122,218,42,0,-96,147,93,263,26,0,-170,7,315,27,19,21,288,60,195,94,72,21,101
VRT,2026-07-14,D:\drive\Investment\分析报告\公司对比\结果\VRT_逐家公司投资思路对比_2026-07-14.md,14,293,10,79,0,283,36,240,35,107,0,205,130,109,205,67,1,-96,107,142,183,57,0,-41,18,284,10,88,0,274,114,120,157,104,1,-37,31,197,41,143,1,156
VSH,2026-07-14,D:\drive\Investment\分析报告\公司对比\结果\VSH_逐家公司投资思路对比_2026-07-14.md,149,101,266,15,0,-165,162,47,302,33,0,-255,118,142,214,22,4,-72,143,104,254,24,0,-150,153,89,275,18,0,-186,125,142,199,41,0,-57,160,67,256,59,0,-189
VST,2026-07-14,D:\drive\Investment\分析报告\公司对比\结果\VST_逐家公司投资思路对比_2026-07-14.md,40,267,86,29,0,181,104,155,160,67,0,-5,7,338,24,5,15,314,86,192,140,50,0,52,62,229,110,43,0,119,5,333,24,25,0,309,9,314,23,45,0,291
WDC,2026-07-14,D:\drive\Investment\分析报告\公司对比\结果\WDC_逐家公司投资思路对比_2026-07-14.md,32,285,77,20,0,208,135,105,244,33,0,-139,121,140,216,26,0,-76,132,122,230,30,0,-108,59,239,114,29,0,125,149,102,216,64,0,-114,139,107,196,79,0,-89
WOLF,2026-07-14,D:\drive\Investment\分析报告\公司对比\结果\WOLF_逐家公司投资思路对比_2026-07-14.md,189,8,372,2,0,-364,188,6,366,10,0,-360,182,27,349,6,0,-322,189,13,364,5,0,-351,140,114,256,12,0,-142,182,18,338,26,0,-320,186,8,367,7,0,-359
