ticker,path,line,contains_15_67,contains_16_54,contains_16_5,text
AAOI,D:\drive\Investment\分析报告\公司情景投资决策\结果\AAOI_经营情景市场状态投资决策_2026-07-15.md,272,True,False,False,| 波动率与市场功能 | VIX 15.67、VIX9D 12.06、VIX3M 18.91，期限结构正常；VIX 21日下降约11% | 稳定 |
AAON,D:\drive\Investment\分析报告\公司情景投资决策\结果\AAON_经营情景市场状态投资决策_2026-07-15.md,240,True,False,False,| 波动率与市场功能 | 7/15 VIX **15.67**、VIX3M **18.91**，正期限结构；SPY 20日年化波动约12.3%，未失序 | **稳定** |
ACLS,D:\drive\Investment\分析报告\公司情景投资决策\结果\ACLS_经营情景市场状态投资决策_2026-07-15.md,47,False,True,False,| VIX/期限结构 | 2026-07-15 | 2026-07-15 | 同日；Cboe 页面 VIX 16.54，近月期货高于现货 |
ACLS,D:\drive\Investment\分析报告\公司情景投资决策\结果\ACLS_经营情景市场状态投资决策_2026-07-15.md,351,False,True,False,| 波动率与市场功能 | Cboe VIX 16.54；7/22 近月期货结算约 17.31、8月约 18.52，现货低于远月，期限结构正常正斜率 | **稳定** | 2026-07-15 |
ACMR,D:\drive\Investment\分析报告\公司情景投资决策\结果\ACMR_经营情景市场状态投资决策_2026-07-15.md,293,False,True,True,| 波动率与市场功能 | Cboe 2026-07-15 VIX spot 16.54、前收16.50；Yahoo收盘口径 VIX3M 18.91，高于近月，期限结构为正常contango | 没有信用/相关性失序或波动率倒挂证据 | **稳定** |
ADBE,D:\drive\Investment\分析报告\公司情景投资决策\结果\ADBE_经营情景市场状态投资决策_2026-07-15.md,311,True,False,False,| 波动率与市场功能 | VIX 约 15.67、VIX3M约 18.91、VIX9D约 12.06，期限结构正常升水；没有信用、波动与相关性共同恶化证据 | **稳定** |
ADI,D:\drive\Investment\分析报告\公司情景投资决策\结果\ADI_经营情景市场状态投资决策_2026-07-15.md,247,True,False,False,| 波动率与市场功能 | VIX 约 15.67；近月期货约 16.04、后续月份逐步升至约 18.91，期限结构正常向上 | 稳定 | 支持风险扩张，不支持压力状态 |
AEIS,D:\drive\Investment\分析报告\公司情景投资决策\结果\AEIS_经营情景市场状态投资决策_2026-07-15.md,274,True,False,False,| 波动率与市场功能 | 2026-07-15 Cboe VIX `15.67`，当日下降 0.83；2026-07-10 STLFSI4 `-0.882`，未显示市场功能压力。来源：[Cboe VIX](https://www.cboe.com/tradable-products/vix)、[STLFSI4](https://fred.stlouisfed.org/series/STLFSI4) | **稳定** |
AEP,D:\drive\Investment\分析报告\公司情景投资决策\结果\AEP_经营情景市场状态投资决策_2026-07-15.md,229,False,False,True,| 波动率与市场功能 | Cboe VIX 2026-07-14为 `16.50`，期限结构向远月上倾，现货与信用均未显示失序。[Cboe VIX](https://www.cboe.com/tradable-products/vix/)、[期限结构](https://www.cboe.com/tradable-products/vix/term-structure) | **稳定** |
ALAB,D:\drive\Investment\分析报告\公司情景投资决策\结果\备份\ALAB_2026-08-19T12_34_45-07_00-af0dc1c78c\ALAB_经营情景市场状态投资决策_2026-07-15.md,281,True,False,False,| 波动率与市场功能 | 7 月 15 日 VIX 15.67、VIX3M 18.91、VIX6M 21.23，期限结构正斜率；SPY 21日年化波动约 13.7% | **稳定** | 现货波动低、期货结构正常，无失序 |
ALLE,D:\drive\Investment\分析报告\公司情景投资决策\结果\ALLE_经营情景市场状态投资决策_2026-07-15.md,256,False,True,False,| 波动率与市场功能 | Cboe VIX 2026-07-15 为 16.54；近月到远月期货约 17.1、18.45、19.46，维持升水；SPY 20 日实现波动约 12.6% | 稳定 |
AMAT,D:\drive\Investment\分析报告\公司情景投资决策\结果\AMAT_经营情景市场状态投资决策_2026-07-15.md,272,True,False,False,| 波动率与市场功能 | VIX 15.67、VIX3M 18.91，明显正向期限结构；VIX 20日 -3.3%、60日 -17.0% | **稳定** | 没有失序、相关性冲击或现货高于远期的压力证据 |
AMD,D:\drive\Investment\分析报告\公司情景投资决策\结果\AMD_经营情景市场状态投资决策_2026-07-15.md,285,False,True,True,| 波动率与市场功能 | Cboe VIX 2026-07-15 16:28 ET为 **`16.54`**，前收 `16.50`，远低于52周高点 `35.30` | **稳定** | 市场功能正常，不能用单日波动判为收缩或压力。[Cboe VIX](https://www.cboe.com/tradable-products/vix) |
AMKR,D:\drive\Investment\分析报告\公司情景投资决策\结果\备份\AMKR_2026-08-19T12_34_36-07_00-1847f57652\AMKR_经营情景市场状态投资决策_2026-07-15.md,265,True,False,False,| 波动率与市场功能 | VIX 15.67，VIX3M 18.91，期限结构正斜率；VIX 低于 50日和200日均值 | 市场功能稳定，没有失序相关性或倒挂压力 | **稳定** |
AMPX,D:\drive\Investment\分析报告\公司情景投资决策\结果\AMPX_经营情景市场状态投资决策_2026-07-15.md,291,False,False,True,| 波动率与市场功能 | VIX 2026-07-15 收盘约 16.50；近月期货约 17.55，正向期限结构，市场功能正常 | **稳定** |
ANET,D:\drive\Investment\分析报告\公司情景投资决策\结果\备份\ANET_2026-08-19T12_34_47-07_00-4e0ee86efb\ANET_经营情景市场状态投资决策_2026-07-15.md,253,True,False,False,| 波动率与市场功能 | VIX 15.67、VIX3M 18.91，处于明显contango；MOVE约68.5；SPY/HYG/LQD未出现共同失序下跌 | **稳定** | 股票、利率和信用资产没有显示相关性向单一抛售因子急升；这是市场功能代理判断，不用一个短窗口相关系数制造精度。低指数波动不排除个股高波动 |
AOSL,D:\drive\Investment\分析报告\公司情景投资决策\结果\AOSL_经营情景市场状态投资决策_2026-07-15.md,358,True,False,False,| 隐含波动率 | 2026-07-15收盘 | VIX 15.67 | 与股价同步；未用单日变化独立定性 |
AOSL,D:\drive\Investment\分析报告\公司情景投资决策\结果\AOSL_经营情景市场状态投资决策_2026-07-15.md,363,True,False,False,价格与回报来自各证券的[Yahoo Finance历史数据入口](https://finance.yahoo.com/quote/SPY/history/)并由本报告按调整收盘价计算；VIX 2026-07-15现货15.67另由[Cboe官方页面](https://www.cboe.com/tradable-products/vix)复核。利率与信用分别引用FRED的[DGS10](https://fred.stlouisfed.org/series/DGS10)、[DFII10](https://fred.stlouisfed.org/series/DFII10)、[BAMLH0A0HYM2](https://fred.stlouisfed.org/series/BAMLH0A0HYM2)和[BAMLC0A0CM](https://fred.stlouisfed.org/series/BAMLC0A0CM)。盈利数据引用[FactSet 2026-07-10 Earnings Insight](https://insight.factset.com/sp-500-likely-to-report-earnings-growth-above-29-for-q2)及[NYSE Q2 Earnings Preview](https://www.nyse.com/mac-desk/quarterly-earnings-preview)。
AOSL,D:\drive\Investment\分析报告\公司情景投资决策\结果\AOSL_经营情景市场状态投资决策_2026-07-15.md,376,True,False,False,| VIX | 15.67 | -7.3% | -3.3% | -12.7% | — | 波动率低且回落，市场功能稳定 |
AOSL,D:\drive\Investment\分析报告\公司情景投资决策\结果\AOSL_经营情景市场状态投资决策_2026-07-15.md,384,True,False,False,| 波动率与市场功能 | 波动、期限结构和相关性是否失序 | VIX 15.67且月度下降；没有信用或市场功能共同恶化证据 | **稳定** |
APD,D:\drive\Investment\分析报告\公司情景投资决策\结果\APD_经营情景市场状态投资决策_2026-07-15.md,292,True,False,False,| 波动率与市场功能 | Cboe VIX 15.67，较前日-5.03%；VIX3M 18.91，高于现货，期限结构正常；VIX 52周区间13.38–35.30 | **稳定** | 没有市场功能失序；[Cboe VIX 2026-07-15](https://www.cboe.com/tradable-products/vix) |
APH,D:\drive\Investment\分析报告\公司情景投资决策\结果\APH_经营情景市场状态投资决策_2026-07-15.md,238,True,False,True,| 波动率与市场功能 | VIX 7 月 14 日 16.50、7 月 15 日约 15.67；市场功能和期限结构没有失序证据 | **稳定** |
APLD,D:\drive\Investment\分析报告\公司情景投资决策\结果\APLD_经营情景市场状态投资决策_2026-07-15.md,272,True,False,False,| 波动率与市场功能 | Cboe VIX 7/15 为 15.67，VIX3M 约 18.91，期限结构为正斜率 | 稳定 | 不支持流动性 / 信用压力分类 |
ARM,D:\drive\Investment\分析报告\公司情景投资决策\结果\ARM_经营情景市场状态投资决策_2026-07-15.md,311,True,False,False,| 波动率与市场功能 | VIX 15.67、VIX3M 18.91，期限结构正斜率；VIX较21日前 -11.4% | **稳定** | 波动率不高且顺价差，市场功能正常；单股ARM高IV不进入市场状态 |
ASML,D:\drive\Investment\分析报告\公司情景投资决策\结果\备份\ASML_2026-07-18T17_46_46-07_00-48331b8b80\ASML_经营情景市场状态投资决策_2026-07-15.md,333,True,False,False,| 波动率与市场功能 | VIX 7月15日约15.67；Eurex称6月欧洲指数波动回落、单股/单主题故事占比提高；未见期限结构或跨资产相关性失序 | **稳定** | 支持风险扩张，但“指数低波动 + 单主题”更吻合主题主导 |
ASX,D:\drive\Investment\分析报告\公司情景投资决策\结果\ASX_经营情景市场状态投资决策_2026-07-15.md,232,True,False,False,| 波动率与市场功能 | 2026-07-15 VIX 约 **15.67**、VIX3M 约 **18.91**，期限结构正斜率；交易和跨资产功能正常 | **稳定** | 不支持市场失序或流动性压力 |
ATKR,D:\drive\Investment\分析报告\公司情景投资决策\结果\ATKR_经营情景市场状态投资决策_2026-07-15.md,327,True,False,False,| 波动率与市场功能 | 7 月 15 日 VIX 约 `15.67`、VIX3M 约 `18.91`，期限结构为升水；没有跨市场失序。历史数据入口见 [Cboe VIX 历史数据](https://www.cboe.com/tradable-products/vix/vix-historical-data) | **稳定** | 支持风险扩张，不支持压力状态；日内波动并不等于市场功能恶化 |
AVGO,D:\drive\Investment\分析报告\公司情景投资决策\结果\备份\AVGO_2026-07-18T18_53_56-07_00-34a2aa6554\AVGO_经营情景市场状态投资决策_2026-07-15.md,314,True,False,False,| 波动率与市场功能 | VIX 15.67、VIX3M 18.91，现货/3月约 0.83，期限结构正常升水 | **稳定** | 未出现倒挂或跨资产功能失序 |
AXTI,D:\drive\Investment\分析报告\公司情景投资决策\结果\AXTI_经营情景市场状态投资决策_2026-07-15.md,238,False,False,True,| 波动率与市场功能 | VIX 收盘口径约 15.7～16.5；VIX 三个月约 18.9，期限结构为正常升水；无失序迹象 | **稳定** |
BABA,D:\drive\Investment\分析报告\公司情景投资决策\结果\BABA_经营情景市场状态投资决策_2026-07-15.md,368,True,False,False,| 波动率与市场功能 | 2026-07-15 | **稳定** | VIX 约 15.67，3 个月 VIX 约 18.91，期限结构正常升水；没有信用或市场功能失序证据 |
BE,D:\drive\Investment\分析报告\公司情景投资决策\结果\备份\BE_2026-07-18T18_32_45-07_00-a47a37524c\BE_经营情景市场状态投资决策_2026-07-15.md,230,True,False,False,| 波动率与市场功能 | VIX 7月15日约 **15.67**；7月期货结算约17.55，高于现货，期限结构正常；市场相关性未显示失序 | **稳定** |
BELFB,D:\drive\Investment\分析报告\公司情景投资决策\结果\BELFB_经营情景市场状态投资决策_2026-07-15.md,265,True,False,False,| 波动率与市场功能 | VIX 15.67、VIX3M 18.91，期限升水约 20.7%；VVIX 91.85；没有倒挂或信用/市场功能失序 | **稳定** |
BWXT,D:\drive\Investment\分析报告\公司情景投资决策\结果\BWXT_经营情景市场状态投资决策_2026-07-15.md,270,False,True,False,| 波动率与市场功能 | VIX 16.54；VIX3M 约 18.91，高于现货，期限结构正常；未见相关性与融资市场失序 | **稳定** | [Cboe VIX](https://www.cboe.com/tradable-products/vix)，2026-07-15 16:28 ET；Yahoo Finance VIX3M，2026-07-15 |
CAMT,D:\drive\Investment\分析报告\公司情景投资决策\结果\CAMT_经营情景市场状态投资决策_2026-07-15.md,325,True,False,False,| 波动率与市场功能 | VIX 15.67，VIX3M 18.91，约 20.7% 正常升水；市场功能稳定 | 稳定 | 排除压力状态，但不能保证指数持续上涨 |
CARR,D:\drive\Investment\分析报告\公司情景投资决策\结果\备份\CARR_2026-08-19T12_34_37-07_00-22f161b9ee\CARR_经营情景市场状态投资决策_2026-07-15.md,316,True,False,False,| 波动率与市场功能 | VIX 15.67，VIX3M 18.91；期限结构正常contango | **稳定** | 不支持流动性 / 信用压力 |
CAT,D:\drive\Investment\分析报告\公司情景投资决策\结果\CAT_经营情景市场状态投资决策_2026-07-15.md,304,True,False,False,| 波动率与市场功能 | [Cboe VIX](https://www.cboe.com/tradable-products/vix) `15.67`，当日 `-5.03%`，52周 `13.38–35.30` | **稳定** | 波动低、市场功能正常 |
CBRS,D:\drive\Investment\分析报告\公司情景投资决策\结果\CBRS_经营情景市场状态投资决策_2026-07-15.md,221,True,False,False,| 波动率与市场功能 | VIX 约 15.67、VIX3M 约 18.91，期限结构正常正价差 | **稳定** | 没有市场功能失序，流动性压力列不是当前列 |
CC,D:\drive\Investment\分析报告\公司情景投资决策\结果\CC_经营情景市场状态投资决策_2026-07-15.md,347,False,True,False,| Cboe VIX / VIX3M | 16.54 / 约 18.91 | 波动率不高且期限结构为正常 contango，市场功能稳定 [S9] |
CC,D:\drive\Investment\分析报告\公司情景投资决策\结果\CC_经营情景市场状态投资决策_2026-07-15.md,358,False,True,False,| 波动率与市场功能 | VIX 16.54，VIX3M 高于现货，未见相关性或市场功能失序 | **稳定** |
CDNS,D:\drive\Investment\分析报告\公司情景投资决策\结果\备份\CDNS_2026-07-18T18_26_07-07_00-5b32620c09\CDNS_经营情景市场状态投资决策_2026-07-15.md,285,False,True,False,| 波动率与市场功能 | VIX 16.54，VIX3M约18.91，期限结构为正斜率；没有相关性失序或倒挂压力 | **稳定** | 2026-07-15，Cboe / 市场收盘数据 |
CIEN,D:\drive\Investment\分析报告\公司情景投资决策\结果\CIEN_经营情景市场状态投资决策_2026-07-15.md,277,False,True,False,| 波动率与市场功能 | 2026-07-15 VIX 16.54；近月期货 17.35、次月 18.45，为正斜率，市场功能正常 | 稳定 |
CLS,D:\drive\Investment\分析报告\公司情景投资决策\结果\CLS_经营情景市场状态投资决策_2026-07-15.md,282,True,True,False,| 波动率与市场功能 | Cboe 页面 7 月 15 日 VIX 约 **16.54**；期货 Aug 16.04、Sep 17.60、Oct 18.91、Dec 20.78，月间期货曲线逐月上斜；现货略高于首月但没有倒挂扩散 | **稳定** | 低现货波动、正常月间期限结构支持风险扩张；数据商收盘 15.67 的差异不改变分类 |
CMI,D:\drive\Investment\分析报告\公司情景投资决策\结果\备份\CMI_2026-08-19T12_34_35-07_00-5d8acd9503\CMI_经营情景市场状态投资决策_2026-07-15.md,340,True,False,False,| 波动率与市场功能 | VIX 15.67、VIX3M 18.91，VIX/VIX3M 0.83，期限结构正常正价差 | **稳定** | 风险溢价受到支持，但不是零风险 |
COHR,D:\drive\Investment\分析报告\公司情景投资决策\结果\COHR_经营情景市场状态投资决策_2026-07-15.md,215,True,False,False,| 波动率与市场功能 | VIX 7/15 收 **15.67**，VIX3M **18.91**，期限结构正斜率 | **稳定** | 波动低、期限结构正常，市场功能未失序；[Cboe VIX 延迟报价](https://cdn.cboe.com/api/global/delayed_quotes/quotes/_VIX.json)、[Cboe 历史数据](https://www.cboe.com/tradable-products/vix/) |
COHU,D:\drive\Investment\分析报告\公司情景投资决策\结果\COHU_经营情景市场状态投资决策_2026-07-15.md,239,True,False,False,| 波动率与市场功能 | Cboe VIX 7/15 收 15.67，VIX3M 约 18.91，期限结构正向；无相关性或交易功能失序证据 | **稳定** | 高 |
CRDO,D:\drive\Investment\分析报告\公司情景投资决策\结果\备份\CRDO_2026-08-19T12_34_45-07_00-af0dc1c78c\CRDO_经营情景市场状态投资决策_2026-07-15.md,256,True,False,False,| 波动率与市场功能 | VIX 15.67、VIX3M 18.91，现货/三月约0.83，正常contango | 稳定 | 没有失序、相关性跳升或融资功能中断证据 |
CRWD,D:\drive\Investment\分析报告\公司情景投资决策\结果\CRWD_经营情景市场状态投资决策_2026-07-15.md,286,True,False,False,| 波动率与市场功能 | [VIX](https://www.cboe.com/tradable_products/vix/)约 15.67、VIX3M约 18.91，期限结构顺价；MOVE约 68.5 | **稳定** | 不满足流动性/信用压力定义 |
CRWV,D:\drive\Investment\分析报告\公司情景投资决策\结果\备份\CRWV_2026-08-19T12_34_52-07_00-a389852cc8\CRWV_经营情景市场状态投资决策_2026-07-15.md,264,False,True,False,| 波动率与市场功能 | Cboe 2026-07-15 VIX 约 16.54；近月/8月/9月 VIX 期货约 17.35/18.45/19.47，保持 contango [M5][M6] | **稳定** | 市场功能正常、近端恐慌不高 |
CSCO,D:\drive\Investment\分析报告\公司情景投资决策\结果\CSCO_经营情景市场状态投资决策_2026-07-15.md,244,True,False,False,| 波动率与市场功能 | VIX 15.67、VIX3M 18.91，明显contango；VIX 1M下降11.4%，VVIX 91.85 | **稳定** | 市场功能正常，相关性/波动未显示失序 |
DELL,D:\drive\Investment\分析报告\公司情景投资决策\结果\DELL_经营情景市场状态投资决策_2026-07-15.md,241,True,False,False,| 波动率与市场功能 | VIX 7/15约 15.67；Cboe期限结构约8月16.04、9月17.60、10月18.91，保持正向期限结构 [M2] | **稳定** | 没有失序、相关性冲击或近端倒挂信号 |
DHR,D:\drive\Investment\分析报告\公司情景投资决策\结果\DHR_经营情景市场状态投资决策_2026-07-15.md,241,True,False,True,| 波动率与市场功能 | VIX 2026-07-15 为 15.67，低于前日 16.50；8—11 月期货从约 16.04 升至约 20.08，正常 contango，没有近月倒挂式压力 | **稳定** |
DIOD,D:\drive\Investment\分析报告\公司情景投资决策\结果\DIOD_经营情景市场状态投资决策_2026-07-15.md,274,True,False,True,| 波动率与市场功能 | 2026-07-15 VIX约 **15.67**、VIX3M约 **18.91**；期限结构向上。Cboe 7/14 VIX 16.50，近月期货低于远月 | **稳定** | 低波动、contango、市场功能正常，支持风险扩张而非收缩 |
DLR,D:\drive\Investment\分析报告\公司情景投资决策\结果\DLR_经营情景市场状态投资决策_2026-07-15.md,325,True,False,False,| 波动率与市场功能 | Cboe VIX 2026-07-15 为 15.67、当日 -5.03%，52 周区间 13.38–35.30 | **稳定** | 市场功能正常，不是流动性压力 |
DOV,D:\drive\Investment\分析报告\公司情景投资决策\结果\DOV_经营情景市场状态投资决策_2026-07-15.md,270,True,False,False,| 波动率与市场功能 | VIX约 15.67、VIX3M约 18.91、VIX9D约 12.06，期限结构顺价差；Cboe 7月14日近月到远月期货约16.81→22.98 | **稳定** | Yahoo Finance/Cboe [VIX term structure](https://www.cboe.com/tradable-products/vix/term-structure)，7月14—15日 |
DTE,D:\drive\Investment\分析报告\公司情景投资决策\结果\DTE_经营情景市场状态投资决策_2026-07-15.md,371,True,False,False,| 波动率与市场功能 | VIX 2026-07-15 收于约 15.67，未见高波动、相关性失序或期限结构压力证据 | **稳定** | 支持风险扩张而非有序收缩/流动性压力；[Cboe VIX](https://www.cboe.com/delayed_quotes/_vix/quote_table) |
ECL,D:\drive\Investment\分析报告\公司情景投资决策\结果\ECL_经营情景市场状态投资决策_2026-07-15.md,266,True,False,False,| 波动率与市场功能 | 7/15 VIX 15.67、VIX3M 18.91、VIX9D 12.06，期限结构为正常 contango，未见功能失序 | **稳定** |
EME,D:\drive\Investment\分析报告\公司情景投资决策\结果\备份\EME_2026-08-19T12_34_41-07_00-adcdceb9eb\EME_经营情景市场状态投资决策_2026-07-15.md,329,True,False,False,| 波动率与市场功能 | VIX 15.67、VIX9D 12.06、VIX3M 18.91；短端低于三个月，市场功能正常[^M5] | **稳定** | 不支持有序收缩或流动性压力，但低波动提高估值脆弱性 |
ENPH,D:\drive\Investment\分析报告\公司情景投资决策\结果\ENPH_经营情景市场状态投资决策_2026-07-15.md,219,True,False,False,| 波动率与市场功能 | 7 月 15 日 VIX **15.67**；近月/三月期约 16.04/18.91，明显 contango；市场功能正常 | **稳定** | 支持风险资产，但不是单独的宽基扩张判据；见[Cboe VIX](https://www.cboe.com/tradable-products/vix)、[期限结构](https://www.cboe.com/tradable-products/vix/term-structure) |
ENS,D:\drive\Investment\分析报告\公司情景投资决策\结果\ENS_经营情景市场状态投资决策_2026-07-15.md,303,True,False,False,| 波动率与市场功能 | Cboe VIX 2026-07-15 为 15.67；8 月、9 月 VIX 期货约 16.04、17.60，期限结构为正常升水 | **稳定** |
EQIX,D:\drive\Investment\分析报告\公司情景投资决策\结果\EQIX_经营情景市场状态投资决策_2026-07-15.md,273,True,False,False,| 波动率与市场功能 | VIX 15.67、VIX3M 18.91、VIX6M 21.23，期限结构正向；没有市场功能失序证据 | **稳定** |
ET,D:\drive\Investment\分析报告\公司情景投资决策\结果\ET_经营情景市场状态投资决策_2026-07-15.md,327,True,False,True,| 波动率与市场功能 | VIX **15.67**、前值16.50；VIX3M约18.91，期限结构正斜率；MOVE约68.5 | **稳定** | 现货波动低且远月高于近月，不符合流动性压力；VIX见[Cboe](https://www.cboe.com/tradable-products/vix) |
ETN,D:\drive\Investment\分析报告\公司情景投资决策\结果\ETN_经营情景市场状态投资决策_2026-07-15.md,261,False,True,False,| 波动率与市场功能 | Cboe VIX 2026-07-15约 16.54；近月期货约 17.6、年末约 20.7，期限结构为升水，未见相关性或市场功能失序 | **稳定** |
ETR,D:\drive\Investment\分析报告\公司情景投资决策\结果\ETR_经营情景市场状态投资决策_2026-07-15.md,260,True,False,True,| 波动率与市场功能 | Cboe VIX 7 月 15 日约 15.67，较前收 16.50 回落；8—10 月期货约 16.0、17.6、18.9，期限结构正常向上 | **稳定** | 市场功能正常，相关性和波动没有压力状态特征 |
FCEL,D:\drive\Investment\分析报告\公司情景投资决策\结果\FCEL_经营情景市场状态投资决策_2026-07-15.md,245,True,False,False,| 波动率与市场功能 | Cboe VIX 2026-07-15 **15.67**，VIX3M约18.91，现货/3月约0.83，期限结构正常正斜率 | **稳定** |
FIX,D:\drive\Investment\分析报告\公司情景投资决策\结果\FIX_经营情景市场状态投资决策_2026-07-15.md,321,True,False,False,| 波动率与市场功能 | 2026-07-15 VIX 15.67；VIX9D 12.06、VIX3M 18.91、VIX6M 21.23，期限结构为正向；MOVE 约 68.48 | **稳定** | 市场功能正常，短端波动低于中长端 |
FLEX,D:\drive\Investment\分析报告\公司情景投资决策\结果\FLEX_经营情景市场状态投资决策_2026-07-15.md,276,False,True,False,| 波动率与市场功能 | 07-15 VIX 16.54；8 月 / 9 月期货约 18.45 / 19.47，期限结构正斜率 | 稳定 | 没有市场功能失序或反向期限结构。来源：[Cboe VIX](https://www.cboe.com/tradable-products/vix)、[VIX futures](https://www.cboe.com/tradable-products/vix/vix-futures/) |
FLNC,D:\drive\Investment\分析报告\公司情景投资决策\结果\FLNC_经营情景市场状态投资决策_2026-07-15.md,215,True,False,True,| 波动率与市场功能 | Cboe VIX 2026-07-15 收于 `15.67`，前值 `16.50`，处于过去 52 周 `13.38～35.30`的低位区域；无市场功能失序证据 | 稳定 |
FN,D:\drive\Investment\分析报告\公司情景投资决策\结果\FN_经营情景市场状态投资决策_2026-07-15.md,246,True,False,False,| 波动率与市场功能 | 2026-07-15 VIX 15.67；近月期货高于现货，市场功能稳定 | 稳定 |
FTV,D:\drive\Investment\分析报告\公司情景投资决策\结果\FTV_经营情景市场状态投资决策_2026-07-15.md,249,True,False,False,| 波动率与市场功能 | 2026-07-15 VIX 15.67、VIX3M 18.91，期限结构正向约3.24点；[Cboe VIX历史](https://cdn.cboe.com/api/global/us_indices/daily_prices/VIX_History.csv)、[VIX3M历史](https://cdn.cboe.com/api/global/us_indices/daily_prices/VIX3M_History.csv) | 稳定 | 低波动、正向期限结构与信用正常一致 |
GEV,D:\drive\Investment\分析报告\公司情景投资决策\结果\备份\GEV_2026-08-19T12_34_48-07_00-13df682d44\GEV_经营情景市场状态投资决策_2026-07-15.md,259,True,False,False,| 波动率与市场功能 | 2026-07-15 VIX 15.67，VIX3M 18.91，期限结构为正常 contango | **稳定** | 无失序证据，不支持风险收缩或流动性压力 |
GEV,D:\drive\Investment\分析报告\公司情景投资决策\结果\备份\GEV_2026-08-19T12_34_48-07_00-13df682d44\GEV_经营情景市场状态投资决策_2026-07-15.md,517,True,False,False,| [Cboe VIX](https://www.cboe.com/tradable-products/vix) | 2026-07-15 | VIX 15.67 与期限结构市场状态 |
GFS,D:\drive\Investment\分析报告\公司情景投资决策\结果\GFS_经营情景市场状态投资决策_2026-07-15.md,306,True,False,False,| 波动率与市场功能 | VIX 15.67，VIX3M 18.91，期限结构保持正斜率；未见市场功能失序 | 稳定 | 支持风险扩张，排除流动性压力 |
GLW,D:\drive\Investment\分析报告\公司情景投资决策\结果\GLW_经营情景市场状态投资决策_2026-07-15.md,257,True,False,True,| 波动率与市场功能 | Cboe VIX 2026-07-15 为 15.67，低于前收 16.50；市场功能正常 | **稳定** | 不是单日低 VIX 决定状态，而是与信用、宽度共同确认 |
GOOGL,D:\drive\Investment\分析报告\公司情景投资决策\结果\备份\GOOGL_2026-07-18T18_17_00-07_00-ed20c324be\GOOGL_经营情景市场状态投资决策_2026-07-15.md,286,True,False,False,| 波动率与市场功能 | 7/15 VIX 约 15.67、VIX3M 约 18.91，期限结构为正常升水；MOVE 约 68 | **稳定** | 波动和市场功能支持风险扩张，未见相关性/融资功能失序 |
HPE,D:\drive\Investment\分析报告\公司情景投资决策\结果\备份\HPE_2026-08-19T12_34_38-07_00-04bf641c36\HPE_经营情景市场状态投资决策_2026-07-15.md,237,False,False,True,| 波动率与市场功能 | Cboe 7 月 14 日 VIX 16.50、VIX3M 19.30、VIX6M 21.52，期限结构正常向上 | **稳定** | 市场功能正常，未见相关性和近月波动率失序 |
HUBB,D:\drive\Investment\分析报告\公司情景投资决策\结果\HUBB_经营情景市场状态投资决策_2026-07-15.md,280,True,False,False,| 波动率与市场功能 | 7/15 VIX **15.67**、VIX3M **18.91**，VIX/VIX3M约0.83，正常contango；指数、信用与融资市场功能正常 | **稳定** | 排除流动性压力；低波动支持风险扩张但也意味着保护成本低、不能当永久状态 |
IBM,D:\drive\Investment\分析报告\公司情景投资决策\结果\备份\IBM_2026-07-18T17_41_44-07_00-cc78f32202\IBM_经营情景市场状态投资决策_2026-07-15.md,332,True,False,False,| 波动率与市场功能 | 2026-07-15 VIX 15.67、VIX3M 18.91，期限结构为正向，VIX 一个月约下降 11% | **稳定** | 市场功能正常、尾部定价未失序 |
ICHR,D:\drive\Investment\分析报告\公司情景投资决策\结果\ICHR_经营情景市场状态投资决策_2026-07-15.md,323,True,False,False,| 波动率与市场功能 | VIX 15.67、VIX3M 18.91，期限结构约 20.7% 正向斜率；VIX 21 日下降约 11% | 稳定 | 市场功能正常，不支持流动性压力 |
IESC,D:\drive\Investment\分析报告\公司情景投资决策\结果\IESC_经营情景市场状态投资决策_2026-07-15.md,260,False,False,True,| 波动率与市场功能 | VIX 2026-07-14 为约 16.50；Cboe 6 月资料显示波动虽反复但相关性下降，未出现融资或交易功能失序 | 稳定 |
IMOS,D:\drive\Investment\分析报告\公司情景投资决策\结果\IMOS_经营情景市场状态投资决策_2026-07-15.md,310,False,True,False,| 波动率与市场功能 | Cboe VIX 16.54（7月15日 16:28 ET）；VIX3M 约18.91，期限结构正斜率 | **稳定** | 市场功能正常、近端波动低于三个月波动 |
INTC,D:\drive\Investment\分析报告\公司情景投资决策\结果\备份\INTC_2026-07-18T18_00_11-07_00-f8a9ac486b\INTC_经营情景市场状态投资决策_2026-07-15.md,250,False,True,False,| 波动率与市场功能 | Cboe VIX 2026-07-15 为 16.54；8 月至 2027 年 5 月期货约 16.04→22.78，正常上倾而非倒挂 | 近端波动温和、市场功能稳定 | **稳定** |
IREN,D:\drive\Investment\分析报告\公司情景投资决策\结果\IREN_经营情景市场状态投资决策_2026-07-15.md,345,True,False,False,| 波动率与市场功能 | VIX 15.67；VIX9D 12.06、VIX3M 18.91、VIX6M 21.23，期限结构为正常升水，未见失序 | **稳定** |
JBL,D:\drive\Investment\分析报告\公司情景投资决策\结果\JBL_经营情景市场状态投资决策_2026-07-15.md,319,True,False,False,| 波动率与市场功能 | Cboe VIX 15.67；近月到远月约 16.04、17.60、18.91、20.08，期限结构为 contango | **稳定** | 2026-07-15；未见信用或市场功能失序 |
JCI,D:\drive\Investment\分析报告\公司情景投资决策\结果\JCI_经营情景市场状态投资决策_2026-07-15.md,204,False,False,True,| 波动率与市场功能 | VIX 2026-07-14 收于 **16.50**；Cboe 7 月 14 日期货曲线由 8 月 16.81 上升至 10 月 19.33，正常 contango | **稳定** | 波动率低中位、期限结构未倒挂；不支持流动性压力。[FRED VIX](https://fred.stlouisfed.org/series/VIXCLS)、[Cboe term structure](https://www.cboe.com/tradable-products/vix/term-structure) |
KEYS,D:\drive\Investment\分析报告\公司情景投资决策\结果\KEYS_经营情景市场状态投资决策_2026-07-15.md,271,True,False,False,| 波动率与市场功能 | VIX 15.67、VIX3M 18.91、VIX6M 21.23，期限结构正向；近 21 日 VIX 均值约 16.94 | 稳定 | 市场功能正常、无失序；单日波动不足以改列 |
KLAC,D:\drive\Investment\分析报告\公司情景投资决策\结果\KLAC_经营情景市场状态投资决策_2026-07-15.md,346,True,False,False,| 波动率与市场功能 | Cboe VIX 15.67、VIX3M 18.91，期限结构正斜率 3.24 点；截至 2026-07-15 | 稳定 | 风险溢价受支持，未失序 |
KLIC,D:\drive\Investment\分析报告\公司情景投资决策\结果\KLIC_经营情景市场状态投资决策_2026-07-15.md,229,True,False,False,| 波动率与市场功能 | VIX 15.67、VIX3M 18.91；VIX 期货曲线由近端约 16 向远端约 23 上斜，没有明显倒挂 | **稳定** | 2026-07-15；Cboe |
LFUS,D:\drive\Investment\分析报告\公司情景投资决策\结果\LFUS_经营情景市场状态投资决策_2026-07-15.md,233,False,True,False,| 波动率与市场功能 | Cboe VIX 2026-07-15 约 16.54；市场交易和信用 ETF 正常 | **稳定** | 波动率不支持“流动性/信用压力” |
LIN,D:\drive\Investment\分析报告\公司情景投资决策\结果\LIN_经营情景市场状态投资决策_2026-07-15.md,290,False,True,False,| 波动率与市场功能 | [Cboe VIX](https://www.cboe.com/tradable-products/vix) 2026-07-15为16.54；7月14日近月至远月约16.81→22.98，期限结构正常上倾，未见失序 | **稳定** |
LRCX,D:\drive\Investment\分析报告\公司情景投资决策\结果\LRCX_经营情景市场状态投资决策_2026-07-15.md,357,True,False,False,| 波动率与市场功能 | VIX 15.67、VIX3M 18.91，近月 / 3月比 0.829，期限结构为 contango | **稳定** | 没有相关性和市场功能失序信号 |
LWLG,D:\drive\Investment\分析报告\公司情景投资决策\结果\LWLG_经营情景市场状态投资决策_2026-07-15.md,256,True,False,False,| 波动率与市场功能 | VIX 15.67，VIX3M 18.91，期限结构正向；VIX 近 21 日下降约 11% | **稳定** | 单日波动不改变稳定市场功能判断 |
MCHP,D:\drive\Investment\分析报告\公司情景投资决策\结果\MCHP_经营情景市场状态投资决策_2026-07-15.md,323,True,False,False,| 波动率与市场功能 | 2026-07-15 VIX 15.67；7、8、9 月期货约 16.55、18.05、19.23，正常升水 | **稳定** | 市场功能正常，不支持流动性压力 |
META,D:\drive\Investment\分析报告\公司情景投资决策\结果\备份\META_2026-07-18T17_59_47-07_00-4b065cadb9\META_经营情景市场状态投资决策_2026-07-15.md,259,False,True,False,| 波动率与市场功能 | Cboe 7/15 VIX 约 **16.54**；Yahoo 日线 VIX3M 约 **18.91**，中期限结构仍向上；主要指数交易正常 | **稳定** | 近端波动不低至极端，但不满足流动性压力；数据商收盘时点差不改变分类 |
MKSI,D:\drive\Investment\分析报告\公司情景投资决策\结果\备份\MKSI_2026-08-19T12_34_42-07_00-07309e6a19\MKSI_经营情景市场状态投资决策_2026-07-15.md,311,True,False,False,| 波动率与市场功能 | Cboe VIX 2026-07-15收 **15.67**；VIX3M约 **18.91**，期限结构正常上倾 | **稳定** | 近端波动低于3个月波动，无失序或相关性冲击；[Cboe VIX](https://www.cboe.com/tradable-products/vix) |
MMM,D:\drive\Investment\分析报告\公司情景投资决策\结果\备份\MMM_2026-07-18T18_24_11-07_00-a96a66cd7b\MMM_经营情景市场状态投资决策_2026-07-15.md,252,True,False,False,| 波动率与市场功能 | VIX 15.67，VIX3M 18.91，期限结构正向；MOVE 68.48，市场功能稳定 | **稳定** |
MOD,D:\drive\Investment\分析报告\公司情景投资决策\结果\MOD_经营情景市场状态投资决策_2026-07-15.md,238,True,False,False,| 波动率与市场功能 | 2026-07-15 VIX **15.67**；VIX期货从7月约16.55上行至12月约20.57，正常contango | **稳定** | 现货低、期限结构正常；不是流动性/信用压力 |
MPWR,D:\drive\Investment\分析报告\公司情景投资决策\结果\MPWR_经营情景市场状态投资决策_2026-07-15.md,267,True,False,False,| 波动率与市场功能 | 07-15：VIX 15.67、VIX9D 12.06、VIX3M 18.91；期限结构向上，21日 VIX -11.4% | 稳定 | 不支持有序收缩或流动性压力 |
MRAM,D:\drive\Investment\分析报告\公司情景投资决策\结果\MRAM_经营情景市场状态投资决策_2026-07-15.md,264,True,False,False,| 波动率与市场功能 | VIX 15.67、VIX9D 12.06、VIX3M 18.91；期限结构明显正向，市场功能正常 | **稳定** |
MRVL,D:\drive\Investment\分析报告\公司情景投资决策\结果\MRVL_经营情景市场状态投资决策_2026-07-15.md,237,True,False,False,| 波动率与市场功能 | VIX **15.67**、VIX3M **18.91**，VIX/VIX3M约 **0.83**，期限结构正常；VIX 3个月约 -13.8% | **稳定** | 支持风险扩张，未见市场功能失序 |
MSFT,D:\drive\Investment\分析报告\公司情景投资决策\结果\备份\MSFT_2026-07-18T18_25_08-07_00-211e86e1a9\MSFT_经营情景市场状态投资决策_2026-07-15.md,325,True,False,True,| 波动率与市场功能 | VIX约15.67；VIX3M约18.91，期限结构正常正斜率；MOVE约68.5，未见失序 | 2026-07-15 Yahoo/yfinance与[Cboe VIX](https://www.cboe.com/tradable-products/vix)；FRED 7/14 VIX 16.50 | **稳定** |
MSI,D:\drive\Investment\分析报告\公司情景投资决策\结果\MSI_经营情景市场状态投资决策_2026-07-15.md,259,True,False,False,| 波动率与市场功能 | VIX 15.67、VIX3M 18.91、VIX6M 21.23；近远月正斜率，VIX低于50/200日均线 | **稳定** | 市场功能正常、相关性没有失序信号 |
MTRN,D:\drive\Investment\分析报告\公司情景投资决策\结果\MTRN_经营情景市场状态投资决策_2026-07-15.md,248,False,True,False,| 波动率与市场功能 | Cboe VIX 7/15为 16.54，市场交易和ETF流动正常 | **稳定** | 支持风险扩张，不支持压力状态 |
MTSI,D:\drive\Investment\分析报告\公司情景投资决策\结果\MTSI_经营情景市场状态投资决策_2026-07-15.md,228,False,True,False,| 波动率与市场功能 | Cboe 2026-07-15 16:28 EDT VIX约 16.54，期货曲线向后月份约17—21，未显示失序；[Cboe VIX](https://www.cboe.com/tradable-products/vix) | **稳定** |
MU,D:\drive\Investment\分析报告\公司情景投资决策\结果\备份\MU_2026-08-19T12_34_44-07_00-4699b1730b\MU_经营情景市场状态投资决策_2026-07-15.md,282,True,False,False,| 波动率与市场功能 | VIX 15.67、VIX3M 18.91，期限结构正常正斜率；VIX 1个月下降约 11.4% | **稳定** | 无流动性/相关性失序证据 |
MXL,D:\drive\Investment\分析报告\公司情景投资决策\结果\MXL_经营情景市场状态投资决策_2026-07-15.md,283,False,False,True,| 波动率与市场功能 | VIX 约 15.7—16.5，VIX3M 约 18.9，期限结构保持 contango | 稳定 | 没有市场功能失序 |
MYRG,D:\drive\Investment\分析报告\公司情景投资决策\结果\MYRG_经营情景市场状态投资决策_2026-07-15.md,265,True,False,False,| 波动率与市场功能 | Cboe VIX 7/15为15.67，期限结构为contango，市场功能正常 | **稳定** | 支持风险扩张；不支持压力状态 |
NBIS,D:\drive\Investment\分析报告\公司情景投资决策\结果\备份\NBIS_2026-07-18T18_22_42-07_00-f0c0c66c5b\NBIS_经营情景市场状态投资决策_2026-07-15.md,289,False,False,True,| 波动率与市场功能 | VIX 7 月 14 日约 **16.50**，21 日下降约 15%；期货曲线为正向期限结构 | **稳定** | 市场功能正常，不支持压力状态；见 [Cboe VIX 期限结构](https://www.cboe.com/tradable-products/vix/term-structure) |
NDSN,D:\drive\Investment\分析报告\公司情景投资决策\结果\NDSN_经营情景市场状态投资决策_2026-07-15.md,295,True,False,False,| 波动率与市场功能 | 7 月 15 日 VIX 15.67、VIX3M 18.91，近月低于三个月波动率，期限结构正常；VIX 较 21 日前下降约 11% | **稳定** |
NTAP,D:\drive\Investment\分析报告\公司情景投资决策\结果\备份\NTAP_2026-07-18T18_52_37-07_00-e16244ba15\NTAP_经营情景市场状态投资决策_2026-07-15.md,279,True,False,False,| 波动率与市场功能 | 波动水平、期限结构和相关性是否失序 | 2026-07-15 VIX9D / VIX / VIX3M / VIX6M约 **12.06 / 15.67 / 18.91 / 21.23**，明显正向期限结构；未见市场功能压力。参见 [Cboe VIX资料](https://www.cboe.com/tradable_products/vix/vix_historical_data/) | **稳定** |
NTNX,D:\drive\Investment\分析报告\公司情景投资决策\结果\NTNX_经营情景市场状态投资决策_2026-07-15.md,249,True,False,False,| 波动率与市场功能 | VIX 2026-07-15约 **15.67**，VIX3M约 **18.91**，期限结构正常上斜；VIX低于50日和200日均值 | **稳定** | 支持风险扩张，但也提示高预期/低波动脆弱性 |
NVDA,D:\drive\Investment\分析报告\公司情景投资决策\结果\备份\NVDA_2026-07-18T18_25_55-07_00-8ec97b3c63\NVDA_经营情景市场状态投资决策_2026-07-15.md,276,True,False,False,| 波动率与市场功能 | VIX 15.67、VIX3M 18.91，期限结构正常 contango；MOVE 约 68.48 | 稳定 | 市场功能正常；排除流动性/信用压力 |
NVMI,D:\drive\Investment\分析报告\公司情景投资决策\结果\NVMI_经营情景市场状态投资决策_2026-07-15.md,281,True,False,False,| 波动率与市场功能 | Cboe VIX 2026-07-15收于 **15.67**；Yahoo口径VIX3M约18.91，高于现货 | **稳定** | 低波动与正斜率不支持失序，但不能抵消高折现率 |
NVMI,D:\drive\Investment\分析报告\公司情景投资决策\结果\NVMI_经营情景市场状态投资决策_2026-07-15.md,294,True,False,False,- **为何不是流动性/信用压力：**HY OAS 2.72%、VIX 15.67，市场功能正常。
NVT,D:\drive\Investment\分析报告\公司情景投资决策\结果\备份\NVT_2026-08-19T12_34_43-07_00-9913595e14\NVT_经营情景市场状态投资决策_2026-07-15.md,297,True,False,True,| 波动率与市场功能 | 2026-07-15 VIX **15.67**，前收 16.50，52周区间 13.38–35.30；没有失序证据 | 波动低、流动性正常 | **稳定** |
OKLO,D:\drive\Investment\分析报告\公司情景投资决策\结果\OKLO_经营情景市场状态投资决策_2026-07-15.md,229,True,False,False,| 波动率与市场功能 | VIX 约 15.67；VIX9D 12.06、VIX3M 18.91，期限结构明显正斜率；没有相关性失序或融资市场中断证据 | **稳定** | Yahoo Finance / [Cboe 历史数据](https://www.cboe.com/tradable_products/vix/vix_historical_data/)，2026-07-15 |
ON,D:\drive\Investment\分析报告\公司情景投资决策\结果\ON_经营情景市场状态投资决策_2026-07-15.md,274,True,False,False,| 波动率与市场功能 | VIX 15.67、VIX3M 18.91、VIX9D 12.06，期限结构正常升水 | **稳定** | 没有流动性/信用压力所需的波动与市场功能失序证据 |
P,D:\drive\Investment\分析报告\公司情景投资决策\结果\P_经营情景市场状态投资决策_2026-07-15.md,249,True,False,False,| 波动率与市场功能 | VIX 15.67、VIX3M 18.91，期限结构为 contango；交易和信用 ETF 正常 | **稳定** | 波动率没有显示失序，短期风险溢价偏低 |
PH,D:\drive\Investment\分析报告\公司情景投资决策\结果\PH_经营情景市场状态投资决策_2026-07-15.md,219,True,False,False,| 波动率与市场功能 | 2026-07-15 VIX **15.67**、VIX3M **18.91**，正常升水；MOVE约 **68.5**；没有信用或市场功能失序证据 | **稳定** |
PLAB,D:\drive\Investment\分析报告\公司情景投资决策\结果\PLAB_经营情景市场状态投资决策_2026-07-15.md,332,True,False,False,| 波动率与市场功能 | VIX 7/15 约 15.67；7/14 VIX期货 Aug/Sep/Oct约 16.81/18.23/19.33，正常升水 | **稳定** | 没有失序或相关性冲击；支持风险扩张 |
PNR,D:\drive\Investment\分析报告\公司情景投资决策\结果\PNR_经营情景市场状态投资决策_2026-07-15.md,276,True,False,False,| 波动率与市场功能 | VIX **15.67**、VIX3M **18.91**、VIX9D **12.06**；期限结构正向，相关资产正常交易 | **稳定** | 风险溢价较低，无流动性压力确认 |
POET,D:\drive\Investment\分析报告\公司情景投资决策\结果\POET_经营情景市场状态投资决策_2026-07-15.md,230,False,True,False,| 波动率与市场功能 | Cboe 2026-07-15 VIX 约 **16.54**，52 周区间 13.38—35.30；市场功能正常 | **稳定** | 波动率不支持有序收缩或流动性压力 |
POWI,D:\drive\Investment\分析报告\公司情景投资决策\结果\POWI_经营情景市场状态投资决策_2026-07-15.md,293,True,False,False,| 波动率与市场功能 | VIX 15.67、VIX3M 18.91，期限结构正斜率约 3.24 点；市场功能稳定 | **稳定** |
POWL,D:\drive\Investment\分析报告\公司情景投资决策\结果\备份\POWL_2026-08-19T12_34_41-07_00-adcdceb9eb\POWL_经营情景市场状态投资决策_2026-07-15.md,256,True,False,False,| 波动率与市场功能 | Cboe VIX 2026-07-15收 **15.67**、日跌5.03%；Yahoo VIX3M约18.91、MOVE约68.48，期限结构正常、债券波动不失序 | **稳定** |
PSIX,D:\drive\Investment\分析报告\公司情景投资决策\结果\PSIX_经营情景市场状态投资决策_2026-07-15.md,209,True,False,False,| 波动率与市场功能 | Yahoo Finance 7/15收盘：[VIX 15.67](https://finance.yahoo.com/quote/%5EVIX/history/)、[VIX3M 18.91](https://finance.yahoo.com/quote/%5EVIX3M/history/)，期限结构正斜率；[Cboe VIX](https://www.cboe.com/tradable-products/vix/)用于指数与期限结构口径 | **稳定** | 市场功能正常，排除失序；低VIX支持风险扩张但不单独决定分类 |
PWR,D:\drive\Investment\分析报告\公司情景投资决策\结果\PWR_经营情景市场状态投资决策_2026-07-15.md,215,True,False,False,| 波动率与市场功能 | VIX 2026-07-15 约 15.67；8月、9月、10月期货约 16.04、17.60、18.91，正向期限结构；未见市场功能失序 | 稳定 |
Q,D:\drive\Investment\分析报告\公司情景投资决策\结果\Q_经营情景市场状态投资决策_2026-07-15.md,321,True,False,False,| 波动率与市场功能 | VIX 15.67、VIX9D 12.06、VIX3M 18.91，期限结构正常上倾 | **稳定** | 没有失序、相关性冲击或融资冻结证据 |
QCOM,D:\drive\Investment\分析报告\公司情景投资决策\结果\QCOM_经营情景市场状态投资决策_2026-07-15.md,292,True,False,False,| 波动率与市场功能 | VIX 约15.67；Cboe 7/15 期货从8月16.04、9月17.60、10月18.91向远月上升，处于正常 contango；VIX近1个月下降约11% | **稳定** |
RKLB,D:\drive\Investment\分析报告\公司情景投资决策\结果\RKLB_经营情景市场状态投资决策_2026-07-15.md,269,True,False,False,| 波动率与市场功能 | 7 月 15 日 VIX 15.67、VIX9D 12.06、VIX3M 18.91，期限结构正向 | 隐含波动温和，近端未显示失序或相关性压力 | 稳定 |
RMBS,D:\drive\Investment\分析报告\公司情景投资决策\结果\RMBS_经营情景市场状态投资决策_2026-07-15.md,281,True,False,False,| 波动率与市场功能 | VIX 15.67、VIX3M 18.91，现货/3月约 0.83；7 月 15 日远期曲线为明显 contango | **稳定**，没有失序或相关性冲击证据 |
SANM,D:\drive\Investment\分析报告\公司情景投资决策\结果\SANM_经营情景市场状态投资决策_2026-07-15.md,257,True,False,False,| 波动率与市场功能 | 7/15 VIX 15.67、VIX3M 18.91，VIX/VIX3M 0.83；期限结构为正常 contango | **稳定** | 风险溢价低、市场功能正常 |
SIMO,D:\drive\Investment\分析报告\公司情景投资决策\结果\SIMO_经营情景市场状态投资决策_2026-07-15.md,261,True,False,False,| 波动率与市场功能 | VIX **15.67**、VIX3M **18.91**，期限结构正常升水；VIX较3个月前下降约13.8%。近21日收益相关性为SPY-HYG约0.65、SPY-TLT约0.05、SPY-美元ETF约-0.39，未出现跨资产无差别抛售 | **稳定** | 单日波动存在，但期限结构、信用与跨资产关系未显示压力 |
SITM,D:\drive\Investment\分析报告\公司情景投资决策\结果\SITM_经营情景市场状态投资决策_2026-07-15.md,360,False,False,True,| 波动率与市场功能 | 2026-07-14 VIX 为 16.50；Cboe 6 月资料显示隐含相关性较低，未见市场失序 | 稳定 | 支持风险扩张，但低相关性也意味着个股分化高 |
SKHY,D:\drive\Investment\分析报告\公司情景投资决策\结果\SKHY_经营情景市场状态投资决策_2026-07-15.md,280,False,True,False,| 波动率与市场功能 | Cboe VIX 2026-07-15 约 16.54，市场交易功能正常；未见期限结构失序证据 | 稳定 | 支持风险扩张，不支持压力状态 |
SMCI,D:\drive\Investment\分析报告\公司情景投资决策\结果\SMCI_经营情景市场状态投资决策_2026-07-15.md,297,False,True,False,| 波动率与市场功能 | Cboe VIX 16.54；VIX3M 约18.91，高于现货，正常正向期限结构；没有信用或市场功能失序 | **稳定** | [Cboe VIX](https://www.cboe.com/tradable-products/vix)，2026-07-15；VIX3M 同日市场数据 |
SMR,D:\drive\Investment\分析报告\公司情景投资决策\结果\SMR_经营情景市场状态投资决策_2026-07-15.md,229,False,True,False,| 波动率与市场功能 | Cboe VIX 2026-07-15 约 **16.54**，52周区间 13.38—35.30；主要ETF交易和信用市场正常 | **稳定** | 波动不低到无风险，也远未失序；市场功能正常 |
SMTC,D:\drive\Investment\分析报告\公司情景投资决策\结果\SMTC_经营情景市场状态投资决策_2026-07-15.md,223,True,False,False,| 波动率与市场功能 | 7月15日 VIX 15.67、VIX3M 18.91，期限结构为正常升水；跨资产未见失序 | 波动可控、市场功能正常 | **稳定** |
SNDK,D:\drive\Investment\分析报告\公司情景投资决策\结果\SNDK_经营情景市场状态投资决策_2026-07-15.md,219,False,False,True,| 波动率与市场功能 | Cboe VIX 7 月 15 日约 16.5；三个月波动率约 18.9，高于现货，期限结构保持正斜率 | **稳定** | 未见倒挂或相关性失序；但波动并非极低 |
SNPS,D:\drive\Investment\分析报告\公司情景投资决策\结果\SNPS_经营情景市场状态投资决策_2026-07-15.md,273,False,True,False,| 波动率与市场功能 | 2026-07-15 VIX约16.54；7/22、8/19、9/16 VX约17.1、18.45、19.46，期限结构正斜率 | **稳定** | 没有市场功能失序。来源：[Cboe VIX](https://www.cboe.com/tradable-products/vix)、[VIX期货](https://www.cboe.com/tradable-products/vix/vix-futures) |
STM,D:\drive\Investment\分析报告\公司情景投资决策\结果\STM_经营情景市场状态投资决策_2026-07-15.md,304,True,False,False,| 波动率与市场功能 | 2026-07-15 | VIX 15.67，VIX3M 18.91，期限结构为顺价，未显示失序；3 个月 VIX约 -13.8% | **稳定** |
STX,D:\drive\Investment\分析报告\公司情景投资决策\结果\备份\STX_2026-08-19T12_34_50-07_00-83185a930e\STX_经营情景市场状态投资决策_2026-07-15.md,256,True,False,False,| 波动率与市场功能 | 2026-07-15 VIX 15.67、VIX3M 18.91，期限结构正斜率约3.24点；VIX近21日约下降11% | **稳定** | 低现货波动和正向期限结构支持风险扩张 |
TDY,D:\drive\Investment\分析报告\公司情景投资决策\结果\TDY_经营情景市场状态投资决策_2026-07-15.md,289,True,False,False,| 波动率与市场功能 | 2026-07-15 VIX **15.67**、VIX3M **18.91**，期限结构为正常 contango | **稳定** | 没有失序、相关性飙升或近月倒挂 |
TE,D:\drive\Investment\分析报告\公司情景投资决策\结果\TE_经营情景市场状态投资决策_2026-07-15.md,282,True,False,False,| 波动率与市场功能 | VIX **15.67**、VIX3M **18.91**，期限结构为正斜率；跨市场未见功能失序 | **稳定** | 支持风险扩张；不等于个股融资风险消失 |
TEL,D:\drive\Investment\分析报告\公司情景投资决策\结果\备份\TEL_2026-08-19T12_34_34-07_00-80a773233e\TEL_经营情景市场状态投资决策_2026-07-15.md,213,True,False,False,| 波动率与市场功能 | VIX **15.67**、VIX3M **18.91**，正期限结构约3.24点；VIX近1个月约-11% | **稳定** | 不支持流动性压力；[Cboe VIX](https://www.cboe.com/tradable-products/vix) |
TER,D:\drive\Investment\分析报告\公司情景投资决策\结果\TER_经营情景市场状态投资决策_2026-07-15.md,277,False,True,False,| 波动率与市场功能 | VIX 2026-07-15 约 16.54；7/22、8/19、9/16 期货约 17.35、18.45、19.47，维持 contango | **稳定** | 低至中等波动且期限结构正常，不是压力状态 |
TMO,D:\drive\Investment\分析报告\公司情景投资决策\结果\TMO_经营情景市场状态投资决策_2026-07-15.md,294,False,True,False,| 波动率与市场功能 | Cboe VIX 约 16.54，期限结构由近月约 17 向 8—9 月约 18.5～19.5 上倾，没有倒挂或失序证据 [M2] | **稳定** |
TSEM,D:\drive\Investment\分析报告\公司情景投资决策\结果\备份\TSEM_2026-07-18T18_16_14-07_00-7bc65498ea\TSEM_经营情景市场状态投资决策_2026-07-15.md,248,True,False,False,| 波动率与市场功能 | VIX 2026-07-15 收 15.67、当日 -5.0%；52 周区间 13.38—35.30 | **稳定** | 市场功能正常、没有流动性压力；[Cboe](https://www.cboe.com/tradable-products/vix/) |
TSLA,D:\drive\Investment\分析报告\公司情景投资决策\结果\TSLA_经营情景市场状态投资决策_2026-07-15.md,234,False,True,False,| 波动率与市场功能 | Cboe VIX 07-15 约 16.54；VIX3M 约 18.91，期限结构为正斜率；没有相关性/融资失序证据 | **稳定** |
TSM,D:\drive\Investment\分析报告\公司情景投资决策\结果\备份\TSM_2026-07-18T17_57_24-07_00-d74e7eddf3\TSM_经营情景市场状态投资决策_2026-07-15.md,241,True,False,False,| 波动率与市场功能 | VIX 2026-07-15 为 15.67，VIX3M 约 18.91，正常升水；VIX 低于 52 周高点 35.3 | **稳定** | 波动低、期限结构未倒挂，没有市场功能失序。[Cboe VIX](https://www.cboe.com/tradable-products/vix) |
TT,D:\drive\Investment\分析报告\公司情景投资决策\结果\TT_经营情景市场状态投资决策_2026-07-15.md,269,True,False,False,| 波动率与市场功能 | VIX 2026-07-15 收 15.67，近月 8 月 VIX futures 约 18.05，期限结构正常升水 | **稳定** | 市场功能正常，无流动性压力。[Cboe VIX](https://www.cboe.com/tradable-products/vix)、[Cboe futures settlement](https://www.cboe.com/markets/us/futures/market-statistics/settlement/futures/daily) |
TT,D:\drive\Investment\分析报告\公司情景投资决策\结果\TT_经营情景市场状态投资决策_2026-07-15.md,278,True,False,False,- **排除项：** VIX 15.67、信用利差和 NFCI 均不支持流动性 / 信用压力；等权与小盘 3 个月上涨不支持将当前直接定为纯窄幅主题上涨；宽度未转弱也不支持有序风险收缩。
TXN,D:\drive\Investment\分析报告\公司情景投资决策\结果\TXN_经营情景市场状态投资决策_2026-07-15.md,248,True,False,False,| 波动率与市场功能 | [Cboe VIX](https://www.cboe.com/tradable-products/vix) 2026-07-15 收 15.67；8月、9月、10月期货约 18.05、19.23、20.17，期限结构正常向上 | 稳定 | 不是流动性失序 |
UCTT,D:\drive\Investment\分析报告\公司情景投资决策\结果\UCTT_经营情景市场状态投资决策_2026-07-15.md,291,True,False,False,| 波动率与市场功能 | 2026-07-15 VIX 15.67、VIX3M 18.91、VVIX 91.85；期限结构正向约3.24点 | **稳定** | 市场功能正常，不能因单日波动选择收缩列 |
VECO,D:\drive\Investment\分析报告\公司情景投资决策\结果\VECO_经营情景市场状态投资决策_2026-07-15.md,247,False,True,False,| 波动率与市场功能 | [Cboe VIX](https://www.cboe.com/tradable-products/vix) 7/15约 **16.54**；VIX3M约18.9，期限结构为正；无信用 / 相关性失序证据 | **稳定** |
VIAV,D:\drive\Investment\分析报告\公司情景投资决策\结果\VIAV_经营情景市场状态投资决策_2026-07-15.md,261,False,True,True,| 波动率与市场功能 | Cboe VIX 2026-07-15 收于 16.54，前值 16.50；约三个月波动率 18.91，高于现货，期限结构为正向 | **稳定** | 未出现相关性和波动率失序；单日 VIAV 波动不改变市场分类 |
VICR,D:\drive\Investment\分析报告\公司情景投资决策\结果\VICR_经营情景市场状态投资决策_2026-07-15.md,48,True,False,False,| VIX | 2026-07-15 收盘，15.67 | 当日 | 与权益收盘同步；用于市场功能，不用于给经营情景分配概率〔M2〕 |
VICR,D:\drive\Investment\分析报告\公司情景投资决策\结果\VICR_经营情景市场状态投资决策_2026-07-15.md,303,True,False,False,| 波动率与市场功能 | VIX 15.67；3个月VIX约18.91，正向期限结构；没有信用/波动率共同失序〔M2〕 | 是否显示市场功能恶化 | **稳定** |
VICR,D:\drive\Investment\分析报告\公司情景投资决策\结果\VICR_经营情景市场状态投资决策_2026-07-15.md,601,True,False,False,- 〔M2〕Cboe VIX，2026-07-15收盘15.67：<https://www.cboe.com/tradable-products/vix>
VISN,D:\drive\Investment\分析报告\公司情景投资决策\结果\VISN_经营情景市场状态投资决策_2026-07-15.md,272,False,True,False,| 波动率与市场功能 | Cboe VIX 2026-07-15 约 16.54；VIX3M 约 18.9，期限结构为正常升水；主要指数当日均上涨且市场功能正常 | 稳定 | 支持风险扩张，不支持“单日波动即压力” |
VRT,D:\drive\Investment\分析报告\公司情景投资决策\结果\VRT_经营情景市场状态投资决策_2026-07-15.md,315,True,False,False,| 波动率与市场功能 | Cboe VIX 15.67、当日 -5.0%、60 日约 -17%；没有信用或市场功能失序证据 | 稳定 |
VSH,D:\drive\Investment\分析报告\公司情景投资决策\结果\VSH_经营情景市场状态投资决策_2026-07-15.md,260,True,False,False,| 波动率与市场功能 | VIX 15.67、VIX3M 18.91，VIX/VIX3M 0.829，期限结构正常升水 | **稳定** | 没有相关性/波动率压力信号 |
WDC,D:\drive\Investment\分析报告\公司情景投资决策\结果\备份\WDC_2026-08-19T12_34_50-07_00-83185a930e\WDC_经营情景市场状态投资决策_2026-07-15.md,246,True,False,False,| 波动率与市场功能 | 7月15日 VIX `15.67`、VIX3M `18.91`，期限结构为正斜率 | **稳定** | 波动低且无失序，但不能消除个股高估值风险 |
WOLF,D:\drive\Investment\分析报告\公司情景投资决策\结果\WOLF_经营情景市场状态投资决策_2026-07-15.md,286,False,True,True,| 波动率与市场功能 | Cboe VIX 7 月 15 日 16:28 为 16.54，前值 16.50，远低于 52 周高位 35.30 | **稳定** | 没有失序或相关性冲击证据 |
