ticker,company,category,raw_top30_appearances,retained61_appearances,retained_latest_appearances,retained_latest_share,july28_appearances,july28_share,comparison_latest_dimensions,comparison_latest_share,scenario_top30,family_balanced_presence,mean_realized_return_across_entries,median_realized_return_across_entries,mean_excess_spy_across_entries,best_realized_return,worst_realized_return
MU,Micron Technology 美光科技,AI服务器存储EMS/,54,26,13,0.5652173913043478,15,0.5357142857142857,5,0.7142857142857143,1,0.7038043478260869,0.01084600024934541,0.027742348868548206,-0.010565515822118768,0.1470578038909025,-0.15069448697922716
ADBE,Adobe,云算力IDCAI软件平台/,40,13,9,0.391304347826087,11,0.39285714285714285,5,0.7142857142857143,1,0.624611801242236,0.12150852942913218,0.12047640268978599,0.10571372989105683,0.2871399708079694,-0.08730250378854132
ET,Energy Transfer LP,电力发电能源储能/,35,15,9,0.391304347826087,9,0.32142857142857145,3,0.42857142857142855,1,0.5353260869565217,0.08974640534400412,0.07360369787055943,0.0712258069149384,0.14510095248757549,-0.019025515634683132
ALLE,Allegion plc,机电冷却工程水处理边缘工业AI/,34,14,8,0.34782608695652173,8,0.2857142857142857,3,0.42857142857142855,1,0.515527950310559,0.12515090597984863,0.12028467552404787,0.10649476824173114,0.18093717997042758,-0.05369127198583201
QCOM,Qualcomm,AI计算芯片EDAIPcustomASIC/,27,6,3,0.13043478260869565,9,0.32142857142857145,4,0.5714285714285714,1,0.5058229813664596,-0.039269966056581986,-0.05621273012696737,-0.057226791198950876,0.09523297643165818,-0.19846027555621748
MSFT,微软,云算力IDCAI软件平台/,31,13,8,0.34782608695652173,5,0.17857142857142858,3,0.42857142857142855,1,0.48874223602484473,0.26516723887895716,0.27568220658373166,0.24600217541274563,0.33140327983855,0.001561812130422835
ORCL,Oracle Corporation,云算力IDCAI软件平台/,28,9,4,0.17391304347826086,4,0.14285714285714285,4,0.5714285714285714,1,0.4720496894409938,-0.01887143992346965,0.07059794295784827,-0.03803501371192919,0.18781688740463487,-0.35738166236163127
NVDA,NVIDIA,AI计算芯片EDAIPcustomASIC/,56,24,8,0.34782608695652173,15,0.5357142857142857,7,1.0,0,0.4708850931677019,0.06758872700374634,0.0675792868897902,0.045269539490832296,0.11068363829562688,0.0036490122512129464
DCI,Donaldson Company,机电冷却工程水处理边缘工业AI/,29,14,6,0.2608695652173913,6,0.21428571428571427,2,0.2857142857142857,1,0.4402173913043478,-0.007276685266261616,0.009536133748796694,-0.030305524233911293,0.04780530991514231,-0.06094514312180066
VISN,Vistance Networks,AI网络光互联连接器/,25,8,6,0.2608695652173913,6,0.21428571428571427,2,0.2857142857142857,1,0.4402173913043478,-0.06342657754697299,-0.06530814379364847,-0.08115362273720544,0.030836323643663732,-0.09821976966725587
CEG,Constellation Energy,电力发电能源储能/,38,22,9,0.391304347826087,6,0.21428571428571427,1,0.14285714285714285,1,0.43711180124223603,-0.03026303927035247,-0.02632246531713922,-0.05385676129113957,0.04133710787693978,-0.16213258449660606
MOD,Modine Manufacturing,机电冷却工程水处理边缘工业AI/,29,11,4,0.17391304347826086,8,0.2857142857142857,2,0.2857142857142857,1,0.4363354037267081,-0.24150029873238096,-0.20569045780735085,-0.2614787962959449,-0.017236877465161005,-0.3586406075762001
ST,Sensata Technologies,配电电源功率器件/,24,8,3,0.13043478260869565,5,0.17857142857142858,3,0.42857142857142855,1,0.4343944099378882,-0.100244495294467,-0.07602866802933028,-0.1186220240054261,-0.007570373583126955,-0.20583129438205572
PSIX,Power Solutions International,电力发电能源储能/,28,12,4,0.17391304347826086,6,0.21428571428571427,2,0.2857142857142857,1,0.4184782608695652,0.2839016348434837,0.20092931932467395,0.2614992882347581,0.5064038680653471,0.12702697965679155
ATKR,Atkore,配电电源功率器件/,19,7,4,0.17391304347826086,4,0.14285714285714285,2,0.2857142857142857,1,0.40062111801242234,0.21704701966355494,0.27085552997992557,0.19956165963890202,0.30215047675669027,0.005758167227088551
ECL,Ecolab,半导体材料化学品基板/,21,10,4,0.17391304347826086,3,0.10714285714285714,2,0.2857142857142857,1,0.39169254658385094,0.011085399201348402,0.006687256463365543,-0.011758702232344367,0.07750188622197052,-0.045956701862799654
HTHIY,Hitachi Ltd,电力发电能源储能/,14,0,0,0.0,6,0.21428571428571427,2,0.2857142857142857,1,0.375,0.19088987789788553,0.20988067666099997,0.17919039789648067,0.21818177654314463,0.043797702637287994
AVGO,Broadcom,AI计算芯片EDAIPcustomASIC/,51,25,7,0.30434782608695654,13,0.4642857142857143,5,0.7142857142857143,0,0.3707298136645963,-0.09812621716968735,-0.09630550831795259,-0.12010979517367971,-0.03927908021469029,-0.2760904566191863
DD,DuPont de Nemours,半导体材料化学品基板/,12,0,0,0.0,4,0.14285714285714285,2,0.2857142857142857,1,0.35714285714285715,-0.0376512978725938,-0.033543625141672806,-0.04890803214891043,-0.018114048967717733,-0.06448932660625117
IBM,International Business Machines,云算力IDCAI软件平台/,15,7,3,0.13043478260869565,4,0.14285714285714285,1,0.14285714285714285,1,0.35403726708074534,-0.03115505268355841,-0.027330495543399058,-0.05127757298921826,0.10056968587981618,-0.1373258624827538
SNDK,SanDisk,AI服务器存储EMS/,56,29,10,0.43478260869565216,19,0.6785714285714286,2,0.2857142857142857,0,0.3497670807453416,-0.0021923087618080234,-0.0084006938079344,-0.02640315815924994,0.27189476641244226,-0.21867689695060943
ASX,ASE Technology Holding,封测检测计量光罩/,24,14,4,0.17391304347826086,6,0.21428571428571427,0,0.0,1,0.3470496894409938,0.0915414439426,0.08169835171321838,0.0645374198690502,0.20139372199436978,-0.02280308982461554
VECO,Veeco Instruments,晶圆制造前道设备/,30,16,3,0.13043478260869565,7,0.25,0,0.0,1,0.34510869565217395,-0.31987408796210365,-0.3402259487155632,-0.34522677178392797,-0.0575777742096516,-0.4693167550223214
NTNX,Nutanix,云算力IDCAI软件平台/,17,5,2,0.08695652173913043,8,0.2857142857142857,0,0.0,1,0.34316770186335405,0.3227689762067697,0.3189721365621301,0.3080467088498639,0.5223556243116283,0.0343805509693389
DTE,DTE Energy Company,电力发电能源储能/,12,2,2,0.08695652173913043,4,0.14285714285714285,1,0.14285714285714285,1,0.34316770186335405,-0.1243605593187231,-0.1339038695256819,-0.1362806644082165,-0.054999968584846015,-0.14977506510423244
SMCI,Super Micro Computer Inc,AI服务器存储EMS/,50,32,15,0.6521739130434783,12,0.42857142857142855,2,0.2857142857142857,0,0.3416149068322981,0.27032459243492696,0.3341297327797985,0.245790646474806,0.60533879015194,-0.20982415225353213
FLEX,Flex Ltd,AI服务器存储EMS/,21,11,4,0.17391304347826086,5,0.17857142857142858,0,0.0,1,0.3381211180124224,-0.20515984673792728,-0.2331448612280531,-0.2294102329187172,-0.02040258712039411,-0.2816286001725591
VST,Vistra Corp,电力发电能源储能/,37,17,10,0.43478260869565216,13,0.4642857142857143,3,0.42857142857142855,0,0.3319099378881988,-0.1097694350549451,-0.1262733032984763,-0.13013428194532095,-0.000872544346711468,-0.13965937452638544
AMKR,Amkor Technology,封测检测计量光罩/,18,13,6,0.2608695652173913,1,0.03571428571428571,0,0.0,1,0.32414596273291924,-0.3069130502363175,-0.2950117342226386,-0.3335738041831726,0.020905191185858207,-0.4645923798434658
HPE,惠普企业,AI服务器存储EMS/,41,19,11,0.4782608695652174,14,0.5,2,0.2857142857142857,0,0.3159937888198758,0.2674185742412297,0.2647792914986091,0.24588417197857743,0.35417255518723123,0.12472799579606098
SHECY,Shin-Etsu Chemical 信越化学,半导体材料化学品基板/,10,1,0,0.0,3,0.10714285714285714,1,0.14285714285714285,1,0.3125,-0.14789600177129741,-0.1694650949321581,-0.16181028939734135,0.017630837550955514,-0.2120307639704131
TSM,台积电,晶圆制造前道设备/,39,18,3,0.13043478260869565,7,0.25,6,0.8571428571428571,0,0.3093944099378882,0.025295528996103236,0.051807586401238614,-0.001737377455721576,0.06612548757129666,-0.08700032184830797
APD,Air Products and Chemicals,半导体材料化学品基板/,12,5,2,0.08695652173913043,3,0.10714285714285714,0,0.0,1,0.2985248447204969,-0.02079039158218061,-0.032258998181414755,-0.04102883016893239,0.023536297622987146,-0.06424317431848703
LFUS,Littelfuse,配电电源功率器件/,16,10,1,0.043478260869565216,4,0.14285714285714285,0,0.0,1,0.296583850931677,-0.08914383587336847,-0.10635851446680622,-0.10697148385635358,-0.00894157036060661,-0.16082864818007836
TEL,TE Connectivity,AI网络光互联连接器/,35,12,5,0.21739130434782608,11,0.39285714285714285,4,0.5714285714285714,0,0.2954192546583851,0.0056364608779329375,0.016673744789355016,-0.013944300546170914,0.03916406718211585,-0.04782484194530989
TMO,Thermo Fisher Scientific,封测检测计量光罩/,27,12,7,0.30434782608695654,4,0.14285714285714285,5,0.7142857142857143,0,0.29037267080745344,0.3004838832593443,0.24083350810368653,0.2788599585380151,0.41119512448590867,0.2125865982590598
CRDO,Credo Technology Group,AI网络光互联连接器/,38,21,7,0.30434782608695654,11,0.39285714285714285,3,0.42857142857142855,0,0.281444099378882,-0.27553882552742487,-0.2781186502601988,-0.29787326583642504,-0.15486256238566176,-0.39510970449123084
P,Everpure,AI服务器存储EMS/,7,0,0,0.0,3,0.10714285714285714,0,0.0,1,0.2767857142857143,0.28908183676898513,0.35581308032468373,0.2802528426926203,0.5038267059877031,-0.07824396977009507
PNR,Pentair plc,机电冷却工程水处理边缘工业AI/,31,14,6,0.2608695652173913,7,0.25,4,0.5714285714285714,0,0.2705745341614907,-0.19582400701438135,-0.21591078213095116,-0.2180503012250152,-0.031482888557737065,-0.2741753745826485
DLR,Digital Realty,云算力IDCAI软件平台/,5,1,1,0.043478260869565216,1,0.03571428571428571,0,0.0,1,0.26979813664596275,-0.008476318245362791,-0.022814796591545505,-0.016464067928127157,0.04732874665838316,-0.05318435488285189
META,Meta Platforms,云算力IDCAI软件平台/,25,10,5,0.21739130434782608,3,0.10714285714285714,5,0.7142857142857143,0,0.2597049689440994,0.07799652421495246,0.029457225040024015,0.057923724887522815,0.17768064075343926,-0.01702402078626919
SOMMY,住友化学 Sumitomo Chemical,半导体材料化学品基板/,6,1,0,0.0,1,0.03571428571428571,0,0.0,1,0.25892857142857145,0.07320691450495702,0.09340505300807489,0.0597119114479712,0.13011600803719614,-0.07499999999999996
DELL,Dell Technologies,AI服务器存储EMS/,34,12,5,0.21739130434782608,14,0.5,2,0.2857142857142857,0,0.25077639751552794,0.37308931475711193,0.3234495604016583,0.3517890573148981,0.8950830469394722,0.2384343999522025
ALAB,AsteraLabs,AI计算芯片EDAIPcustomASIC/,36,20,7,0.30434782608695654,11,0.39285714285714285,2,0.2857142857142857,0,0.24572981366459626,-0.18261497743541025,-0.2264622581326431,-0.20413274870949577,-0.019845548846863847,-0.28749322046683345
SIMO,Silicon Motion Technology,AI服务器存储EMS/,38,22,11,0.4782608695652174,13,0.4642857142857143,0,0.0,0,0.23563664596273293,-0.09592455919025979,-0.1412198283285374,-0.11991206295973848,0.0632612092681677,-0.17889989318360444
DOV,Dover Corporation,机电冷却工程水处理边缘工业AI/,21,9,5,0.21739130434782608,4,0.14285714285714285,4,0.5714285714285714,0,0.2329192546583851,-0.13551035843577822,-0.12856354125586278,-0.15743116728069376,-0.1218852576765409,-0.16052463863066835
SANM,Sanmina Corporation,AI服务器存储EMS/,40,25,9,0.391304347826087,11,0.39285714285714285,1,0.14285714285714285,0,0.23175465838509318,-0.15232889269713565,-0.1544067900059588,-0.1763333111055201,-0.0027983088759614416,-0.28452607216621306
AMD,Advanced Micro Devices,AI计算芯片EDAIPcustomASIC/,36,17,4,0.17391304347826086,13,0.4642857142857143,2,0.2857142857142857,0,0.23097826086956522,0.06156364574815059,0.02625115916447074,0.040983235969370826,0.2127816289471125,-0.013046020523101887
CLS,Celestica Inc,AI服务器存储EMS/,39,24,8,0.34782608695652173,8,0.2857142857142857,2,0.2857142857142857,0,0.22981366459627328,-0.0916210879562196,-0.09100097958483833,-0.11812310898930474,0.08688405305016733,-0.285665179334766
AAOI,Applied Optoelectronics,AI网络光互联连接器/,36,20,8,0.34782608695652173,8,0.2857142857142857,2,0.2857142857142857,0,0.22981366459627328,-0.2805756733111585,-0.34440786184645117,-0.30603127984667033,0.0029562994162635192,-0.4754613557658587
BABA,Alibaba 阿里巴巴,云算力IDCAI软件平台/,23,10,7,0.30434782608695654,5,0.17857142857142858,3,0.42857142857142855,0,0.22787267080745344,0.001519218266146176,0.0025675159217597443,-0.016886014850910232,0.07753201740098925,-0.12159891879231766
GOOGL,Alphabet Inc,云算力IDCAI软件平台/,16,5,2,0.08695652173913043,2,0.07142857142857142,5,0.7142857142857143,0,0.21816770186335405,-0.017871971717896125,-0.01732166127830581,-0.0377162173533046,-0.003178639525433846,-0.08981923163250138
VRT,Vertiv,机电冷却工程水处理边缘工业AI/,29,15,6,0.2608695652173913,9,0.32142857142857145,2,0.2857142857142857,0,0.2170031055900621,-0.18900973956553702,-0.2096155663345064,-0.21613582615309584,-0.12245602004751555,-0.2640757914416061
BDC,Belden,AI网络光互联连接器/,30,11,4,0.17391304347826086,11,0.39285714285714285,2,0.2857142857142857,0,0.21312111801242237,0.03548140704502251,0.06702762322894174,0.015769066152326434,0.08755760851278604,-0.10171691647660619
ENS,EnerSys,电力发电能源储能/,22,11,7,0.30434782608695654,7,0.25,2,0.2857142857142857,0,0.21001552795031056,-0.17733544211956206,-0.175850829972252,-0.19631461755634383,-0.10703366908737799,-0.22618361445181845
ETN,Eaton Corporation,配电电源功率器件/,26,13,6,0.2608695652173913,7,0.25,2,0.2857142857142857,0,0.19914596273291926,0.047179950162083095,0.03503913385652768,0.023172553566754937,0.1146991701096931,-0.002728300190559696
MSI,Motorola Solutions,机电冷却工程水处理边缘工业AI/,23,14,6,0.2608695652173913,3,0.10714285714285714,3,0.42857142857142855,0,0.19914596273291924,0.12247040241121368,0.11813315011801429,0.09522054781521605,0.15525278905361062,0.0965883890195669
NBIS,Nebius Group,云算力IDCAI软件平台/,26,18,9,0.391304347826087,3,0.10714285714285714,2,0.2857142857142857,0,0.19604037267080746,-0.07174797893885282,-0.09446652866629257,-0.09398513502544828,0.1956248370798903,-0.22906607851530236
MRVL,Marvell Technology,AI计算芯片EDAIPcustomASIC/,29,19,8,0.34782608695652173,4,0.14285714285714285,2,0.2857142857142857,0,0.19409937888198758,-0.04178377740536954,-0.06229270961231104,-0.07207056459028008,0.26547850863416933,-0.22042744504284018
JBL,Jabil Inc,AI服务器存储EMS/,22,11,7,0.30434782608695654,5,0.17857142857142858,2,0.2857142857142857,0,0.1921583850931677,-0.1470277788962372,-0.16906389852381154,-0.16849216613299767,-0.014359465318079745,-0.2473568797810466
KLIC,Kulicke Soffa,封测检测计量光罩/,41,35,15,0.6521739130434783,3,0.10714285714285714,0,0.0,0,0.18982919254658384,-0.25820913580201477,-0.2617652516247013,-0.2879308436124059,-0.1983970905859459,-0.3455604629211969
AMAT,Applied Materials,晶圆制造前道设备/,24,11,3,0.13043478260869565,9,0.32142857142857145,2,0.2857142857142857,0,0.1843944099378882,-0.2243973965907249,-0.2708715730151464,-0.2513379019028936,-0.14822213873946455,-0.28931457955366635
APH,Amphenol 安费诺,AI网络光互联连接器/,26,12,2,0.08695652173913043,10,0.35714285714285715,2,0.2857142857142857,0,0.18245341614906832,0.0011111028975311227,-0.018913215912690684,-0.02571019909120329,0.045316190992436,-0.06627795952238302
PENG,Penguin Solutions,AI服务器存储EMS/,38,24,5,0.21739130434782608,14,0.5,0,0.0,0,0.1793478260869565,-0.20990518264255598,-0.21553338781151254,-0.23947566154045416,-0.10087718733767603,-0.3263397701365336
LITE,Lumentum,AI网络光互联连接器/,26,12,4,0.17391304347826086,7,0.25,2,0.2857142857142857,0,0.17740683229813664,0.10352647331211601,0.12335717891237274,0.0809824862928059,0.21826124768820754,-0.0953914755339802
IREN,IREN Limited,云算力IDCAI软件平台/,31,19,8,0.34782608695652173,6,0.21428571428571427,1,0.14285714285714285,0,0.17624223602484473,-0.10331500974983827,-0.2129489255719843,-0.12349453322330854,0.2826995630163027,-0.3216595415378748
TER,Teradyne,封测检测计量光罩/,20,8,3,0.13043478260869565,8,0.2857142857142857,2,0.2857142857142857,0,0.17546583850931677,0.005314118474608798,0.022121384450446646,-0.018150705238396382,0.10856355907688409,-0.1853100388860811
GEV,GE Vernova,电力发电能源储能/,17,5,1,0.043478260869565216,6,0.21428571428571427,3,0.42857142857142855,0,0.171583850931677,-0.0799909452980381,-0.122064791055144,-0.10375729474705005,0.059387724420725485,-0.13012949390393735
NTAP,NetApp,AI服务器存储EMS/,21,8,5,0.21739130434782608,9,0.32142857142857145,1,0.14285714285714285,0,0.1704192546583851,0.20360058710696785,0.18885615850871273,0.1852475296654418,0.24149390460858777,0.12752249088295597
CRWV,CoreWeave,云算力IDCAI软件平台/,23,11,6,0.2608695652173913,3,0.10714285714285714,2,0.2857142857142857,0,0.16343167701863354,-0.14801586163552227,-0.20952151374299077,-0.1675001319083245,0.07661771786303051,-0.37396124648191353
NVT,nVent Electric,配电电源功率器件/,18,9,4,0.17391304347826086,5,0.17857142857142858,2,0.2857142857142857,0,0.1595496894409938,-0.046310782227454814,-0.03012832957709599,-0.06959647154134561,0.00431414602067659,-0.12440272421534615
DHR,Danaher Corporation,半导体材料化学品基板/,11,0,0,0.0,5,0.17857142857142858,3,0.42857142857142855,0,0.15178571428571427,0.06097909540965032,0.05904998779296866,0.046418857282046734,0.06958541061576518,0.048564344349473876
AAON,AAON,机电冷却工程水处理边缘工业AI/,22,17,8,0.34782608695652173,3,0.10714285714285714,1,0.14285714285714285,0,0.14945652173913043,-0.4102555520990138,-0.43423540720234177,-0.43131538837596556,-0.3130267402657657,-0.4560225726470447
BE,Bloom Energy,电力发电能源储能/,23,16,7,0.30434782608695654,4,0.14285714285714285,1,0.14285714285714285,0,0.14751552795031056,-0.03505835465532101,-0.05132141113281252,-0.0584522148701863,0.24198716485242544,-0.19990962384695032
APLD,Applied Digital,云算力IDCAI软件平台/,19,10,6,0.2608695652173913,5,0.17857142857142858,1,0.14285714285714285,0,0.1455745341614907,-0.2425875224504744,-0.33214579871861327,-0.26442876075795924,0.0298480324097683,-0.4244780907089091
PLAB,Photronics,封测检测计量光罩/,24,17,9,0.391304347826087,5,0.17857142857142858,0,0.0,0,0.14246894409937888,-0.08915658280657089,-0.05448801365344064,-0.11560479146601342,-0.010200586148148116,-0.4576112986119819
SITM,SiTime Corporation,AI网络光互联连接器/,23,13,3,0.13043478260869565,8,0.2857142857142857,1,0.14285714285714285,0,0.13975155279503104,-0.06795487342972482,-0.08317907532649249,-0.08884010378913451,0.09042657216201921,-0.16579067033654005
MCHP,Microchip Technology,AI计算芯片EDAIPcustomASIC/,16,5,3,0.13043478260869565,8,0.2857142857142857,1,0.14285714285714285,0,0.13975155279503104,-0.18741831845300785,-0.16237695661799567,-0.2063843259748846,-0.10686021739852014,-0.27378492399741183
TSEM,Tower Semiconductor,晶圆制造前道设备/,16,9,3,0.13043478260869565,4,0.14285714285714285,2,0.2857142857142857,0,0.13975155279503104,-0.14253799836279255,-0.12258319058431372,-0.16655483505180727,-0.06728398578188644,-0.21987296799689615
CC,The Chemours Company,半导体材料化学品基板/,14,6,3,0.13043478260869565,4,0.14285714285714285,2,0.2857142857142857,0,0.13975155279503104,-0.2754459960886261,-0.2715917226774351,-0.2925939160444592,-0.17345711753510318,-0.3780434012311732
MPWR,Monolithic Power Systems,配电电源功率器件/,12,4,3,0.13043478260869565,4,0.14285714285714285,2,0.2857142857142857,0,0.13975155279503104,-0.1484121236817513,-0.12173328736996825,-0.1667751889157051,-0.08639412696866045,-0.23421494980887225
DIOD,Diodes Incorporated,配电电源功率器件/,17,14,10,0.43478260869565216,3,0.10714285714285714,0,0.0,0,0.13548136645962733,-0.18617739351934837,-0.1854497221897975,-0.21132174375060964,-0.06960108901769835,-0.2658559611299871
GNRC,Generac Holdings,电力发电能源储能/,19,13,8,0.34782608695652173,5,0.17857142857142858,0,0.0,0,0.13159937888198758,-0.2094160455739246,-0.23530058302560197,-0.23277451779499175,-0.11111108205131692,-0.2846896467537715
TT,Trane Technologies,机电冷却工程水处理边缘工业AI/,25,15,3,0.13043478260869565,3,0.10714285714285714,2,0.2857142857142857,0,0.13082298136645962,-0.07538002613882978,-0.05408942441225817,-0.10472736799348299,-0.03828020596097337,-0.11913889190374882
LIN,Linde plc,半导体材料化学品基板/,17,10,3,0.13043478260869565,3,0.10714285714285714,2,0.2857142857142857,0,0.13082298136645962,-0.10346685906563657,-0.10136545661712593,-0.13248301433168908,-0.09066247446828668,-0.1191530627516546
DSCSY,DISCO,晶圆制造前道设备/,15,7,0,0.0,2,0.07142857142857142,3,0.42857142857142855,0,0.125,-0.23379308335817522,-0.2437372475657683,-0.26394291908660505,-0.18405017662161915,-0.2538307931385261
SKHY,SK hynix Inc,AI服务器存储EMS/,10,0,0,0.0,6,0.21428571428571427,2,0.2857142857142857,0,0.125,0.10493404908785453,0.11534114162899178,0.09042828663376276,0.14735039836532438,0.03129642218697293
VICR,Vicor Corporation,配电电源功率器件/,22,13,3,0.13043478260869565,6,0.21428571428571427,1,0.14285714285714285,0,0.12189440993788819,-0.22964531680872688,-0.2157746435890735,-0.25167195969462103,-0.07130350088096571,-0.3636571393694197
ASML,ASML Holding NV,晶圆制造前道设备/,19,13,1,0.043478260869565216,0,0.0,3,0.42857142857142855,0,0.11801242236024845,-0.062995949719345,-0.055004076550807524,-0.09887180073329861,-0.05430806678205635,-0.13894271893230126
HUBB,Hubbell,配电电源功率器件/,18,14,5,0.21739130434782608,3,0.10714285714285714,1,0.14285714285714285,0,0.11684782608695651,-0.08473654212161795,-0.07183030732448392,-0.11605933873341717,-0.047861364368753656,-0.152430464953893
MMM,3M,半导体材料化学品基板/,15,9,4,0.17391304347826086,4,0.14285714285714285,1,0.14285714285714285,0,0.11490683229813664,0.045908710101832804,0.04941867475800077,0.019167216293559514,0.056874147297604205,0.034690419512635184
PH,Parker-Hannifin,机电冷却工程水处理边缘工业AI/,20,12,2,0.08695652173913043,2,0.07142857142857142,2,0.2857142857142857,0,0.1110248447204969,0.043236426076459104,0.06897056826287429,0.012466721885565685,0.1252562658030274,-0.018254792681954846
STX,Seagate Technology,AI服务器存储EMS/,15,7,2,0.08695652173913043,6,0.21428571428571427,1,0.14285714285714285,0,0.11102484472049688,-0.035106668334878625,-0.04699606712905313,-0.06036622469992535,0.060208337226426156,-0.21083348793713763
EME,EMCOR Group,机电冷却工程水处理边缘工业AI/,14,5,2,0.08695652173913043,6,0.21428571428571427,1,0.14285714285714285,0,0.11102484472049688,-0.05860596234036235,-0.03912617929555223,-0.07812177662608237,-0.011791145961949079,-0.11180839998821956
AJNMY,味之素 Ajinomoto,半导体材料化学品基板/,12,3,2,0.08695652173913043,6,0.21428571428571427,1,0.14285714285714285,0,0.11102484472049688,-0.09685739510303859,-0.11409962667376328,-0.1159346868689209,-0.013244975751228294,-0.2078480780879154
ANET,Arista Networks,AI网络光互联连接器/,18,7,0,0.0,8,0.2857142857142857,1,0.14285714285714285,0,0.10714285714285714,0.17014105862086648,0.1322360389720676,0.14878965743851838,0.2982810067223918,0.083641301030698
ASMIY,ASM International,晶圆制造前道设备/,14,6,0,0.0,4,0.14285714285714285,2,0.2857142857142857,0,0.10714285714285714,-0.09205262623468573,-0.0876254731342061,-0.10916746218292742,-0.05569430442006973,-0.1414051119205113
UMC,United Microelectronics 联华电子,晶圆制造前道设备/,19,11,3,0.13043478260869565,8,0.2857142857142857,0,0.0,0,0.10403726708074534,0.11035433934115592,0.018204407640410647,0.07916607260130737,0.26097543634293263,-0.06903444572994044
ADI,Analog Devices,AI计算芯片EDAIPcustomASIC/,16,9,2,0.08695652173913043,5,0.17857142857142858,1,0.14285714285714285,0,0.10209627329192546,-0.06872754179926648,-0.06238557783794052,-0.09580213129006378,-0.013701328839961113,-0.13908685065800175
ATEYY,Advantest,封测检测计量光罩/,14,6,2,0.08695652173913043,5,0.17857142857142858,1,0.14285714285714285,0,0.10209627329192546,0.14974304754388656,0.09076303527495522,0.12415672951729059,0.2888129814628828,-0.0021054335052470563
PWR,Quanta Services,电力发电能源储能/,12,5,1,0.043478260869565216,2,0.07142857142857142,2,0.2857142857142857,0,0.10015527950310558,-0.04911454970960994,-0.04095496526815656,-0.07237695139098203,0.003973603370517997,-0.12848496287803446
MYRG,MYR Group,机电冷却工程水处理边缘工业AI/,12,12,9,0.391304347826087,0,0.0,0,0.0,0,0.09782608695652174,-0.3889177765372181,-0.3965818834521637,-0.4111639019142361,-0.33047252532754834,-0.3965818834521637
ASMVY,ASMPT,封测检测计量光罩/,17,11,4,0.17391304347826086,6,0.21428571428571427,0,0.0,0,0.09704968944099379,-0.11537825397826887,-0.1197068834153564,-0.13226294713237186,-0.025880089572251963,-0.2108349987573721
COHR,Coherent,AI网络光互联连接器/,15,10,3,0.13043478260869565,3,0.10714285714285714,1,0.14285714285714285,0,0.0951086956521739,-0.09090363864513855,-0.10565033142768687,-0.11963772701730037,0.0994629899953301,-0.21691713190029405
CMI,Cummins Inc,电力发电能源储能/,14,11,7,0.30434782608695654,2,0.07142857142857142,0,0.0,0,0.09394409937888198,-0.22287863405779135,-0.22820612155728864,-0.2470651819049963,-0.17010603245502598,-0.2580401853430583
FCEL,FuelCell Energy,电力发电能源储能/,12,9,6,0.2608695652173913,3,0.10714285714285714,0,0.0,0,0.09200310559006211,-0.1697638936718822,-0.20924183403787294,-0.190166220876497,0.11104303423374984,-0.24320934478071965
ONTO,Onto Innovation,封测检测计量光罩/,24,15,1,0.043478260869565216,9,0.32142857142857145,0,0.0,0,0.09122670807453417,-0.12936392009269485,-0.1280248850845867,-0.15804111295211595,-0.021215804643969216,-0.23974028087797616
MKSI,MKS Inc,晶圆制造前道设备/,23,16,3,0.13043478260869565,6,0.21428571428571427,0,0.0,0,0.08618012422360248,-0.2791021253148905,-0.2565867946921453,-0.3098422865991144,-0.22152868628149425,-0.3898078637008162
WDC,WesternDigital,AI服务器存储EMS/,14,8,3,0.13043478260869565,6,0.21428571428571427,0,0.0,0,0.08618012422360248,-0.2324622959919016,-0.24894075212259836,-0.2611012574542762,-0.11332544128239919,-0.4288450529258331
FN,Fabrinet,AI服务器存储EMS/,18,16,7,0.30434782608695654,1,0.03571428571428571,0,0.0,0,0.08501552795031056,-0.3397195515575653,-0.336598323796609,-0.3722348705117602,-0.20854298252342884,-0.43687590647367713
TDY,Teledyne Technologies,封测检测计量光罩/,9,4,2,0.08695652173913043,3,0.10714285714285714,1,0.14285714285714285,0,0.08423913043478261,-0.029650575185607493,-0.035251214926569685,-0.05250703610401825,-0.00558614772952426,-0.05067088552780141
FIX,Comfort Systems USA,机电冷却工程水处理边缘工业AI/,19,14,5,0.21739130434782608,3,0.10714285714285714,0,0.0,0,0.0811335403726708,-0.08938183599784262,-0.06429268322639015,-0.11985979756039142,-0.04550823274157312,-0.17854506023275818
IESC,IES Holdings,机电冷却工程水处理边缘工业AI/,17,14,5,0.21739130434782608,3,0.10714285714285714,0,0.0,0,0.0811335403726708,-0.07324947392922569,-0.07028558635774529,-0.10398196691168711,0.033408743389791384,-0.1608231081426449
POET,POET Technologies,AI网络光互联连接器/,11,8,5,0.21739130434782608,3,0.10714285714285714,0,0.0,0,0.0811335403726708,-0.28034558567878987,-0.3066666497124566,-0.302654678434727,-0.06921240045170929,-0.46428571662498597
HOCPY,HOYA Corporation,半导体材料化学品基板/,5,0,0,0.0,1,0.03571428571428571,2,0.2857142857142857,0,0.08035714285714285,-0.08189860076789483,-0.08756815791946782,-0.0965541713241441,-0.06898557118550241,-0.09638554562953372
ACMR,ACM Research,晶圆制造前道设备/,23,17,4,0.17391304347826086,4,0.14285714285714285,0,0.0,0,0.07919254658385093,-0.2345813287542736,-0.1965520718499847,-0.25961665710514453,-0.13942969964853613,-0.3849261496405175
ACLS,Axcelis Technologies,晶圆制造前道设备/,13,12,6,0.2608695652173913,1,0.03571428571428571,0,0.0,0,0.07414596273291925,-0.3566738070762969,-0.3372135438541699,-0.3889551289458723,-0.23664552356844037,-0.42414664030940696
BELFB,Bel Fuse Inc,AI网络光互联连接器/,17,13,5,0.21739130434782608,2,0.07142857142857142,0,0.0,0,0.07220496894409938,-0.14774648671951662,-0.14173537231870725,-0.1732491499582031,-0.10172719185889645,-0.19623195926920745
LRCX,Lam Research,晶圆制造前道设备/,16,14,5,0.21739130434782608,2,0.07142857142857142,0,0.0,0,0.07220496894409938,-0.17554309306826518,-0.1435571400637149,-0.2063765065215212,-0.10006257039735245,-0.27681424042264846
GFS,GlobalFoundries,晶圆制造前道设备/,10,8,5,0.21739130434782608,2,0.07142857142857142,0,0.0,0,0.07220496894409938,-0.3981024450674557,-0.4031290608371127,-0.426620955569038,-0.2930218786763835,-0.45814761521822756
BESIY,BE Semiconductor,封测检测计量光罩/,15,9,0,0.0,4,0.14285714285714285,1,0.14285714285714285,0,0.07142857142857142,-0.30599909731541736,-0.3193104504101171,-0.3295846746217119,-0.16911198089481783,-0.3998884738275178
CBRS,Cerebras Systems Inc,AI计算芯片EDAIPcustomASIC/,6,0,0,0.0,4,0.14285714285714285,1,0.14285714285714285,0,0.07142857142857142,-0.009469222388947965,-0.037038858654429574,-0.02395001682601348,0.12320929976578299,-0.037038858654429574
AEHR,Aehr Test Systems,封测检测计量光罩/,20,16,4,0.17391304347826086,3,0.10714285714285714,0,0.0,0,0.0702639751552795,-0.06484311460912348,-0.15255621716471324,-0.08872193322440232,0.27526941723121334,-0.1959924419915372
ICHR,Ichor Holdings,晶圆制造前道设备/,16,13,4,0.17391304347826086,3,0.10714285714285714,0,0.0,0,0.0702639751552795,-0.32001830131385045,-0.2655140223995994,-0.3517847177803481,-0.19624524799392695,-0.4574257501281134
IMOS,ChipMOS Technologies 南茂科技,封测检测计量光罩/,11,7,3,0.13043478260869565,4,0.14285714285714285,0,0.0,0,0.06832298136645962,-0.04300408993268048,-0.08507463825282768,-0.0724908702288754,0.028198932563805235,-0.11331785881224321
AEP,American Electric Power,电力发电能源储能/,9,4,3,0.13043478260869565,4,0.14285714285714285,0,0.0,0,0.06832298136645962,-0.07706390507120668,-0.059842872767141064,-0.09597307722811022,-0.02653880197594638,-0.1092264220755419
FTV,Fortive Corporation,机电冷却工程水处理边缘工业AI/,11,6,1,0.043478260869565216,2,0.07142857142857142,1,0.14285714285714285,0,0.06444099378881987,-0.09281566075350961,-0.08573317045161033,-0.12236348484396985,-0.061607956648892626,-0.11822325026070113
FLNC,Fluence Energy,电力发电能源储能/,18,17,5,0.21739130434782608,1,0.03571428571428571,0,0.0,0,0.06327639751552795,-0.6870690383495763,-0.7077844153850629,-0.7146860703475181,-0.5288059064332225,-0.7302873862829443
DKILY,Daikin Industries,半导体材料化学品基板/,5,0,0,0.0,3,0.10714285714285714,1,0.14285714285714285,0,0.0625,-0.15039333987264752,-0.15823186211909612,-0.16489910232673927,-0.13609465415073108,-0.15823186211909612
SMR,NuScale Power,电力发电能源储能/,11,9,4,0.17391304347826086,2,0.07142857142857142,0,0.0,0,0.06133540372670807,-0.23088393001617344,-0.26292332790169637,-0.25117518280721957,-0.038372082449798506,-0.3839850770749982
RMBS,Rambus,AI服务器存储EMS/,10,8,4,0.17391304347826086,2,0.07142857142857142,0,0.0,0,0.06133540372670807,-0.3455304044163414,-0.38741259808306927,-0.3769657418204079,-0.18888890301739725,-0.4009027647189083
ENPH,Enphase Energy,电力发电能源储能/,8,6,4,0.17391304347826086,2,0.07142857142857142,0,0.0,0,0.06133540372670807,-0.30077206376988747,-0.3304986805969713,-0.32809649339716296,-0.22017107569658156,-0.33384616558368385
COHU,Cohu Inc,封测检测计量光罩/,19,14,3,0.13043478260869565,3,0.10714285714285714,0,0.0,0,0.05939440993788819,0.009962230382583558,0.03198715055061574,-0.014143864772754679,0.1194029817637654,-0.17980404777229497
MTSI,MACOM Technology Solutions,AI网络光互联连接器/,15,9,2,0.08695652173913043,4,0.14285714285714285,0,0.0,0,0.05745341614906832,-0.20958983960675015,-0.24616061783042498,-0.23445459983844336,-0.08794553612048983,-0.31059135489377954
KLAC,KLA Corporation,晶圆制造前道设备/,14,10,1,0.043478260869565216,1,0.03571428571428571,1,0.14285714285714285,0,0.05551242236024845,-0.21555018307016433,-0.19945585217648854,-0.25287865606217247,-0.18514577636365648,-0.2856968258135566
FORM,FormFactor,封测检测计量光罩/,17,17,5,0.21739130434782608,0,0.0,0,0.0,0,0.05434782608695652,-0.10472115406863108,-0.045784301281266204,-0.13251698765275896,-0.01759338378906261,-0.2176326801698869
AMZN,Amazon,云算力IDCAI软件平台/,8,8,5,0.21739130434782608,0,0.0,0,0.0,0,0.05434782608695652,0.03664876551284431,0.056772762324468706,0.015788838629927207,0.06632208852958188,-0.05310888854922258
CRWD,CrowdStrike,云算力IDCAI软件平台/,9,5,0,0.0,2,0.07142857142857142,1,0.14285714285714285,0,0.05357142857142857,0.3009260868074856,0.36435397552847104,0.2824418377439925,0.4731588340363677,0.11898478403188384
ABBNY,ABB Ltd,配电电源功率器件/,6,1,0,0.0,2,0.07142857142857142,1,0.14285714285714285,0,0.05357142857142857,-0.04808806699978437,-0.05483262199073452,-0.06483424990824271,-0.010734152492088755,-0.07270997763323661
TXN,德州仪器,AI计算芯片EDAIPcustomASIC/,6,0,0,0.0,6,0.21428571428571427,0,0.0,0,0.05357142857142857,-0.132725291605153,-0.132725291605153,-0.14708124595708727,-0.132725291605153,-0.132725291605153
SMTC,Semtech Corporation,AI网络光互联连接器/,19,17,4,0.17391304347826086,1,0.03571428571428571,0,0.0,0,0.05240683229813664,0.1506953859875829,0.14127077750916706,0.1255030945684963,0.27551026312470017,0.0577473210747701
MXL,MaxLinear,AI计算芯片EDAIPcustomASIC/,14,11,3,0.13043478260869565,2,0.07142857142857142,0,0.0,0,0.05046583850931677,-0.09907103518910983,-0.11295784085708194,-0.11769252464001655,0.09844284932529179,-0.1461052342465049
JCI,Johnson Controls,机电冷却工程水处理边缘工业AI/,13,11,3,0.13043478260869565,2,0.07142857142857142,0,0.0,0,0.05046583850931677,0.0029908950536921596,0.014234500592529065,-0.03299954765806757,0.014234500592529065,-0.016541997540830744
MTRN,Materion,半导体材料化学品基板/,13,10,3,0.13043478260869565,2,0.07142857142857142,0,0.0,0,0.05046583850931677,0.03061373590004128,-0.0012349736915305831,-0.0003822293872656116,0.12191325518081508,-0.0848376399933779
LWLG,Lightwave Logic,AI网络光互联连接器/,9,7,3,0.13043478260869565,2,0.07142857142857142,0,0.0,0,0.05046583850931677,-0.4509368356555991,-0.4753086662011454,-0.47198311092556555,-0.24107141906813667,-0.5942720741089177
ENTG,Entegris,半导体材料化学品基板/,6,4,3,0.13043478260869565,2,0.07142857142857142,0,0.0,0,0.05046583850931677,-0.08266070885634937,-0.08487111971059136,-0.11120880258416689,0.062466361367228274,-0.21894613566295906
CARR,Carrier Global,机电冷却工程水处理边缘工业AI/,12,8,2,0.08695652173913043,3,0.10714285714285714,0,0.0,0,0.048524844720496896,-0.2165423238527829,-0.21301479280382907,-0.24544409201116804,-0.1556253801512847,-0.2489756506369487
KEYS,Keysight Technologies,封测检测计量光罩/,7,3,1,0.043478260869565216,4,0.14285714285714285,0,0.0,0,0.046583850931677016,0.001494904664325685,0.02075016761002524,-0.023061160180900923,0.02075016761002524,-0.0968889906854502
RYCEY,Rolls-Royce Holdings,电力发电能源储能/,5,0,0,0.0,5,0.17857142857142858,0,0.0,0,0.044642857142857144,0.04145375725205347,0.04145375725205347,0.027097802900119206,0.04145375725205347,0.04145375725205347
CDNS,Cadence Design Systems,AI计算芯片EDAIPcustomASIC/,8,5,0,0.0,1,0.03571428571428571,1,0.14285714285714285,0,0.04464285714285714,-0.24337960641722217,-0.2594240997474231,-0.27878107468256486,-0.1505014616859226,-0.26205132328286873
SNPS,Synopsys,AI计算芯片EDAIPcustomASIC/,5,2,0,0.0,1,0.03571428571428571,1,0.14285714285714285,0,0.04464285714285714,-0.10227976329044278,-0.10442931573206549,-0.1301947314082529,0.0077748723055055535,-0.15901347210777683
MIELY,三菱电机 Mitsubishi Electric,配电电源功率器件/,3,0,0,0.0,1,0.03571428571428571,1,0.14285714285714285,0,0.04464285714285714,-0.05606891536932198,-0.05956655138436229,-0.07067454989151874,-0.03971869530315353,-0.06892149942045012
POWL,Powell Industries,配电电源功率器件/,17,15,4,0.17391304347826086,0,0.0,0,0.0,0,0.043478260869565216,-0.3408446226664913,-0.32496562059434686,-0.37280841138600834,-0.24006362477649512,-0.4030251325360469
POWI,Power Integrations,配电电源功率器件/,5,5,4,0.17391304347826086,0,0.0,0,0.0,0,0.043478260869565216,-0.3928619402158534,-0.3788976786076279,-0.4251194108457385,-0.33992693614341174,-0.43329370386029986
CAMT,Camtek,封测检测计量光罩/,16,13,3,0.13043478260869565,1,0.03571428571428571,0,0.0,0,0.041537267080745344,-0.16104089939247912,-0.15368900283811748,-0.18367478297935458,0.018927153386742113,-0.2657081259963614
VIAV,VIAVI Solutions,AI网络光互联连接器/,7,6,3,0.13043478260869565,1,0.03571428571428571,0,0.0,0,0.041537267080745344,-0.2566558726036793,-0.2689683400624847,-0.2927545218947408,-0.1676082629145419,-0.2824675023083255
CIEN,Ciena Corporation,AI网络光互联连接器/,6,3,3,0.13043478260869565,1,0.03571428571428571,0,0.0,0,0.041537267080745344,-0.26773923542980843,-0.22326537411226122,-0.28314656414542966,-0.20334376700943968,-0.37660856516772445
AXTI,AXT Inc,半导体材料化学品基板/,12,10,2,0.08695652173913043,2,0.07142857142857142,0,0.0,0,0.039596273291925464,-0.19271948386543092,-0.3103890036950159,-0.2119704999558469,0.2774534689738186,-0.3620296900708678
NDSN,Nordson,半导体材料化学品基板/,11,9,2,0.08695652173913043,2,0.07142857142857142,0,0.0,0,0.039596273291925464,0.09090357085720399,0.10853916076349845,0.05740505062725416,0.10853916076349845,0.054418144848458416
MRAM,Everspin Technologies,AI服务器存储EMS/,10,8,2,0.08695652173913043,2,0.07142857142857142,0,0.0,0,0.039596273291925464,-0.3540261656129893,-0.3928274220652325,-0.3781742109317003,-0.14779701768547238,-0.4598798431079385
UCTT,Ultra Clean Holdings,晶圆制造前道设备/,10,8,2,0.08695652173913043,2,0.07142857142857142,0,0.0,0,0.039596273291925464,-0.305230007236661,-0.2945754635993973,-0.3412091532936629,-0.25082194608383235,-0.38998275018977946
AMPX,Amprius Technologies,电力发电能源储能/,4,1,1,0.043478260869565216,3,0.10714285714285714,0,0.0,0,0.037655279503105585,-0.21148181742523178,-0.16003539809577128,-0.23174715639735968,-0.16003539809577128,-0.3658210754136133
CSCO,Cisco Systems,AI网络光互联连接器/,8,7,3,0.13043478260869565,0,0.0,0,0.0,0,0.03260869565217391,-0.0825056328568977,-0.08093918239199593,-0.10947740409003844,-0.06195873710537336,-0.12872804329259424
ETR,Entergy Corporation,电力发电能源储能/,4,4,3,0.13043478260869565,0,0.0,0,0.0,0,0.03260869565217391,-0.08356785083622975,-0.08506633135587283,-0.10957061757882891,-0.07907240927730053,-0.08506633135587283
VSH,Vishay Intertechnology,配电电源功率器件/,14,13,2,0.08695652173913043,1,0.03571428571428571,0,0.0,0,0.030667701863354036,-0.4175296626690081,-0.418500439092537,-0.46022457697576274,-0.2646460304281866,-0.525124178260371
EQIX,Equinix,云算力IDCAI软件平台/,4,3,2,0.08695652173913043,1,0.03571428571428571,0,0.0,0,0.030667701863354036,-0.03966231073659665,-0.04082737356521471,-0.06457639119558217,-0.00972688125950305,-0.06726761455645414
ASGLY,AGC Inc,半导体材料化学品基板/,9,7,1,0.043478260869565216,2,0.07142857142857142,0,0.0,0,0.02872670807453416,-0.20158472112580347,-0.251325587030515,-0.22419438338740358,-0.10970995011248963,-0.2576235780375329
ARM,Arm Holdings,AI计算芯片EDAIPcustomASIC/,7,5,1,0.043478260869565216,2,0.07142857142857142,0,0.0,0,0.02872670807453416,-0.21365685330626122,-0.254604502091785,-0.23180139854601275,-0.11103590853910439,-0.2551081476984798
GLW,Corning,AI网络光互联连接器/,5,1,1,0.043478260869565216,2,0.07142857142857142,0,0.0,0,0.02872670807453416,-0.1902844782793516,-0.21843231301931143,-0.20801674248319238,-0.14591623449637592,-0.22057880469234736
TE,T1 Energy Inc,电力发电能源储能/,3,0,0,0.0,3,0.10714285714285714,0,0.0,0,0.026785714285714284,-0.3867647118634417,-0.38676471186344175,-0.40112066621537606,-0.38676471186344175,-0.38676471186344175
NVMI,Nova Ltd,晶圆制造前道设备/,10,9,1,0.043478260869565216,1,0.03571428571428571,0,0.0,0,0.019798136645962732,-0.34358968306406257,-0.3245642346913732,-0.3787632742835495,-0.27058030031257685,-0.4146393682586279
BWXT,BWX Technologies,电力发电能源储能/,9,8,1,0.043478260869565216,1,0.03571428571428571,0,0.0,0,0.019798136645962732,-0.22500052458641162,-0.21724641889392493,-0.24803613061800706,-0.18633973103971024,-0.29050389476398253
WOLF,Wolfspeed,配电电源功率器件/,5,2,1,0.043478260869565216,1,0.03571428571428571,0,0.0,0,0.019798136645962732,-0.44623504847957635,-0.4601265964386825,-0.4706719155152763,-0.28718665557323,-0.5328586943623815
NVTS,Navitas Semiconductor,配电电源功率器件/,4,3,1,0.043478260869565216,1,0.03571428571428571,0,0.0,0,0.019798136645962732,-0.43858521372047266,-0.4913769163602942,-0.46259077025421613,-0.16416817946957873,-0.6074188426917233
Q,Qnity Electronics,半导体材料化学品基板/,4,3,1,0.043478260869565216,1,0.03571428571428571,0,0.0,0,0.019798136645962732,-0.19302551839510154,-0.17018867213741246,-0.2300523644468774,-0.16431362990810372,-0.26741109939747754
OKLO,Oklo Inc,电力发电能源储能/,4,2,0,0.0,2,0.07142857142857142,0,0.0,0,0.017857142857142856,-0.2733568099126382,-0.2445231497322906,-0.2962736801627681,-0.19080066565493792,-0.41358027453103363
RKLB,Rocket Lab,机电冷却工程水处理边缘工业AI/,4,2,0,0.0,2,0.07142857142857142,0,0.0,0,0.017857142857142856,-0.3075512067413875,-0.3075512067413875,-0.32226748581006504,-0.18016762387667196,-0.434934789606103
NOK,诺基亚,AI网络光互联连接器/,3,1,0,0.0,2,0.07142857142857142,0,0.0,0,0.017857142857142856,-0.14084182752384744,-0.10477786823338908,-0.16637211992888035,-0.10477786823338908,-0.21296974610476416
STM,STMicroelectronics,AI计算芯片EDAIPcustomASIC/,3,1,0,0.0,2,0.07142857142857142,0,0.0,0,0.017857142857142856,-0.30690153069211445,-0.2996510923024681,-0.33243182309714736,-0.2996510923024681,-0.32140240747140714
AEIS,Advanced Energy Industries,晶圆制造前道设备/,2,0,0,0.0,2,0.07142857142857142,0,0.0,0,0.017857142857142856,-0.15996736799207478,-0.15996736799207478,-0.17432332234400905,-0.15996736799207478,-0.15996736799207478
ON,onsemi,AI计算芯片EDAIPcustomASIC/,2,0,0,0.0,2,0.07142857142857142,0,0.0,0,0.017857142857142856,-0.2667644429295083,-0.2667644429295083,-0.28112039728144256,-0.2667644429295083,-0.2667644429295083
TSLA,Tesla,机电冷却工程水处理边缘工业AI/,2,0,0,0.0,2,0.07142857142857142,0,0.0,0,0.017857142857142856,-0.08715699747707095,-0.08715699747707095,-0.10151295182900522,-0.08715699747707095,-0.08715699747707095
CAT,Caterpillar Inc,机电冷却工程水处理边缘工业AI/,7,7,1,0.043478260869565216,0,0.0,0,0.0,0,0.010869565217391304,-0.0878158890670403,-0.07096432338306924,-0.13152796200329314,-0.07096432338306924,-0.18892528317086665
ROG,Rogers Corporation,半导体材料化学品基板/,4,4,1,0.043478260869565216,0,0.0,0,0.0,0,0.010869565217391304,-0.1017570480709511,-0.07234252027551558,-0.14716464766255094,-0.07234252027551558,-0.19000063145725765
AOSL,Alpha and Omega Semiconductor,配电电源功率器件/,3,0,0,0.0,1,0.03571428571428571,0,0.0,0,0.008928571428571428,-0.38593048653901557,-0.4216757587096177,-0.3980344444838692,-0.31443994219781124,-0.4216757587096177
MRAAY,Murata Manufacturing,配电电源功率器件/,1,0,0,0.0,1,0.03571428571428571,0,0.0,0,0.008928571428571428,-0.12274500051343906,-0.12274500051343906,-0.13710095486537333,-0.12274500051343906,-0.12274500051343906
SMTOY,住友电工 Sumitomo Electric Industries,半导体材料化学品基板/,1,0,0,0.0,1,0.03571428571428571,0,0.0,0,0.008928571428571428,-0.15364914443751743,-0.15364914443751743,-0.1680050987894517,-0.15364914443751743,-0.15364914443751743
IFNNY,Infineon Technologies AG 英飞凌科技,配电电源功率器件/,1,1,0,0.0,0,0.0,0,0.0,0,0.0,-0.26395363076610323,-0.26395363076610323,-0.3118325992773334,-0.26395363076610323,-0.26395363076610323
INTC,Intel Corporation 英特尔,AI计算芯片EDAIPcustomASIC/,1,1,0,0.0,0,0.0,0,0.0,0,0.0,-0.04334036570151556,-0.04334036570151556,-0.09121933421274575,-0.04334036570151556,-0.04334036570151556
PSTG,Everpure,AI服务器存储EMS/,1,1,0,0.0,0,0.0,0,0.0,0,0.0,0.5540963448700265,0.5540963448700265,0.5062173763587963,0.5540963448700265,0.5540963448700265
