snapshot_date,rating,rating_score,n,mean_return,median_return,positive_rate,mean_excess_spy,mean_excess_qqq,mean_predicted_midpoint_pct,rating_return_spearman,midpoint_return_spearman
2026-07-15,强烈建议投资,6.0,1,0.08836513865509299,0.08836513865509299,1.0,0.07650213775184134,0.07510689465299869,55.0,,
2026-07-15,建议投资,5.0,6,0.005196656467760574,0.007686409224493096,0.5,-0.006666344435491078,-0.008061587534333725,28.974999999999998,,
2026-07-15,谨慎建议投资,4.0,30,0.056487622660265746,0.021272994648416033,0.5666666666666667,0.044624621757014094,0.04322937865817146,15.561666666666667,,
2026-07-15,中性/等待,3.0,51,-0.02808026539228099,-0.0441865429649706,0.35294117647058826,-0.03994326629553264,-0.04133850939437529,2.4627450980392163,,
2026-07-15,不建议投资,2.0,66,-0.04283165946335751,-0.024560504485446444,0.3787878787878788,-0.054694660366609166,-0.05608990346545182,-14.712121212121213,,
2026-07-15,强烈不建议投资,1.0,36,-0.06959130723868803,-0.098400313870186,0.2777777777777778,-0.08145430814193969,-0.08284955124078233,-44.52638888888889,,
2026-07-15,全体序数检验,,190,-0.026053138752163505,-0.031230719097745052,0.3894736842105263,-0.037916139655415154,-0.03931138275425781,-9.224473684210526,0.22381030188206705,0.19356159479034268
2026-07-18,强烈建议投资,6.0,1,0.05622268469871772,0.05622268469871772,1.0,0.03663924437180466,0.028750257046494587,55.0,,
2026-07-18,建议投资,5.0,5,0.020365163730391343,0.017870929716196304,0.6,0.000781723403478285,-0.007107263921831785,31.2,,
2026-07-18,谨慎建议投资,4.0,29,0.05616632225312225,0.004736182199657657,0.5172413793103449,0.036582881926209204,0.028693894600899116,14.320689655172412,,
2026-07-18,中性/等待,3.0,51,-0.010301890061905654,-0.014359465318079745,0.4117647058823529,-0.029885330388818715,-0.03777431771412879,2.4754901960784315,,
2026-07-18,不建议投资,2.0,69,-0.028469714182246288,-0.02467043706075589,0.43478260869565216,-0.04805315450915935,-0.0559421418344694,-14.731884057971014,,
2026-07-18,强烈不建议投资,1.0,35,-0.04455456279857776,-0.06311429478374186,0.3142857142857143,-0.06413800312549081,-0.07202699045080088,-44.48428571428572,,
2026-07-18,全体序数检验,,190,-0.01190707642626939,-0.022212270735413153,0.4263157894736842,-0.03149051675318244,-0.03937950407849252,-9.583684210526314,0.17243587770058058,0.12139613056248716
2026-08-19,强烈建议投资,6.0,1,-0.08730250378854132,-0.08730250378854132,0.0,-0.08172777480953664,-0.10044688862551965,55.0,,
2026-08-19,建议投资,5.0,5,0.02096608332911056,0.022938305534245362,0.6,0.026540812308115246,0.007821698492132234,31.2,,
2026-08-19,谨慎建议投资,4.0,27,-0.006382959256008029,-0.027330495543399058,0.2962962962962963,-0.0008082302770033445,-0.019527344092986357,13.862962962962964,,
2026-08-19,中性/等待,3.0,53,-0.014823000308804828,-0.025868870306374858,0.3584905660377358,-0.009248271329800144,-0.027967385145783157,2.845283018867925,,
2026-08-19,不建议投资,2.0,70,-0.009055090523661491,-0.01758117242728202,0.35714285714285715,-0.003480361544656807,-0.022199475360639823,-14.874285714285715,,
2026-08-19,强烈不建议投资,1.0,34,-0.0315469551315228,-0.06227785940743391,0.23529411764705882,-0.02597222615251812,-0.04469133996850112,-45.01323529411765,,
2026-08-19,全体序数检验,,190,-0.013930967444999687,-0.034949247251563564,0.33157894736842103,-0.008356238465995003,-0.027075352281978018,-9.66078947368421,0.1557556944275671,0.09749941628845711
2026-09-05,强烈建议投资,6.0,1,-0.05285186834093547,-0.05285186834093547,0.0,-0.04571525156852585,-0.05360097583371204,55.0,,
2026-09-05,建议投资,5.0,6,-0.02781167703277167,-0.019451023031461068,0.16666666666666666,-0.02067506026036205,-0.02856078452554824,40.99999999999999,,
2026-09-05,谨慎建议投资,4.0,27,-0.0165739655057977,-0.022814796591545505,0.3333333333333333,-0.009437348733388076,-0.017323072998574267,13.862962962962964,,
2026-09-05,中性/等待,3.0,52,-0.003588117672416528,-0.01039408136955916,0.36538461538461536,0.003548499099993093,-0.004337225165193096,2.880769230769231,,
2026-09-05,不建议投资,2.0,70,-0.009193274916064389,-0.010618002800508064,0.44285714285714284,-0.0020566581436547676,-0.009942382408840957,-15.309999999999997,,
2026-09-05,强烈不建议投资,1.0,34,-0.009837381512174196,-0.03625162967765694,0.3235294117647059,-0.0027007647397645756,-0.010586489004950765,-45.01323529411765,,
2026-09-05,全体序数检验,,190,-0.00964105965104312,-0.0150567880413498,0.3736842105263158,-0.0025044428786334984,-0.010390167143819688,-9.352894736842106,0.02617538246438913,0.015480397582125851
