path,size_bytes,modified,extension
data/common_daily/data_inventory.csv,2920,2026-05-15T20:36:51.516408204,.csv
data/common_daily/features/common_research_daily_panel.csv,57293049,2026-05-15T20:34:00.258907080,.csv
data/common_daily/features/common_research_daily_panel_enriched.csv,55987019,2026-05-15T20:36:23.497883320,.csv
data/common_daily/features/common_research_daily_panel_full.csv,62789998,2026-05-15T20:36:41.078473091,.csv
data/common_daily/features/fomc_event_flags_daily.csv,193729,2026-05-15T20:36:15.713895559,.csv
data/common_daily/features/ivv_current_concentration_summary.csv,402,2026-05-15T20:36:05.382200718,.csv
data/common_daily/features/ivv_current_top25_holdings.csv,7780,2026-05-15T20:35:24.658570766,.csv
data/common_daily/features/macro_daily_features.csv,2908533,2026-05-15T20:33:51.309761524,.csv
data/common_daily/features/macro_event_flags_daily.csv,233976,2026-05-15T20:33:55.547884703,.csv
data/common_daily/features/market_momentum_features.csv,53906911,2026-05-15T20:32:58.196335077,.csv
data/common_daily/features/nfp_event_flags_daily.csv,157365,2026-05-15T20:36:18.068544626,.csv
data/common_daily/features/policy_geopolitical_risk_features.csv,6952142,2026-05-15T20:36:35.561550140,.csv
data/common_daily/features/sp500_current_constituents_breadth_proxy.csv,880235,2026-05-15T20:35:56.535721540,.csv
data/common_daily/features/sp500_current_holdings_concentration_proxy.csv,548103,2026-05-15T20:36:05.372042656,.csv
data/common_daily/features/valuation_daily_lagged_proxy.csv,382348,2026-05-15T20:33:55.444721222,.csv
data/common_daily/features/zq_policy_surprise_proxy_flags_daily.csv,100765,2026-05-15T20:36:18.081544638,.csv
data/common_daily/raw/ai_gpr_daily.csv,1706391,2026-05-15T20:36:30.788075686,.csv
data/common_daily/raw/ai_gpr_eventtype_monthly.csv,60586,2026-05-15T20:36:30.811479807,.csv
data/common_daily/raw/ai_gpr_monthly.csv,61220,2026-05-15T20:36:30.800281286,.csv
data/common_daily/raw/epu_daily_policyuncertainty.csv,246303,2026-05-15T20:36:30.837953091,.csv
data/common_daily/raw/fed_policy_target_daily.csv,396298,2026-05-15T20:36:15.654239416,.csv
data/common_daily/raw/fomc_calendar_fed.csv,86844,2026-05-15T20:36:15.683371782,.csv
data/common_daily/raw/fred_epu_policy_uncertainty_long.csv,1791384,2026-05-15T20:36:34.845938683,.csv
data/common_daily/raw/fred_series_long.csv,9410760,2026-05-15T20:33:50.922490358,.csv
data/common_daily/raw/inflation_events_raw.csv,121289,2026-05-11T03:43:36.219224215,.csv
data/common_daily/raw/ivv_current_holdings.csv,149754,2026-05-15T20:35:24.651196480,.csv
data/common_daily/raw/multpl_valuation_raw.csv,1147887,2026-05-15T20:33:55.387300968,.csv
data/common_daily/raw/nfp_release_calendar_approx.csv,40472,2026-05-15T20:36:18.044972658,.csv
data/common_daily/raw/sp500_current_constituents_close_2010.csv,34847318,2026-05-15T20:35:56.099082708,.csv
data/common_daily/raw/sp500_current_constituents_price_failures.csv,20,2026-05-15T20:35:56.105817795,.csv
data/common_daily/raw/sp500_current_constituents_wikipedia.csv,106702,2026-05-15T20:35:23.983600616,.csv
data/common_daily/raw/yahoo_adjclose_wide.csv,3758989,2026-05-15T20:32:53.963011026,.csv
data/common_daily/raw/yahoo_ohlcv_daily.csv,29615686,2026-05-15T20:32:50.713409901,.csv
data/common_daily/raw/zq_policy_surprise_proxy_events.csv,4515,2026-05-11T06:44:56.599315405,.csv
data/common_daily/README.md,2073,2026-07-13T01:15:25.111862183,.md
data/common_daily/source_symbol_map.csv,3304,2026-05-15T20:34:00.274835110,.csv
data/common_daily/unresolved_data_requirements.csv,3061,2026-05-15T20:36:41.094891548,.csv
data/common_daily/unresolved_data_requirements_after_public_supplement.csv,2931,2026-05-15T20:36:23.514077902,.csv
data/README.md,822,2026-07-15T06:44:59.446954250,.md
