rank,ticker,company,category,score_R04,score_R01,score_R02,score_R03,pool,path,confidence,market_cap_b,ps,forward_pe,ret_1m,ret_6m,stress_3seg,strengths,risks
1,POWL,Powell Industries,配电_电源_功率器件,75.311,79.829,78.819,76.811,核心5X候选,收入台阶/订单兑现,高,10.74,9.49,42.88,8.86,175.9,-49.58,供给瓶颈9.1；订单/收入可见度9.1；上行弹性8.5,主要看执行兑现
2,MOD,Modine Manufacturing,机电_冷却_工程_水处理_边缘工业AI,73.438,76.539,77.587,74.938,核心5X候选,收入台阶/订单兑现,高,14.5,4.56,24.19,13.19,76.09,-46.31,收入台阶8.6；催化剂8.2；上行弹性8.1,主要看执行兑现
3,IESC,IES Holdings,机电_冷却_工程_水处理_边缘工业AI,70.505,74.823,74.82,72.005,重点观察池,收入台阶/订单兑现,高,14.94,4.11,,10.5,,-43.85,收入台阶7.9；催化剂7.9；上行弹性7.9,Forward PE缺失/亏损
4,AAON,AAON,机电_冷却_工程_水处理_边缘工业AI,69.412,71.007,72.361,70.912,重点观察池,收入台阶/订单兑现,高,10.42,6.44,38.64,58.4,,-68.68,收入台阶8.0；催化剂7.8；供给瓶颈7.2,主要看执行兑现
5,SANM,Sanmina Corporation,AI服务器_存储_EMS,69.2,67.118,71.666,70.7,重点观察池,右尾弹性观察,中,13.68,1.21,19.6,26.63,68.28,-38.88,上行弹性7.6；收入台阶7.1；正向预期差6.8,主要看执行兑现
6,MYRG,MYR Group,机电_冷却_工程_水处理_边缘工业AI,68.957,71.079,73.791,70.457,重点观察池,收入台阶/订单兑现,高,6.94,1.81,33.82,1.81,,-31.97,收入台阶7.4；上行弹性7.3；正向预期差7.2,主要看执行兑现
7,SMTC,Semtech Corporation,AI网络_光互联_连接器,68.037,66.301,67.844,67.857,重点观察池,利润反转/经营杠杆,中,15.53,14.25,42.9,51.66,114.02,-66.63,上行弹性7.2；催化剂7.2；收入台阶6.9,主要看执行兑现
8,ENS,EnerSys,电力_发电_能源_储能,67.475,65.261,70.165,68.975,重点观察池,右尾弹性观察,中,8.19,2.18,16.76,13.07,65.04,-18.82,供给瓶颈7.2；正向预期差6.8；收入台阶6.8,主要看执行兑现
9,SMCI,Super Micro Computer Inc,AI服务器_存储_EMS,66.31,73.385,75.944,69.31,重点观察池,收入台阶/订单兑现,低,18.32,0.54,9.6,75.05,16.33,-123.92,正向预期差8.6；催化剂8.5；上行弹性8.2,压力窗口回撤大；风险控制弱
10,CAMT,Camtek,封测_检测_计量_光罩,66.265,73.824,72.986,67.765,重点观察池,收入台阶/订单兑现,高,8.9,17.83,42.71,-1.7,62.69,-75.31,收入台阶8.2；催化剂8.1；供给瓶颈7.4,主要看执行兑现
11,VECO,Veeco Instruments,晶圆制造_前道设备,65.757,65.603,70.456,70.257,重点观察池,右尾弹性观察,中,4.73,7.22,25.44,20.32,106.09,-25.98,收入台阶7.2；催化剂7.2；上行弹性6.7,主要看执行兑现
12,KLIC,Kulicke Soffa,封测_检测_计量_光罩,65.511,62.919,66.95,67.011,重点观察池,右尾弹性观察,中,5.92,7.71,26.7,25.56,134.9,-52.57,收入台阶7.1；催化剂6.4；上行弹性6.0,主要看执行兑现
13,JBL,Jabil Inc,AI服务器_存储_EMS,65.402,71.078,70.0,67.902,重点观察池,收入台阶/订单兑现,高,40.6,1.24,26.18,10.68,79.21,-51.81,收入台阶7.9；正向预期差7.2；催化剂7.1,主要看执行兑现
14,NVT,nVent Electric,配电_电源_功率器件,65.312,77.972,70.0,67.812,重点观察池,收入台阶/订单兑现,高,26.82,6.2,29.52,10.99,57.51,-43.93,订单/收入可见度8.4；催化剂8.3；收入台阶8.1,主要看执行兑现
15,MTSI,MACOM Technology Solutions,AI网络_光互联_连接器,65.066,71.073,66.576,67.566,重点观察池,收入台阶/订单兑现,高,28.98,26.99,55.5,37.36,138.4,-44.86,供给瓶颈8.0；催化剂7.8；收入台阶7.6,主要看执行兑现
16,COHU,Cohu Inc,封测_检测_计量_光罩,64.942,61.726,66.772,66.442,催化剂观察,利润反转/经营杠杆,中,2.89,6.01,42.09,23.1,128.54,-57.43,收入台阶7.3；催化剂6.6；订单/收入可见度6.3,主要看执行兑现
17,NTNX,Nutanix,云算力_IDC_AI软件平台,64.681,64.289,68.375,66.181,催化剂观察,右尾弹性观察,高,13.33,4.85,22.52,24.51,-3.66,-34.66,订单/收入可见度7.0；收入台阶6.8；上行弹性6.4,主要看执行兑现
18,LFUS,Littelfuse,配电_电源_功率器件,64.174,63.228,67.178,65.674,催化剂观察,右尾弹性观察,中,11.94,4.8,27.35,19.06,85.73,-63.23,订单/收入可见度7.9；收入台阶6.7；催化剂6.3,主要看执行兑现
19,NVMI,Nova Ltd,晶圆制造_前道设备,64.108,68.501,68.86,65.608,催化剂观察,收入台阶/订单兑现,高,18.54,20.55,45.07,7.19,66.46,-70.22,收入台阶7.2；供给瓶颈7.0；催化剂7.0,主要看执行兑现
20,ONTO,Onto Innovation,封测_检测_计量_光罩,63.976,73.471,73.146,68.476,催化剂观察,收入台阶/订单兑现,高,16.11,15.63,33.52,-4.42,90.0,-61.39,收入台阶8.1；供给瓶颈7.6；催化剂7.5,主要看执行兑现
21,BELFB,Bel Fuse Inc,AI网络_光互联_连接器,63.968,63.448,69.066,65.468,催化剂观察,右尾弹性观察,中,4.18,5.96,29.01,-1.24,83.46,-53.6,订单/收入可见度6.9；正向预期差6.4；收入台阶6.3,主要看执行兑现
22,MKSI,MKS Inc,晶圆制造_前道设备,63.861,66.46,67.438,66.361,催化剂观察,右尾弹性观察,中,24.02,5.9,23.8,19.96,115.77,-65.32,收入台阶6.7；催化剂6.5；订单/收入可见度6.2,主要看执行兑现
23,GNRC,Generac Holdings,电力_发电_能源_储能,63.747,63.462,67.625,65.247,催化剂观察,利润反转/经营杠杆,中,15.44,3.57,23.61,10.01,88.5,-70.51,订单/收入可见度6.6；收入台阶6.6；催化剂5.9,主要看执行兑现
24,MTRN,Materion,半导体材料_化学品_基板,63.568,60.63,65.589,65.068,催化剂观察,右尾弹性观察,中,5.14,2.68,33.23,21.41,83.82,-45.03,收入台阶6.4；订单/收入可见度6.3；正向预期差5.8,主要看执行兑现
25,NTAP,NetApp,AI服务器_存储_EMS,63.112,64.555,65.925,65.612,催化剂观察,右尾弹性观察,中,31.66,4.57,16.39,61.56,30.65,-49.09,订单/收入可见度6.6；收入台阶6.2；正向预期差5.8,主要看执行兑现
26,CLS,Celestica Inc,AI服务器_存储_EMS,62.859,74.711,70.0,65.359,催化剂观察,收入台阶/订单兑现,高,45.2,3.28,26.28,9.36,7.66,-73.85,收入台阶8.3；正向预期差8.0；催化剂7.9,主要看执行兑现
27,EME,EMCOR Group,机电_冷却_工程_水处理_边缘工业AI,62.47,80.181,70.0,64.97,催化剂观察,收入台阶/订单兑现,高,36.65,2.07,25.19,-7.08,,-54.09,订单/收入可见度8.4；收入台阶8.4；催化剂8.3,主要看执行兑现
28,FORM,FormFactor,封测_检测_计量_光罩,62.307,69.425,70.386,66.807,催化剂观察,收入台阶/订单兑现,高,10.85,12.92,49.87,-8.26,147.08,-49.53,供给瓶颈8.0；收入台阶7.6；催化剂7.4,主要看执行兑现
29,HUBB,Hubbell,配电_电源_功率器件,62.222,77.814,70.0,64.722,催化剂观察,收入台阶/订单兑现,高,25.2,4.2,21.9,-4.63,13.02,-42.85,供给瓶颈8.1；收入台阶8.0；催化剂7.8,主要看执行兑现
30,ASMVY,ASMPT,封测_检测_计量_光罩,62.142,71.161,71.645,68.642,催化剂观察,收入台阶/订单兑现,高,9.83,0.67,,11.84,,-62.14,收入台阶8.1；供给瓶颈8.0；催化剂7.3,Forward PE缺失/亏损
31,VIAV,VIAVI Solutions,AI网络_光互联_连接器,62.102,60.237,63.497,62.536,催化剂观察,右尾弹性观察,中,13.19,9.66,41.76,-5.26,195.41,-1.98,供给瓶颈7.2；上行弹性6.3；催化剂6.2,主要看执行兑现
32,NDSN,Nordson,半导体材料_化学品_基板,62.033,62.007,66.859,63.533,催化剂观察,右尾弹性观察,中,16.06,5.53,23.18,2.21,21.32,-37.43,订单/收入可见度6.4；收入台阶6.4；正向预期差5.8,主要看执行兑现
33,AMKR,Amkor Technology,封测_检测_计量_光罩,61.829,69.811,69.947,67.329,催化剂观察,收入台阶/订单兑现,中,20.52,2.9,33.76,5.78,106.73,-61.83,催化剂7.4；收入台阶7.3；供给瓶颈7.1,主要看执行兑现
34,AJNMY,味之素 Ajinomoto,半导体材料_化学品_基板,61.657,71.619,68.869,66.157,催化剂观察,收入台阶/订单兑现,高,31.08,0.02,,4.31,43.8,-36.35,供给瓶颈9.0；收入台阶7.3；催化剂6.7,Forward PE缺失/亏损
35,FLEX,Flex Ltd,AI服务器_存储_EMS,61.612,69.828,64.0,65.612,催化剂观察,收入台阶/订单兑现,高,54.85,1.96,21.55,76.6,149.64,-58.62,收入台阶7.7；正向预期差7.3；催化剂7.2,主要看执行兑现
36,VICR,Vicor Corporation,配电_电源_功率器件,61.535,66.265,64.955,66.035,催化剂观察,收入台阶/订单兑现,中,13.85,32.45,54.73,23.15,286.24,-53.05,订单/收入可见度8.3；收入台阶7.3；催化剂7.1,P/S很高
37,ENTG,Entegris,半导体材料_化学品_基板,61.507,69.213,68.291,64.007,催化剂观察,利润反转/经营杠杆,高,22.92,7.09,32.56,-1.38,86.47,-89.47,供给瓶颈7.5；催化剂7.4；正向预期差6.9,主要看执行兑现
38,BDC,Belden,AI网络_光互联_连接器,61.429,61.338,68.86,62.929,催化剂观察,右尾弹性观察,中,4.48,1.61,12.94,-3.11,-5.54,-59.64,收入台阶6.4；正向预期差6.2；订单/收入可见度6.0,主要看执行兑现
39,VST,Vistra Corp,电力_发电_能源_储能,61.425,76.383,70.0,63.925,催化剂观察,利润反转/经营杠杆,高,49.91,2.57,13.51,-0.95,-9.42,-66.07,订单/收入可见度8.3；催化剂8.0；正向预期差7.4,主要看执行兑现
40,PENG,Penguin Solutions,AI服务器_存储_EMS,61.093,65.507,71.439,69.593,催化剂观察,认知差/估值重估,中,3.37,2.5,22.83,128.59,168.05,-76.99,上行弹性7.8；正向预期差7.4；催化剂7.2,IV过高
41,CRDO,Credo Technology Group,AI网络_光互联_连接器,61.054,80.512,70.0,66.554,催化剂观察,收入台阶/订单兑现,高,46.26,34.65,28.86,16.39,34.89,-100.81,供给瓶颈9.3；催化剂9.0；上行弹性8.8,P/S很高；压力窗口回撤大
42,ACMR,ACM Research,晶圆制造_前道设备,61.015,65.565,68.671,65.515,催化剂观察,收入台阶/订单兑现,低,6.49,6.76,41.69,70.39,169.67,-105.86,收入台阶7.8；催化剂7.2；订单/收入可见度7.1,压力窗口回撤大；风险控制弱
43,Q,Qnity Electronics,半导体材料_化学品_基板,60.929,64.909,65.0,63.429,催化剂观察,利润反转/经营杠杆,中,31.54,6.37,31.67,8.14,100.82,,正向预期差7.1；收入台阶6.8；供给瓶颈6.6,主要看执行兑现
44,HPE,惠普企业,AI服务器_存储_EMS,60.883,75.085,64.0,64.883,催化剂观察,收入台阶/订单兑现,高,63.79,1.64,12.05,93.03,72.78,-50.37,订单/收入可见度8.2；收入台阶8.1；催化剂7.4,主要看执行兑现
45,ASX,ASE Technology Holding,封测_检测_计量_光罩,60.795,71.984,64.0,64.795,催化剂观察,收入台阶/订单兑现,高,83.63,0.12,24.03,26.34,171.32,-55.15,收入台阶7.8；催化剂7.6；供给瓶颈6.8,主要看执行兑现
46,FN,Fabrinet,AI服务器_存储_EMS,60.7,71.632,69.888,66.2,催化剂观察,收入台阶/订单兑现,高,21.89,5.17,35.38,2.61,52.96,-57.48,收入台阶8.0；正向预期差7.5；供给瓶颈7.5,主要看执行兑现
47,UCTT,Ultra Clean Holdings,晶圆制造_前道设备,60.434,63.176,69.37,68.934,催化剂观察,右尾弹性观察,低,4.88,2.36,27.66,24.05,264.28,-95.32,催化剂6.8；收入台阶6.7；上行弹性6.3,风险控制弱
48,CIEN,Ciena Corporation,AI网络_光互联_连接器,59.999,69.382,63.115,63.999,催化剂观察,收入台阶/订单兑现,中,63.13,11.34,46.36,15.89,190.62,-40.97,供给瓶颈8.3；订单/收入可见度7.9；收入台阶7.5,主要看执行兑现
49,BWXT,BWX Technologies,电力_发电_能源_储能,59.912,63.247,66.797,61.412,催化剂观察,右尾弹性观察,高,17.72,5.25,37.24,-14.6,11.66,-37.09,订单/收入可见度7.8；正向预期差6.3；上行弹性6.0,主要看执行兑现
50,BESIY,BE Semiconductor,封测_检测_计量_光罩,59.835,71.933,66.197,64.335,催化剂观察,收入台阶/订单兑现,高,28.97,45.84,,14.08,,-58.22,供给瓶颈8.4；收入台阶8.3；催化剂7.7,P/S很高；Forward PE缺失/亏损
51,DOV,Dover Corporation,机电_冷却_工程_水处理_边缘工业AI,59.539,65.614,66.857,62.039,催化剂观察,右尾弹性观察,中,29.28,3.54,18.8,-5.44,14.6,-38.86,订单/收入可见度6.8；上行弹性6.4；正向预期差6.4,主要看执行兑现
52,DTE,DTE Energy Company,电力_发电_能源_储能,59.304,63.881,66.075,61.804,催化剂观察,右尾弹性观察,高,30.67,1.86,17.65,-4.69,6.21,-5.13,订单/收入可见度6.9；催化剂6.6；收入台阶5.8,主要看执行兑现
53,DIOD,Diodes Incorporated,配电_电源_功率器件,59.259,55.71,62.079,60.759,催化剂观察,右尾弹性观察,中,5.0,3.21,21.79,7.37,136.67,-70.87,订单/收入可见度6.6；收入台阶5.3；催化剂5.0,主要看执行兑现
54,DCI,Donaldson Company,机电_冷却_工程_水处理_边缘工业AI,59.15,58.669,65.062,60.65,催化剂观察,右尾弹性观察,中,10.01,2.63,19.83,-1.14,-7.18,-33.89,催化剂5.9；正向预期差5.9；订单/收入可见度5.6,主要看执行兑现
55,ACLS,Axcelis Technologies,晶圆制造_前道设备,59.09,58.756,63.598,63.59,催化剂观察,右尾弹性观察,低,5.54,6.55,38.85,13.72,92.27,-31.66,收入台阶7.3；订单/收入可见度6.2；催化剂5.7,主要看执行兑现
56,RMBS,Rambus,AI服务器_存储_EMS,59.061,62.999,64.371,63.561,催化剂观察,供给瓶颈受益,中,15.85,21.98,40.15,52.47,56.7,-76.7,供给瓶颈7.6；收入台阶6.5；正向预期差6.5,主要看执行兑现
57,FTV,Fortive Corporation,机电_冷却_工程_水处理_边缘工业AI,58.988,57.263,63.357,60.488,催化剂观察,右尾弹性观察,中,18.33,4.33,18.68,2.66,12.55,-30.6,订单/收入可见度6.2；收入台阶5.5；正向预期差5.4,主要看执行兑现
58,ASGLY,AGC Inc,半导体材料_化学品_基板,58.864,61.773,64.995,65.364,催化剂观察,供给瓶颈受益,中,9.33,0.0045,,44.94,27.37,-17.24,供给瓶颈6.8；催化剂6.2；正向预期差6.1,Forward PE缺失/亏损
59,GFS,GlobalFoundries,晶圆制造_前道设备,58.853,58.258,60.195,61.353,催化剂观察,右尾弹性观察,中,44.63,6.52,32.32,32.48,129.97,-53.28,订单/收入可见度6.6；收入台阶5.9；催化剂5.9,主要看执行兑现
60,SIMO,Silicon Motion Technology,AI服务器_存储_EMS,58.598,59.249,62.291,63.098,催化剂观察,右尾弹性观察,中,9.51,8.96,29.0,30.72,225.39,-81.31,收入台阶7.3；上行弹性6.3；催化剂6.0,主要看执行兑现
61,PSTG,Everpure PureStorage,AI服务器_存储_EMS,58.591,67.401,67.313,63.091,催化剂观察,收入台阶/订单兑现,中,22.41,6.12,23.88,12.87,-0.03,-86.3,订单/收入可见度7.8；收入台阶7.2；上行弹性6.8,主要看执行兑现
62,ATKR,Atkore,配电_电源_功率器件,58.59,56.71,64.6,62.59,催化剂观察,右尾弹性观察,低,2.68,0.93,12.88,14.06,22.95,-49.84,供给瓶颈6.8；催化剂6.2；正向预期差5.6,证据链偏弱
63,ST,Sensata Technologies,配电_电源_功率器件,57.959,55.767,62.891,61.959,非5X优先,右尾弹性观察,中,7.33,1.97,12.46,26.93,59.19,-65.37,订单/收入可见度5.9；收入台阶5.6；催化剂5.3,主要看执行兑现
64,SITM,SiTime Corporation,AI网络_光互联_连接器,57.83,62.454,61.864,62.33,非5X优先,利润反转/经营杠杆,中,19.27,50.71,68.46,27.59,151.03,-69.69,收入台阶7.2；订单/收入可见度6.5；催化剂6.3,P/S很高
65,FIX,Comfort Systems USA,机电_冷却_工程_水处理_边缘工业AI,57.822,79.175,64.0,61.822,非5X优先,收入台阶/订单兑现,高,66.06,6.52,35.13,-0.91,92.3,-43.83,收入台阶8.6；订单/收入可见度8.6；催化剂8.3,主要看执行兑现
66,KEYS,Keysight Technologies,封测_检测_计量_光罩,57.556,71.253,64.0,61.556,非5X优先,收入台阶/订单兑现,高,59.93,9.84,29.58,-0.55,77.2,-42.11,收入台阶7.8；订单/收入可见度7.5；供给瓶颈7.4,主要看执行兑现
67,ON,onsemi,AI计算芯片_EDA_IP_custom_ASIC,57.39,56.66,59.146,59.89,非5X优先,右尾弹性观察,中,45.41,7.49,27.38,29.99,151.59,-75.45,上行弹性5.8；供给瓶颈5.8；催化剂5.8,主要看执行兑现
68,COHR,Coherent,AI网络_光互联_连接器,57.372,76.643,64.0,64.372,非5X优先,收入台阶/订单兑现,中,75.33,11.41,47.56,26.69,146.87,-60.19,供给瓶颈8.9；收入台阶8.5；催化剂8.4,主要看执行兑现
69,CMI,Cummins Inc,电力_发电_能源_储能,57.357,66.197,63.775,61.357,非5X优先,利润反转/经营杠杆,中,91.01,2.69,19.46,3.79,34.35,-39.0,催化剂6.8；正向预期差6.2；收入台阶6.1,主要看执行兑现
70,MPWR,Monolithic Power Systems,配电_电源_功率器件,57.3,73.67,64.0,61.3,非5X优先,收入台阶/订单兑现,高,77.49,26.21,52.3,6.72,75.16,-74.3,催化剂7.9；收入台阶7.8；订单/收入可见度7.5,主要看执行兑现
71,ROG,Rogers Corporation,半导体材料_化学品_基板,57.207,55.564,62.362,61.207,非5X优先,右尾弹性观察,低,2.7,3.28,34.59,10.09,76.96,-48.2,供给瓶颈6.4；正向预期差6.0；上行弹性5.8,证据链偏弱
72,JCI,Johnson Controls,机电_冷却_工程_水处理_边缘工业AI,57.018,69.402,64.0,61.018,非5X优先,收入台阶/订单兑现,高,88.44,3.62,25.17,1.3,18.84,-32.62,收入台阶7.2；订单/收入可见度7.0；催化剂6.9,主要看执行兑现
73,SNPS,Synopsys,AI计算芯片_EDA_IP_custom_ASIC,56.652,72.627,64.0,60.652,非5X优先,收入台阶/订单兑现,高,86.91,10.01,26.31,1.84,28.37,-52.77,订单/收入可见度7.6；收入台阶7.2；催化剂7.2,主要看执行兑现
74,POWI,Power Integrations,配电_电源_功率器件,56.46,54.746,60.323,60.46,非5X优先,右尾弹性观察,低,4.37,9.79,42.21,15.92,157.63,-63.92,催化剂5.8；上行弹性5.5；收入台阶5.4,证据链偏弱
75,TDY,Teledyne Technologies,封测_检测_计量_光罩,56.29,59.7,62.164,58.79,非5X优先,右尾弹性观察,中,29.0,4.66,24.03,-3.48,23.08,-32.83,订单/收入可见度7.2；供给瓶颈5.9；收入台阶5.7,主要看执行兑现
76,CARR,Carrier Global,机电_冷却_工程_水处理_边缘工业AI,56.271,71.603,64.0,60.271,非5X优先,收入台阶/订单兑现,高,58.07,2.66,21.84,-0.06,18.67,-45.94,催化剂7.6；订单/收入可见度7.6；收入台阶7.2,主要看执行兑现
77,TEL,TE Connectivity,AI网络_光互联_连接器,56.171,75.248,64.0,60.171,非5X优先,收入台阶/订单兑现,高,61.41,3.28,16.65,5.28,-7.11,-50.44,收入台阶7.9；供给瓶颈7.8；正向预期差7.5,主要看执行兑现
78,ETR,Entergy Corporation,电力_发电_能源_储能,56.083,67.599,64.0,60.083,非5X优先,右尾弹性观察,高,50.88,3.83,21.95,-6.67,15.49,-5.67,订单/收入可见度7.6；催化剂7.2；正向预期差6.8,主要看执行兑现
79,LITE,Lumentum,AI网络_光互联_连接器,55.912,75.394,64.0,62.912,非5X优先,收入台阶/订单兑现,中,71.7,28.81,50.91,-1.26,192.69,-35.11,供给瓶颈8.8；收入台阶8.8；催化剂8.4,主要看执行兑现
80,NOK,诺基亚,AI网络_光互联_连接器,55.872,59.604,57.377,59.872,非5X优先,右尾弹性观察,中,82.62,4.13,30.4,25.79,157.89,-21.58,收入台阶7.0；催化剂6.0；订单/收入可见度5.9,主要看执行兑现
81,ASMIY,ASM International,晶圆制造_前道设备,55.746,72.793,64.0,61.746,非5X优先,收入台阶/订单兑现,高,57.06,17.85,36.32,6.54,89.11,-68.03,催化剂7.7；收入台阶7.7；供给瓶颈7.4,主要看执行兑现
82,TER,Teradyne,封测_检测_计量_光罩,55.666,70.655,63.698,62.666,非5X优先,收入台阶/订单兑现,高,63.12,16.67,42.43,18.6,109.52,-72.43,催化剂7.9；收入台阶7.9；供给瓶颈7.0,主要看执行兑现
83,DELL,Dell Technologies,AI服务器_存储_EMS,55.598,83.245,58.0,61.098,非5X优先,收入台阶/订单兑现,高,256.37,1.91,18.7,100.35,129.12,-34.34,收入台阶9.5；正向预期差9.1；订单/收入可见度9.1,市值基数大
84,IMOS,ChipMOS Technologies 南茂科技,封测_检测_计量_光罩,55.468,54.888,60.345,62.468,非5X优先,右尾弹性观察,低,2.15,0.09,61.34,37.61,109.69,-18.37,收入台阶6.3；订单/收入可见度5.6；催化剂5.4,证据链偏弱
85,PLAB,Photronics,封测_检测_计量_光罩,55.316,57.519,65.987,62.316,非5X优先,右尾弹性观察,低,1.87,2.18,15.69,-35.98,135.62,-55.95,供给瓶颈7.0；上行弹性5.5；正向预期差5.4,证据链偏弱
86,TSEM,Tower Semiconductor,晶圆制造_前道设备,55.122,59.119,58.172,60.622,非5X优先,右尾弹性观察,中,31.28,19.29,45.82,22.89,168.5,1.94,收入台阶7.3；催化剂6.4；订单/收入可见度5.8,主要看执行兑现
87,VSH,Vishay Intertechnology,配电_电源_功率器件,54.919,55.453,61.274,63.419,非5X优先,右尾弹性观察,中,8.08,2.53,38.52,116.26,262.76,-93.85,订单/收入可见度6.8；收入台阶6.0；催化剂5.4,主要看执行兑现
88,SHECY,Shin-Etsu Chemical 信越化学,半导体材料_化学品_基板,54.915,67.522,62.017,60.915,非5X优先,利润反转/经营杠杆,高,84.16,0.03,,7.36,57.03,-25.75,催化剂6.8；订单/收入可见度6.8；正向预期差6.6,Forward PE缺失/亏损
89,MICLF,Mycronic AB,封测_检测_计量_光罩,54.542,62.002,63.289,61.042,非5X优先,右尾弹性观察,中,5.66,,,0.0,28.89,16.67,订单/收入可见度6.8；收入台阶6.4；供给瓶颈6.3,P/S缺失；Forward PE缺失/亏损
90,AAOI,Applied Optoelectronics,AI网络_光互联_连接器,54.534,68.38,68.66,67.034,非5X优先,收入台阶/订单兑现,低,13.57,26.76,35.43,0.31,603.29,-59.58,供给瓶颈8.5；上行弹性7.8；收入台阶7.7,风险控制弱；IV过高
91,PNR,Pentair plc,机电_冷却_工程_水处理_边缘工业AI,54.414,57.377,64.306,58.414,非5X优先,右尾弹性观察,中,11.93,2.84,12.7,-9.67,-31.7,-42.43,正向预期差6.1；订单/收入可见度5.8；供给瓶颈5.6,主要看执行兑现
92,STX,Seagate Technology,AI服务器_存储_EMS,54.347,73.621,58.0,59.847,非5X优先,收入台阶/订单兑现,高,208.77,18.96,34.6,29.41,219.77,-58.72,收入台阶8.5；订单/收入可见度7.8；正向预期差7.6,市值基数大
93,AEP,American Electric Power,电力_发电_能源_储能,54.28,64.723,62.519,58.28,非5X优先,右尾弹性观察,中,70.31,3.13,18.85,-7.74,5.58,-4.94,订单/收入可见度6.8；催化剂6.6；收入台阶5.8,主要看执行兑现
94,CSCO,Cisco Systems,AI网络_光互联_连接器,54.118,69.963,58.0,59.618,非5X优先,收入台阶/订单兑现,高,477.31,7.86,25.38,37.72,57.32,-14.62,收入台阶7.9；订单/收入可见度6.8；供给瓶颈6.7,市值基数大
95,ET,Energy Transfer LP,电力_发电_能源_储能,53.958,62.214,61.009,57.958,非5X优先,右尾弹性观察,高,65.62,0.71,12.49,-1.96,17.65,-17.84,订单/收入可见度6.8；催化剂6.5；正向预期差5.9,主要看执行兑现
96,GLW,Corning,AI网络_光互联_连接器,53.486,69.657,58.0,58.986,非5X优先,收入台阶/订单兑现,高,154.23,9.45,42.8,26.85,128.34,-57.92,收入台阶7.5；订单/收入可见度7.1；催化剂6.9,市值基数大
97,CEG,Constellation Energy,电力_发电_能源_储能,53.434,76.265,64.0,57.434,非5X优先,利润反转/经营杠杆,高,90.62,3.03,18.64,-13.18,-19.61,-62.45,订单/收入可见度8.4；催化剂8.1；正向预期差7.5,主要看执行兑现
98,LRCX,Lam Research,晶圆制造_前道设备,53.239,72.782,58.0,58.739,非5X优先,收入台阶/订单兑现,高,458.72,21.16,46.04,33.89,105.58,-65.3,催化剂7.8；收入台阶7.6；订单/收入可见度7.3,市值基数大
99,AMAT,Applied Materials,晶圆制造_前道设备,53.123,75.865,58.0,58.623,非5X优先,收入台阶/订单兑现,高,450.37,15.52,34.89,28.71,79.32,-51.5,催化剂8.2；供给瓶颈8.2；订单/收入可见度7.8,市值基数大
100,ICHR,Ichor Holdings,晶圆制造_前道设备,53.045,60.067,65.821,61.545,非5X优先,右尾弹性观察,低,3.03,3.16,33.22,12.47,341.56,-110.87,催化剂6.8；上行弹性6.5；收入台阶6.4,压力窗口回撤大；风险控制弱
101,DLR,Digital Realty,云算力_IDC_AI软件平台,52.951,69.717,63.155,58.951,非5X优先,收入台阶/订单兑现,高,65.89,10.44,64.31,-8.57,20.64,-29.04,订单/收入可见度7.8；催化剂7.7；收入台阶7.4,主要看执行兑现
102,SNDK,SanDisk,AI服务器_存储_EMS,52.791,74.865,58.0,61.291,非5X优先,收入台阶/订单兑现,中,293.23,22.24,10.82,54.3,639.37,-46.55,订单/收入可见度8.6；收入台阶8.5；正向预期差7.4,市值基数大
103,QCOM,Qualcomm,AI计算芯片_EDA_IP_custom_ASIC,52.776,62.108,57.949,58.276,非5X优先,右尾弹性观察,中,223.15,5.02,19.85,41.24,41.33,-51.77,催化剂6.5；收入台阶6.3；正向预期差5.9,市值基数大
104,ALAB,AsteraLabs,AI计算芯片_EDA_IP_custom_ASIC,52.299,74.062,63.66,64.299,非5X优先,收入台阶/订单兑现,高,62.93,62.84,87.28,79.37,110.95,-80.79,供给瓶颈8.5；收入台阶8.4；催化剂8.3,P/S很高；Forward PE很高
105,STM,STMicroelectronics,AI计算芯片_EDA_IP_custom_ASIC,52.242,54.428,53.617,56.242,非5X优先,右尾弹性观察,中,68.7,5.55,31.45,42.98,199.12,-60.48,订单/收入可见度6.0；收入台阶5.4；上行弹性5.3,主要看执行兑现
106,ALLE,Allegion plc,机电_冷却_工程_水处理_边缘工业AI,52.179,52.318,60.267,56.179,非5X优先,右尾弹性观察,低,11.51,2.77,14.04,-3.97,-20.79,-18.66,订单/收入可见度5.5；收入台阶5.0；催化剂4.9,证据链偏弱
107,EQIX,Equinix,云算力_IDC_AI软件平台,52.1,70.014,58.0,56.1,非5X优先,收入台阶/订单兑现,高,104.13,10.93,54.93,-0.74,42.62,-26.55,订单/收入可见度7.9；催化剂7.3；收入台阶7.1,市值基数大
108,CDNS,Cadence Design Systems,AI计算芯片_EDA_IP_custom_ASIC,51.945,71.198,58.0,57.445,非5X优先,利润反转/经营杠杆,高,106.18,19.21,41.02,19.67,22.1,-36.05,订单/收入可见度7.4；收入台阶7.4；催化剂7.2,市值基数大
109,APD,Air Products and Chemicals,半导体材料_化学品_基板,51.898,61.168,59.429,55.898,非5X优先,右尾弹性观察,中,62.71,5.03,19.78,-6.24,10.34,-15.77,订单/收入可见度7.7；催化剂5.9；供给瓶颈5.5,主要看执行兑现
110,WDC,WesternDigital,AI服务器_存储_EMS,51.859,74.538,58.0,60.359,非5X优先,收入台阶/订单兑现,高,194.03,16.48,31.41,37.68,236.38,-55.76,收入台阶8.4；订单/收入可见度8.1；正向预期差7.8,市值基数大
111,IBM,International Business Machines,云算力_IDC_AI软件平台,51.831,62.192,57.724,57.331,非5X优先,右尾弹性观察,高,255.87,3.71,20.28,31.62,-15.83,-22.41,订单/收入可见度6.9；催化剂6.6；收入台阶6.0,市值基数大
112,APLD,Applied Digital,云算力_IDC_AI软件平台,51.812,66.51,64.625,60.312,非5X优先,收入台阶/订单兑现,低,12.2,38.22,,33.26,96.39,-117.36,收入台阶8.4；订单/收入可见度7.9；催化剂7.9,P/S很高；Forward PE缺失/亏损；压力窗口回撤大；风险控制弱
113,IFNNY,Infineon Technologies AG 英飞凌科技,配电_电源_功率器件,51.751,70.094,58.0,59.251,非5X优先,收入台阶/订单兑现,高,119.84,7.92,30.97,51.27,121.76,-66.26,订单/收入可见度7.9；收入台阶7.7；催化剂7.4,市值基数大
114,DSCSY,DISCO,晶圆制造_前道设备,51.698,68.962,62.876,57.698,非5X优先,收入台阶/订单兑现,高,55.0,0.13,,-6.93,47.87,-90.52,供给瓶颈7.6；收入台阶7.0；催化剂6.7,Forward PE缺失/亏损
115,MRVL,Marvell Technology,AI计算芯片_EDA_IP_custom_ASIC,51.486,76.54,58.0,59.986,非5X优先,收入台阶/订单兑现,高,244.89,28.09,45.31,82.87,126.52,-60.41,收入台阶8.8；催化剂8.7；供给瓶颈8.2,市值基数大
116,HOCPY,HOYA Corporation,半导体材料_化学品_基板,51.418,66.02,61.324,57.418,非5X优先,利润反转/经营杠杆,高,55.86,0.06,39.01,-3.11,11.96,-39.34,供给瓶颈6.9；收入台阶6.8；催化剂6.5,主要看执行兑现
117,FLNC,Fluence Energy,电力_发电_能源_储能,51.387,61.996,65.416,63.887,非5X优先,收入台阶/订单兑现,低,4.37,1.69,117.58,103.86,11.74,-90.92,订单/收入可见度8.0；收入台阶7.2；供给瓶颈6.7,Forward PE很高；风险控制弱；IV过高
118,CAT,Caterpillar Inc,机电_冷却_工程_水处理_边缘工业AI,51.165,66.004,58.0,56.665,非5X优先,利润反转/经营杠杆,高,419.4,5.93,30.25,4.1,58.6,-41.2,订单/收入可见度7.2；催化剂7.1；正向预期差6.3,市值基数大
119,MIELY,三菱电机 Mitsubishi Electric,配电_电源_功率器件,50.968,63.551,59.039,56.968,非5X优先,右尾弹性观察,中,71.71,0.01,,-2.72,48.19,-17.06,供给瓶颈7.4；订单/收入可见度6.4；正向预期差6.4,Forward PE缺失/亏损
120,UMC,United Microelectronics 联华电子,晶圆制造_前道设备,50.802,53.465,53.023,57.302,非5X优先,右尾弹性观察,低,54.28,0.23,26.9,64.14,203.14,-28.6,收入台阶5.1；订单/收入可见度5.1；催化剂5.0,证据链偏弱
121,KLAC,KLA Corporation,晶圆制造_前道设备,50.753,74.472,58.0,58.253,非5X优先,收入台阶/订单兑现,高,332.5,25.39,50.61,23.1,68.86,-44.27,催化剂8.0；收入台阶7.6；供给瓶颈7.5,市值基数大
122,BE,Bloom Energy,电力_发电_能源_储能,50.752,68.56,59.877,57.752,非5X优先,收入台阶/订单兑现,低,74.02,30.22,59.81,-1.1,190.49,-96.29,催化剂8.3；正向预期差8.0；订单/收入可见度7.3,P/S很高
123,LIN,Linde plc,半导体材料_化学品_基板,50.581,63.724,58.0,56.081,非5X优先,右尾弹性观察,高,242.07,6.99,26.56,-0.07,24.51,-17.73,订单/收入可见度8.0；催化剂6.0；收入台阶5.9,市值基数大
124,PWR,Quanta Services,电力_发电_能源_储能,50.496,80.414,58.0,55.996,非5X优先,收入台阶/订单兑现,高,106.2,3.53,43.0,-3.58,59.33,-22.2,订单/收入可见度9.3；收入台阶8.7；催化剂8.5,市值基数大
125,VRT,Vertiv,机电_冷却_工程_水处理_边缘工业AI,50.105,85.681,58.0,55.605,非5X优先,收入台阶/订单兑现,高,116.34,10.73,34.22,0.95,85.9,-70.57,供给瓶颈9.5；收入台阶9.4；催化剂9.3,市值基数大
126,ECL,Ecolab,半导体材料_化学品_基板,50.032,59.105,57.304,54.032,非5X优先,右尾弹性观察,中,74.7,4.54,27.64,-1.48,-4.51,-28.29,催化剂5.9；收入台阶5.6；订单/收入可见度5.6,主要看执行兑现
127,GEV,GE Vernova,电力_发电_能源_储能,49.842,81.345,58.0,55.342,非5X优先,收入台阶/订单兑现,高,252.77,6.42,38.38,-9.75,74.98,-30.39,正向预期差8.7；催化剂8.6；收入台阶8.6,市值基数大
128,APH,Amphenol 安费诺,AI网络_光互联_连接器,49.735,77.679,58.0,55.235,非5X优先,收入台阶/订单兑现,高,189.21,7.3,27.05,3.74,1.1,-42.07,供给瓶颈8.2；订单/收入可见度8.0；催化剂7.9,市值基数大
129,ADI,Analog Devices,AI计算芯片_EDA_IP_custom_ASIC,49.657,60.956,54.263,53.657,非5X优先,右尾弹性观察,中,203.5,15.97,28.28,10.05,61.63,-52.06,收入台阶6.1；催化剂5.7；正向预期差5.7,市值基数大
130,ETN,Eaton Corporation,配电_电源_功率器件,49.56,84.128,58.0,55.06,非5X优先,收入台阶/订单兑现,高,151.98,5.33,24.89,-1.02,18.93,-41.95,供给瓶颈9.2；订单/收入可见度9.0；催化剂8.9,市值基数大
131,ADBE,Adobe,云算力_IDC_AI软件平台,49.553,57.311,56.856,53.553,非5X优先,右尾弹性观察,中,82.46,3.27,7.46,2.21,-24.97,-39.23,订单/收入可见度6.9；催化剂5.2；收入台阶5.1,主要看执行兑现
132,SOMMY,住友化学 Sumitomo Chemical,半导体材料_化学品_基板,49.26,54.485,59.284,58.26,非5X优先,右尾弹性观察,低,5.61,0.0024,,11.35,18.79,-24.06,正向预期差5.5；收入台阶5.5；催化剂5.3,Forward PE缺失/亏损；证据链偏弱
133,MSI,Motorola Solutions,机电_冷却_工程_水处理_边缘工业AI,49.173,58.078,56.847,53.173,非5X优先,右尾弹性观察,中,68.43,5.77,22.26,-6.31,10.61,-33.68,订单/收入可见度7.3；收入台阶6.1；催化剂5.0,主要看执行兑现
134,ABBNY,ABB Ltd,配电_电源_功率器件,49.056,75.093,58.0,56.556,非5X优先,收入台阶/订单兑现,高,185.44,5.36,29.56,6.72,50.87,-45.27,供给瓶颈8.6；订单/收入可见度8.2；收入台阶7.8,市值基数大
135,RYCEY,Rolls-Royce Holdings,电力_发电_能源_储能,48.991,68.301,58.0,56.491,非5X优先,供给瓶颈受益,高,145.92,6.88,29.8,3.37,23.61,-24.26,订单/收入可见度7.8；收入台阶7.0；催化剂6.5,市值基数大
136,TT,Trane Technologies,机电_冷却_工程_水处理_边缘工业AI,48.903,77.033,58.0,54.403,非5X优先,收入台阶/订单兑现,高,101.3,4.69,26.92,-4.24,9.06,-32.63,催化剂8.6；订单/收入可见度7.9；收入台阶7.7,市值基数大
137,ANET,Arista Networks,AI网络_光互联_连接器,48.838,79.54,58.0,54.338,非5X优先,收入台阶/订单兑现,高,205.55,21.17,36.69,0.97,20.89,-71.59,催化剂8.6；订单/收入可见度8.4；收入台阶8.2,市值基数大
138,NBIS,Nebius Group,云算力_IDC_AI软件平台,48.779,70.626,60.161,60.779,非5X优先,收入台阶/订单兑现,低,59.0,67.2,643.26,62.91,120.05,-102.03,上行弹性8.8；催化剂8.8；收入台阶8.5,P/S很高；Forward PE很高；压力窗口回撤大；风险控制弱
139,PH,Parker-Hannifin,机电_冷却_工程_水处理_边缘工业AI,48.763,63.397,58.0,54.263,非5X优先,右尾弹性观察,中,113.92,5.43,26.5,-3.57,-0.56,-33.58,订单/收入可见度6.3；催化剂6.2；收入台阶6.1,市值基数大
140,CRWV,CoreWeave,云算力_IDC_AI软件平台,48.47,77.454,64.0,59.47,非5X优先,收入台阶/订单兑现,低,54.86,8.81,,-6.79,40.36,,上行弹性9.4；订单/收入可见度9.4；收入台阶9.2,Forward PE缺失/亏损；风险控制弱
141,IREN,IREN Limited,云算力_IDC_AI软件平台,48.395,67.226,62.79,57.895,非5X优先,收入台阶/订单兑现,低,21.36,28.21,,43.41,40.02,-113.36,收入台阶8.3；上行弹性8.2；订单/收入可见度8.0,Forward PE缺失/亏损；压力窗口回撤大；风险控制弱
142,BABA,Alibaba 阿里巴巴,云算力_IDC_AI软件平台,47.499,65.545,58.0,52.999,非5X优先,右尾弹性观察,中,270.67,0.26,12.25,-3.26,-18.93,-61.65,上行弹性7.0；催化剂6.9；收入台阶6.5,市值基数大
143,PSIX,Power Solutions International,电力_发电_能源_储能,47.131,64.761,68.611,57.131,非5X优先,右尾弹性观察,低,0.93861,1.31,12.27,-42.67,-18.57,-130.28,上行弹性8.4；正向预期差6.7；催化剂6.4,压力窗口回撤大；证据链偏弱
144,MXL,MaxLinear,AI计算芯片_EDA_IP_custom_ASIC,47.056,58.399,61.575,62.056,非5X优先,右尾弹性观察,低,7.56,14.86,45.04,18.41,554.79,-74.7,收入台阶7.4；催化剂7.0；上行弹性6.8,风险控制弱
145,AMD,Advanced Micro Devices,AI计算芯片_EDA_IP_custom_ASIC,47.055,73.809,50.0,52.555,非5X优先,收入台阶/订单兑现,中,834.17,22.27,39.04,50.47,131.3,-60.59,催化剂8.5；收入台阶8.4；上行弹性7.6,市值基数大
146,ATEYY,Advantest,封测_检测_计量_光罩,46.56,78.014,58.0,54.06,非5X优先,收入台阶/订单兑现,高,126.94,0.11,,-3.62,,-87.71,供给瓶颈8.5；催化剂8.4；收入台阶8.2,市值基数大；Forward PE缺失/亏损
147,CRWD,CrowdStrike,云算力_IDC_AI软件平台,45.33,58.27,48.356,50.83,非5X优先,右尾弹性观察,高,173.82,34.12,109.25,64.08,28.68,-28.96,订单/收入可见度7.4；收入台阶6.6；催化剂6.4,市值基数大；P/S很高；Forward PE很高
148,TXN,德州仪器,AI计算芯片_EDA_IP_custom_ASIC,45.216,54.68,50.094,50.716,非5X优先,右尾弹性观察,中,274.05,14.86,31.99,9.81,91.99,-45.58,催化剂5.4；收入台阶5.3；订单/收入可见度4.9,市值基数大
149,ASML,ASML Holding NV,晶圆制造_前道设备,45.18,79.173,50.0,50.68,非5X优先,收入台阶/订单兑现,高,718.25,21.32,38.94,20.98,53.5,-46.12,收入台阶8.5；订单/收入可见度8.4；催化剂8.4,市值基数大
150,MCHP,Microchip Technology,AI计算芯片_EDA_IP_custom_ASIC,45.047,54.498,53.247,51.547,非5X优先,右尾弹性观察,低,51.63,10.95,23.28,2.77,84.23,-87.08,收入台阶5.7；催化剂5.1；上行弹性5.0,证据链偏弱
151,MMM,3M,半导体材料_化学品_基板,44.303,51.806,52.509,50.803,非5X优先,右尾弹性观察,低,82.57,3.3,16.76,6.42,-9.15,-28.62,收入台阶5.0；正向预期差4.5；订单/收入可见度4.5,证据链偏弱
152,ORCL,Oracle Corporation,云算力_IDC_AI软件平台,44.164,80.064,50.0,49.664,非5X优先,收入台阶/订单兑现,高,529.57,7.86,16.94,34.05,-6.83,-58.88,订单/收入可见度9.4；催化剂8.7；收入台阶8.6,市值基数大
153,CC,The Chemours Company,半导体材料_化学品_基板,43.216,47.176,56.847,53.716,非5X优先,右尾弹性观察,低,3.31,0.57,9.73,-18.46,80.43,-51.38,收入台阶4.8；供给瓶颈4.5；催化剂4.1,证据链偏弱；风险控制弱
154,AMPX,Amprius Technologies,电力_发电_能源_储能,43.061,51.383,54.39,54.061,非5X优先,右尾弹性观察,低,2.31,25.59,281.21,4.17,,-20.65,上行弹性7.3；订单/收入可见度6.7；收入台阶6.5,Forward PE很高；证据链偏弱；风险控制弱
155,ARM,Arm Holdings,AI计算芯片_EDA_IP_custom_ASIC,42.195,64.888,53.09,55.695,非5X优先,供给瓶颈受益,高,406.74,82.67,124.13,95.01,128.27,-61.37,收入台阶7.2；催化剂7.2；订单/收入可见度6.8,市值基数大；P/S很高；Forward PE很高
156,AEHR,Aehr Test Systems,封测_检测_计量_光罩,41.187,56.907,57.689,58.687,非5X优先,右尾弹性观察,低,3.41,75.39,723.13,23.12,353.56,-99.51,上行弹性7.3；收入台阶7.3；订单/收入可见度6.5,P/S很高；Forward PE很高；风险控制弱；IV过高
157,MU,Micron Technology 美光科技,AI服务器_存储_EMS,40.828,83.205,45.0,49.328,非5X优先,收入台阶/订单兑现,高,1110.0,19.05,8.75,99.11,303.2,-72.62,供给瓶颈9.5；收入台阶8.8；催化剂8.8,市值基数大
158,AOSL,Alpha and Omega Semiconductor,配电_电源_功率器件,40.303,52.003,58.341,58.303,非5X优先,右尾弹性观察,低,1.35,1.98,,22.38,141.16,-95.57,催化剂5.9；上行弹性5.7；收入台阶5.4,Forward PE缺失/亏损；风险控制弱；IV过高
159,ENPH,Enphase Energy,电力_发电_能源_储能,40.263,42.059,50.561,53.763,非5X优先,右尾弹性观察,低,7.19,5.14,22.56,103.9,152.62,-67.78,供给瓶颈5.6；上行弹性5.2；订单/收入可见度4.4,证据链偏弱；风险控制弱
160,TMO,Thermo Fisher Scientific,封测_检测_计量_光罩,40.086,52.282,50.298,48.086,非5X优先,右尾弹性观察,低,174.42,3.86,17.22,1.01,-23.1,-26.01,订单/收入可见度5.8；收入台阶4.7；催化剂4.3,市值基数大；证据链偏弱
161,AXTI,AXT Inc,半导体材料_化学品_基板,40.083,54.938,54.701,57.583,非5X优先,利润反转/经营杠杆,低,6.36,66.3,129.23,11.15,1074.83,20.0,上行弹性7.0；正向预期差7.0；收入台阶6.9,P/S很高；Forward PE很高；风险控制弱；IV过高
162,TSM,台积电,晶圆制造_前道设备,39.464,85.135,45.0,44.964,非5X优先,收入台阶/订单兑现,高,2200.0,0.54,21.71,9.81,45.79,-56.76,供给瓶颈9.4；催化剂8.7；收入台阶8.6,市值基数大
163,VISN,Vistance Networks,AI网络_光互联_连接器,39.291,49.227,59.123,55.791,非5X优先,右尾弹性观察,低,2.86,1.42,9.01,2.35,-36.05,-32.94,上行弹性5.7；收入台阶5.2；正向预期差5.1,证据链偏弱；风险控制弱
164,AVGO,Broadcom,AI计算芯片_EDA_IP_custom_ASIC,39.035,84.582,45.0,44.535,非5X优先,收入台阶/订单兑现,高,1820.0,24.09,19.74,13.76,6.11,-53.05,收入台阶9.2；催化剂9.2；订单/收入可见度8.8,市值基数大
165,NVDA,NVIDIA,AI计算芯片_EDA_IP_custom_ASIC,38.561,88.489,45.0,44.061,非5X优先,收入台阶/订单兑现,高,4970.0,19.61,16.12,8.21,17.94,-59.56,收入台阶9.7；催化剂9.5；供给瓶颈8.7,市值基数大
166,MSFT,微软,云算力_IDC_AI软件平台,38.091,79.542,45.0,43.591,非5X优先,收入台阶/订单兑现,高,2900.0,9.12,20.2,3.11,-15.0,-36.85,催化剂8.5；订单/收入可见度8.2；收入台阶8.1,市值基数大
167,GOOGL,Alphabet Inc,云算力_IDC_AI软件平台,37.755,77.01,45.0,43.255,非5X优先,收入台阶/订单兑现,高,4390.0,10.38,24.84,-6.92,21.53,-28.77,催化剂8.1；订单/收入可见度8.1；收入台阶7.7,市值基数大
168,AMZN,Amazon,云算力_IDC_AI软件平台,37.413,78.25,45.0,42.913,非5X优先,收入台阶/订单兑现,高,2570.0,3.45,24.19,-6.8,18.63,-33.74,催化剂8.3；收入台阶8.1；订单/收入可见度7.7,市值基数大
169,META,Meta Platforms,云算力_IDC_AI软件平台,37.166,69.004,45.0,42.666,非5X优先,利润反转/经营杠杆,高,1440.0,6.7,15.68,2.34,0.26,-66.11,催化剂7.3；收入台阶6.6；正向预期差6.3,市值基数大
170,MRAM,Everspin Technologies,AI服务器_存储_EMS,35.961,49.132,51.616,53.961,非5X优先,右尾弹性观察,低,0.57236,10.05,52.49,32.95,281.3,-86.38,订单/收入可见度6.2；上行弹性6.2；收入台阶5.6,证据链偏弱；风险控制弱；IV过高
171,INTC,Intel Corporation 英特尔,AI计算芯片_EDA_IP_custom_ASIC,33.973,51.065,45.181,47.473,非5X优先,右尾弹性观察,低,626.09,11.65,80.81,13.14,230.81,-61.32,供给瓶颈6.4；催化剂6.3；上行弹性6.2,市值基数大；Forward PE很高；风险控制弱
172,WOLF,Wolfspeed,配电_电源_功率器件,32.868,36.939,46.141,50.368,非5X优先,右尾弹性观察,低,2.24,3.15,,67.76,208.59,,上行弹性5.8；供给瓶颈5.7；催化剂4.7,Forward PE缺失/亏损；证据链偏弱；风险控制弱；IV过高
173,TSLA,Tesla,机电_冷却_工程_水处理_边缘工业AI,32.363,51.543,43.294,41.863,非5X优先,右尾弹性观察,低,1530.0,15.6,162.45,8.41,3.23,-66.64,供给瓶颈6.3；催化剂6.1；正向预期差6.0,市值基数大；Forward PE很高；风险控制弱
174,RKLB,Rocket Lab,机电_冷却_工程_水处理_边缘工业AI,30.727,48.249,43.189,46.727,非5X优先,右尾弹性观察,低,63.98,94.14,,45.54,258.29,-90.58,订单/收入可见度8.1；上行弹性7.2；收入台阶6.0,P/S很高；Forward PE缺失/亏损；风险控制弱
175,NVTS,Navitas Semiconductor,配电_电源_功率器件,29.714,46.44,48.554,48.214,非5X优先,右尾弹性观察,低,5.62,138.78,,76.73,246.28,-117.17,上行弹性7.5；催化剂5.9；供给瓶颈5.8,P/S很高；Forward PE缺失/亏损；压力窗口回撤大；证据链偏弱
176,FCEL,FuelCell Energy,电力_发电_能源_储能,26.665,34.121,43.389,47.165,非5X优先,右尾弹性观察,低,1.15,6.82,,63.86,280.87,-98.87,上行弹性6.6；正向预期差4.2；供给瓶颈4.2,Forward PE缺失/亏损；证据链偏弱；风险控制弱；IV过高
177,POET,POET Technologies,AI网络_光互联_连接器,26.448,48.277,51.453,54.448,非5X优先,右尾弹性观察,低,2.16,1532.15,,110.4,174.38,-88.77,上行弹性7.0；催化剂6.6；供给瓶颈6.2,P/S很高；Forward PE缺失/亏损；证据链偏弱；风险控制弱
178,OKLO,Oklo Inc,电力_发电_能源_储能,21.205,41.669,46.268,37.705,非5X优先,右尾弹性观察,低,10.0,,,-7.37,-23.56,-122.49,上行弹性7.6；正向预期差7.0；催化剂6.1,P/S缺失；Forward PE缺失/亏损；压力窗口回撤大；证据链偏弱
179,SMR,NuScale Power,电力_发电_能源_储能,19.288,39.908,44.912,37.788,非5X优先,右尾弹性观察,低,3.42,183.35,,1.07,-36.61,-111.97,上行弹性7.2；正向预期差6.8；催化剂5.8,P/S很高；Forward PE缺失/亏损；压力窗口回撤大；证据链偏弱
180,LWLG,Lightwave Logic,AI网络_光互联_连接器,11.622,39.413,44.618,45.122,非5X优先,右尾弹性观察,低,1.48,6078.13,,-24.46,167.9,-1.41,上行弹性6.6；供给瓶颈5.8；正向预期差5.6,P/S很高；Forward PE缺失/亏损；证据链偏弱；风险控制弱
