Ticker,Name,Sector,Asset Class,Market Value,Weight (%),Notional Value,Quantity,Price,Location,Exchange,Currency,FX Rate,Market Currency,Accrual Date,yahoo_symbol,holdings_as_of,source_url,source
NVDA,NVIDIA CORP,Information Technology,Equity,74399805907.14,8.9,74399805907.14,315601111.0,235.74,United States,NASDAQ,USD,1.0,USD,-,NVDA,2026-05-14,https://www.ishares.com/us/products/239726/ishares-core-sp-500-etf/1467271812596.ajax?fileType=csv&fileName=IVV_holdings&dataType=fund,iShares IVV holdings
AAPL,APPLE INC,Information Technology,Equity,56860991054.67,6.8,56860991054.67,190674327.0,298.21,United States,NASDAQ,USD,1.0,USD,-,AAPL,2026-05-14,https://www.ishares.com/us/products/239726/ishares-core-sp-500-etf/1467271812596.ajax?fileType=csv&fileName=IVV_holdings&dataType=fund,iShares IVV holdings
MSFT,MICROSOFT CORP,Information Technology,Equity,39486160851.41,4.72,39486160851.41,96441787.0,409.43,United States,NASDAQ,USD,1.0,USD,-,MSFT,2026-05-14,https://www.ishares.com/us/products/239726/ishares-core-sp-500-etf/1467271812596.ajax?fileType=csv&fileName=IVV_holdings&dataType=fund,iShares IVV holdings
AMZN,AMAZON.COM INC,Consumer Discretionary,Equity,33903256384.56,4.06,33903256384.56,126873948.0,267.22,United States,NASDAQ,USD,1.0,USD,-,AMZN,2026-05-14,https://www.ishares.com/us/products/239726/ishares-core-sp-500-etf/1467271812596.ajax?fileType=csv&fileName=IVV_holdings&dataType=fund,iShares IVV holdings
GOOGL,ALPHABET INC CLASS A,Communication,Equity,30326644145.94,3.63,30326644145.94,75614342.0,401.07,United States,NASDAQ,USD,1.0,USD,-,GOOGL,2026-05-14,https://www.ishares.com/us/products/239726/ishares-core-sp-500-etf/1467271812596.ajax?fileType=csv&fileName=IVV_holdings&dataType=fund,iShares IVV holdings
AVGO,BROADCOM INC,Information Technology,Equity,27081531991.54,3.24,27081531991.54,61578326.0,439.79,United States,NASDAQ,USD,1.0,USD,-,AVGO,2026-05-14,https://www.ishares.com/us/products/239726/ishares-core-sp-500-etf/1467271812596.ajax?fileType=csv&fileName=IVV_holdings&dataType=fund,iShares IVV holdings
GOOG,ALPHABET INC CLASS C,Communication,Equity,24123847639.5,2.89,24123847639.5,60739350.0,397.17,United States,NASDAQ,USD,1.0,USD,-,GOOG,2026-05-14,https://www.ishares.com/us/products/239726/ishares-core-sp-500-etf/1467271812596.ajax?fileType=csv&fileName=IVV_holdings&dataType=fund,iShares IVV holdings
META,META PLATFORMS INC CLASS A,Communication,Equity,17567407676.23,2.1,17567407676.23,28406461.0,618.43,United States,NASDAQ,USD,1.0,USD,-,META,2026-05-14,https://www.ishares.com/us/products/239726/ishares-core-sp-500-etf/1467271812596.ajax?fileType=csv&fileName=IVV_holdings&dataType=fund,iShares IVV holdings
TSLA,TESLA INC,Consumer Discretionary,Equity,16192493131.1,1.94,16192493131.1,36527167.0,443.3,United States,NASDAQ,USD,1.0,USD,-,TSLA,2026-05-14,https://www.ishares.com/us/products/239726/ishares-core-sp-500-etf/1467271812596.ajax?fileType=csv&fileName=IVV_holdings&dataType=fund,iShares IVV holdings
BRKB,BERKSHIRE HATHAWAY INC CLASS B,Financials,Equity,11528343432.34,1.38,11528343432.34,23815939.0,484.06,United States,NYSE,USD,1.0,USD,-,BRK-B,2026-05-14,https://www.ishares.com/us/products/239726/ishares-core-sp-500-etf/1467271812596.ajax?fileType=csv&fileName=IVV_holdings&dataType=fund,iShares IVV holdings
MU,MICRON TECHNOLOGY INC,Information Technology,Equity,11343541129.77,1.36,11343541129.77,14617777.0,776.01,United States,NASDAQ,USD,1.0,USD,-,MU,2026-05-14,https://www.ishares.com/us/products/239726/ishares-core-sp-500-etf/1467271812596.ajax?fileType=csv&fileName=IVV_holdings&dataType=fund,iShares IVV holdings
JPM,JPMORGAN CHASE & CO,Financials,Equity,10502089427.7,1.26,10502089427.7,35017470.0,299.91,United States,NYSE,USD,1.0,USD,-,JPM,2026-05-14,https://www.ishares.com/us/products/239726/ishares-core-sp-500-etf/1467271812596.ajax?fileType=csv&fileName=IVV_holdings&dataType=fund,iShares IVV holdings
LLY,ELI LILLY,Health Care,Equity,10360737946.1,1.24,10360737946.1,10291783.0,1006.7,United States,NYSE,USD,1.0,USD,-,LLY,2026-05-14,https://www.ishares.com/us/products/239726/ishares-core-sp-500-etf/1467271812596.ajax?fileType=csv&fileName=IVV_holdings&dataType=fund,iShares IVV holdings
AMD,ADVANCED MICRO DEVICES INC,Information Technology,Equity,9522551297.4,1.14,9522551297.4,21175342.0,449.7,United States,NASDAQ,USD,1.0,USD,-,AMD,2026-05-14,https://www.ishares.com/us/products/239726/ishares-core-sp-500-etf/1467271812596.ajax?fileType=csv&fileName=IVV_holdings&dataType=fund,iShares IVV holdings
XOM,EXXON MOBIL CORP,Energy,Equity,8292219292.9,0.99,8292219292.9,54275555.0,152.78,United States,NYSE,USD,1.0,USD,-,XOM,2026-05-14,https://www.ishares.com/us/products/239726/ishares-core-sp-500-etf/1467271812596.ajax?fileType=csv&fileName=IVV_holdings&dataType=fund,iShares IVV holdings
WMT,WALMART INC,Consumer Staples,Equity,7541321337.2,0.9,7541321337.2,56932820.0,132.46,United States,NASDAQ,USD,1.0,USD,-,WMT,2026-05-14,https://www.ishares.com/us/products/239726/ishares-core-sp-500-etf/1467271812596.ajax?fileType=csv&fileName=IVV_holdings&dataType=fund,iShares IVV holdings
JNJ,JOHNSON & JOHNSON,Health Care,Equity,7223831356.8,0.86,7223831356.8,31299096.0,230.8,United States,NYSE,USD,1.0,USD,-,JNJ,2026-05-14,https://www.ishares.com/us/products/239726/ishares-core-sp-500-etf/1467271812596.ajax?fileType=csv&fileName=IVV_holdings&dataType=fund,iShares IVV holdings
INTC,INTEL CORPORATION CORP,Information Technology,Equity,7069550863.79,0.85,7069550863.79,60981203.0,115.93,United States,NASDAQ,USD,1.0,USD,-,INTC,2026-05-14,https://www.ishares.com/us/products/239726/ishares-core-sp-500-etf/1467271812596.ajax?fileType=csv&fileName=IVV_holdings&dataType=fund,iShares IVV holdings
V,VISA INC CLASS A,Financials,Equity,7041741065.04,0.84,7041741065.04,21833502.0,322.52,United States,NYSE,USD,1.0,USD,-,V,2026-05-14,https://www.ishares.com/us/products/239726/ishares-core-sp-500-etf/1467271812596.ajax?fileType=csv&fileName=IVV_holdings&dataType=fund,iShares IVV holdings
COST,COSTCO WHOLESALE CORP,Consumer Staples,Equity,6002624031.25,0.72,6002624031.25,5764825.0,1041.25,United States,NASDAQ,USD,1.0,USD,-,COST,2026-05-14,https://www.ishares.com/us/products/239726/ishares-core-sp-500-etf/1467271812596.ajax?fileType=csv&fileName=IVV_holdings&dataType=fund,iShares IVV holdings
CSCO,CISCO SYSTEMS INC,Information Technology,Equity,5928490805.88,0.71,5928490805.88,51315596.0,115.53,United States,NASDAQ,USD,1.0,USD,-,CSCO,2026-05-14,https://www.ishares.com/us/products/239726/ishares-core-sp-500-etf/1467271812596.ajax?fileType=csv&fileName=IVV_holdings&dataType=fund,iShares IVV holdings
CAT,CATERPILLAR INC,Industrials,Equity,5560952955.18,0.67,5560952955.18,6043069.0,920.22,United States,NYSE,USD,1.0,USD,-,CAT,2026-05-14,https://www.ishares.com/us/products/239726/ishares-core-sp-500-etf/1467271812596.ajax?fileType=csv&fileName=IVV_holdings&dataType=fund,iShares IVV holdings
MA,MASTERCARD INC CLASS A,Financials,Equity,5182149273.4,0.62,5182149273.4,10577110.0,489.94,United States,NYSE,USD,1.0,USD,-,MA,2026-05-14,https://www.ishares.com/us/products/239726/ishares-core-sp-500-etf/1467271812596.ajax?fileType=csv&fileName=IVV_holdings&dataType=fund,iShares IVV holdings
LRCX,LAM RESEARCH CORP,Information Technology,Equity,4851816925.4,0.58,4851816925.4,16218676.0,299.15,United States,NASDAQ,USD,1.0,USD,-,LRCX,2026-05-14,https://www.ishares.com/us/products/239726/ishares-core-sp-500-etf/1467271812596.ajax?fileType=csv&fileName=IVV_holdings&dataType=fund,iShares IVV holdings
ABBV,ABBVIE INC,Health Care,Equity,4838083712.56,0.58,4838083712.56,22954328.0,210.77,United States,NYSE,USD,1.0,USD,-,ABBV,2026-05-14,https://www.ishares.com/us/products/239726/ishares-core-sp-500-etf/1467271812596.ajax?fileType=csv&fileName=IVV_holdings&dataType=fund,iShares IVV holdings
